source_bundle,source_zip,original_path,basename,normalized_name,size_bytes,sha256,duplicate_count,action,canonical_source,canonical_path,represented_in_CAL05a,CAL05a_path
Chat1,Chat1=leaseos=allfiles=sep14.zip,LEASEOS_ASSISTANT_WIRING-3.md,LEASEOS_ASSISTANT_WIRING-3.md,LEASEOS_ASSISTANT_WIRING.md,3896,b9e14d058b95cbcd36c288565d11660b41d54163426e0a98fb9e436a3396eeca,2,KEEP_CANONICAL,Chat1,LEASEOS_ASSISTANT_WIRING-3.md,yes,LEASEOS_ASSISTANT_WIRING.md
Chat1,Chat1=leaseos=allfiles=sep14.zip,LEASEOS_ASSISTANT_WIRING-4.md,LEASEOS_ASSISTANT_WIRING-4.md,LEASEOS_ASSISTANT_WIRING.md,3896,b9e14d058b95cbcd36c288565d11660b41d54163426e0a98fb9e436a3396eeca,2,DROP_EXACT_DUPLICATE,Chat1,LEASEOS_ASSISTANT_WIRING-3.md,yes,LEASEOS_ASSISTANT_WIRING.md
Chat1,Chat1=leaseos=allfiles=sep14.zip,LEASEOS_ASSISTANT_ENGINE-2.md,LEASEOS_ASSISTANT_ENGINE-2.md,LEASEOS_ASSISTANT_ENGINE.md,4937,16c320de046162cd84395980a3c6e25842dc4598cce54c2ec6742241be7102a3,2,KEEP_CANONICAL,Chat1,LEASEOS_ASSISTANT_ENGINE-2.md,yes,LEASEOS_ASSISTANT_ENGINE.md
Chat1,Chat1=leaseos=allfiles=sep14.zip,LEASEOS_ASSISTANT_ENGINE-3.md,LEASEOS_ASSISTANT_ENGINE-3.md,LEASEOS_ASSISTANT_ENGINE.md,4937,16c320de046162cd84395980a3c6e25842dc4598cce54c2ec6742241be7102a3,2,DROP_EXACT_DUPLICATE,Chat1,LEASEOS_ASSISTANT_ENGINE-2.md,yes,LEASEOS_ASSISTANT_ENGINE.md
Chat1,Chat1=leaseos=allfiles=sep14.zip,LEASEOS_BRANCH_RECONCILIATION-1.md,LEASEOS_BRANCH_RECONCILIATION-1.md,LEASEOS_BRANCH_RECONCILIATION.md,5009,8ece29acc8b0eab62ab381885f2fb8799524321d1469e70c9fcb0c040f2e8920,2,DROP_EXACT_DUPLICATE,Chat1,LEASEOS_BRANCH_RECONCILIATION.md,yes,LEASEOS_BRANCH_RECONCILIATION.md
Chat1,Chat1=leaseos=allfiles=sep14.zip,LEASEOS_BRANCH_RECONCILIATION.md,LEASEOS_BRANCH_RECONCILIATION.md,LEASEOS_BRANCH_RECONCILIATION.md,5009,8ece29acc8b0eab62ab381885f2fb8799524321d1469e70c9fcb0c040f2e8920,2,KEEP_CANONICAL,Chat1,LEASEOS_BRANCH_RECONCILIATION.md,yes,LEASEOS_BRANCH_RECONCILIATION.md
Chat1,Chat1=leaseos=allfiles=sep14.zip,LEASEOS_B19_END_TO_END-1.md,LEASEOS_B19_END_TO_END-1.md,LEASEOS_B19_END_TO_END.md,5147,ff78b46bb1f4f8bd12563d73b6b2772359b44f703bd1044ecdd014f0ad287f3d,2,DROP_EXACT_DUPLICATE,Chat1,LEASEOS_B19_END_TO_END.md,yes,LEASEOS_B19_END_TO_END.md
Chat1,Chat1=leaseos=allfiles=sep14.zip,LEASEOS_B19_END_TO_END.md,LEASEOS_B19_END_TO_END.md,LEASEOS_B19_END_TO_END.md,5147,ff78b46bb1f4f8bd12563d73b6b2772359b44f703bd1044ecdd014f0ad287f3d,2,KEEP_CANONICAL,Chat1,LEASEOS_B19_END_TO_END.md,yes,LEASEOS_B19_END_TO_END.md
Chat1,Chat1=leaseos=allfiles=sep14.zip,LEASEOS_B16_CI_DATABASE-1.md,LEASEOS_B16_CI_DATABASE-1.md,LEASEOS_B16_CI_DATABASE.md,5580,3149372956f14f6280763bef8ed6ade36aa2f49170e90c6789c7415d63b0e4df,2,KEEP_CANONICAL,Chat1,LEASEOS_B16_CI_DATABASE-1.md,yes,LEASEOS_B16_CI_DATABASE.md
Chat1,Chat1=leaseos=allfiles=sep14.zip,LEASEOS_B16_CI_DATABASE-2.md,LEASEOS_B16_CI_DATABASE-2.md,LEASEOS_B16_CI_DATABASE.md,5580,3149372956f14f6280763bef8ed6ade36aa2f49170e90c6789c7415d63b0e4df,2,DROP_EXACT_DUPLICATE,Chat1,LEASEOS_B16_CI_DATABASE-1.md,yes,LEASEOS_B16_CI_DATABASE.md
Chat1,Chat1=leaseos=allfiles=sep14.zip,LEASEOS_B18_BILLING_ADJUSTMENTS-1.md,LEASEOS_B18_BILLING_ADJUSTMENTS-1.md,LEASEOS_B18_BILLING_ADJUSTMENTS.md,5661,894d2d6f33a38753c1829de356e2ea3d3f95afd89aba24b4ed058a2a3f93a917,2,DROP_EXACT_DUPLICATE,Chat1,LEASEOS_B18_BILLING_ADJUSTMENTS.md,yes,LEASEOS_B18_BILLING_ADJUSTMENTS.md
Chat1,Chat1=leaseos=allfiles=sep14.zip,LEASEOS_B18_BILLING_ADJUSTMENTS.md,LEASEOS_B18_BILLING_ADJUSTMENTS.md,LEASEOS_B18_BILLING_ADJUSTMENTS.md,5661,894d2d6f33a38753c1829de356e2ea3d3f95afd89aba24b4ed058a2a3f93a917,2,KEEP_CANONICAL,Chat1,LEASEOS_B18_BILLING_ADJUSTMENTS.md,yes,LEASEOS_B18_BILLING_ADJUSTMENTS.md
Chat1,Chat1=leaseos=allfiles=sep14.zip,LEASEOS_B17_1_PRODUCTION_WIRING-1.md,LEASEOS_B17_1_PRODUCTION_WIRING-1.md,LEASEOS_B17_1_PRODUCTION_WIRING.md,6009,b8c057c46268f209473a6fed2ab24c6a65dd321a14593b07dd4290f6f4a65a97,2,DROP_EXACT_DUPLICATE,Chat1,LEASEOS_B17_1_PRODUCTION_WIRING.md,yes,LEASEOS_B17_1_PRODUCTION_WIRING.md
Chat1,Chat1=leaseos=allfiles=sep14.zip,LEASEOS_B17_1_PRODUCTION_WIRING.md,LEASEOS_B17_1_PRODUCTION_WIRING.md,LEASEOS_B17_1_PRODUCTION_WIRING.md,6009,b8c057c46268f209473a6fed2ab24c6a65dd321a14593b07dd4290f6f4a65a97,2,KEEP_CANONICAL,Chat1,LEASEOS_B17_1_PRODUCTION_WIRING.md,yes,LEASEOS_B17_1_PRODUCTION_WIRING.md
Chat1,Chat1=leaseos=allfiles=sep14.zip,LEASEOS_B17_WORKFLOW_CORE-1.md,LEASEOS_B17_WORKFLOW_CORE-1.md,LEASEOS_B17_WORKFLOW_CORE.md,6308,56891b3395f085203ad18cd45149ad33e64fe42ac06b8861f2c554b3ff0ee67e,2,KEEP_CANONICAL,Chat1,LEASEOS_B17_WORKFLOW_CORE-1.md,yes,LEASEOS_B17_WORKFLOW_CORE.md
Chat1,Chat1=leaseos=allfiles=sep14.zip,LEASEOS_B17_WORKFLOW_CORE-2.md,LEASEOS_B17_WORKFLOW_CORE-2.md,LEASEOS_B17_WORKFLOW_CORE.md,6308,56891b3395f085203ad18cd45149ad33e64fe42ac06b8861f2c554b3ff0ee67e,2,DROP_EXACT_DUPLICATE,Chat1,LEASEOS_B17_WORKFLOW_CORE-1.md,yes,LEASEOS_B17_WORKFLOW_CORE.md
Chat1,Chat1=leaseos=allfiles=sep14.zip,LEASEOS_B13_DATA_GOVERNANCE-2.md,LEASEOS_B13_DATA_GOVERNANCE-2.md,LEASEOS_B13_DATA_GOVERNANCE.md,7492,aff1a2fae656f5bd2915ed9127531d713d5af894976ccb4d4229375f8e83879d,2,KEEP_CANONICAL,Chat1,LEASEOS_B13_DATA_GOVERNANCE-2.md,yes,LEASEOS_B13_DATA_GOVERNANCE.md
Chat1,Chat1=leaseos=allfiles=sep14.zip,LEASEOS_B13_DATA_GOVERNANCE-3.md,LEASEOS_B13_DATA_GOVERNANCE-3.md,LEASEOS_B13_DATA_GOVERNANCE.md,7492,aff1a2fae656f5bd2915ed9127531d713d5af894976ccb4d4229375f8e83879d,2,DROP_EXACT_DUPLICATE,Chat1,LEASEOS_B13_DATA_GOVERNANCE-2.md,yes,LEASEOS_B13_DATA_GOVERNANCE.md
Chat1,Chat1=leaseos=allfiles=sep14.zip,LEASEOS_DESIGN_SYSTEM-2.md,LEASEOS_DESIGN_SYSTEM-2.md,LEASEOS_DESIGN_SYSTEM.md,7494,8cb911299f820d77463ee37cbff2e43a5c2d13d8e7d859f2052c2d89fb0090f4,2,KEEP_CANONICAL,Chat1,LEASEOS_DESIGN_SYSTEM-2.md,yes,LEASEOS_DESIGN_SYSTEM.md
Chat1,Chat1=leaseos=allfiles=sep14.zip,LEASEOS_DESIGN_SYSTEM-3.md,LEASEOS_DESIGN_SYSTEM-3.md,LEASEOS_DESIGN_SYSTEM.md,7494,8cb911299f820d77463ee37cbff2e43a5c2d13d8e7d859f2052c2d89fb0090f4,2,DROP_EXACT_DUPLICATE,Chat1,LEASEOS_DESIGN_SYSTEM-2.md,yes,LEASEOS_DESIGN_SYSTEM.md
Chat1,Chat1=leaseos=allfiles=sep14.zip,LEASEOS_B12_ROUTING_EVIDENCE-2.md,LEASEOS_B12_ROUTING_EVIDENCE-2.md,LEASEOS_B12_ROUTING_EVIDENCE.md,7563,97c9a3928e8d91aface5541505dd0f8789138ab1ad1be5fb460112f2931d9c4b,2,KEEP_CANONICAL,Chat1,LEASEOS_B12_ROUTING_EVIDENCE-2.md,yes,LEASEOS_B12_ROUTING_EVIDENCE.md
Chat1,Chat1=leaseos=allfiles=sep14.zip,LEASEOS_B12_ROUTING_EVIDENCE-3.md,LEASEOS_B12_ROUTING_EVIDENCE-3.md,LEASEOS_B12_ROUTING_EVIDENCE.md,7563,97c9a3928e8d91aface5541505dd0f8789138ab1ad1be5fb460112f2931d9c4b,2,DROP_EXACT_DUPLICATE,Chat1,LEASEOS_B12_ROUTING_EVIDENCE-2.md,yes,LEASEOS_B12_ROUTING_EVIDENCE.md
Chat1,Chat1=leaseos=allfiles=sep14.zip,LEASEOS_B14_DISPATCH-2.md,LEASEOS_B14_DISPATCH-2.md,LEASEOS_B14_DISPATCH.md,8235,3083f073bbf61cb29b6a090069ec105370632d6e60f16ede205235c91d2f9f28,2,KEEP_CANONICAL,Chat1,LEASEOS_B14_DISPATCH-2.md,yes,LEASEOS_B14_DISPATCH.md
Chat1,Chat1=leaseos=allfiles=sep14.zip,LEASEOS_B14_DISPATCH-3.md,LEASEOS_B14_DISPATCH-3.md,LEASEOS_B14_DISPATCH.md,8235,3083f073bbf61cb29b6a090069ec105370632d6e60f16ede205235c91d2f9f28,2,DROP_EXACT_DUPLICATE,Chat1,LEASEOS_B14_DISPATCH-2.md,yes,LEASEOS_B14_DISPATCH.md
Chat1,Chat1=leaseos=allfiles=sep14.zip,LEASEOS_B15_TRANSACTIONAL_DISPATCH-2.md,LEASEOS_B15_TRANSACTIONAL_DISPATCH-2.md,LEASEOS_B15_TRANSACTIONAL_DISPATCH.md,8479,8f66ea89bebb3a3634dbfb3243fbee40920e40d09c8d2d2362c26ac2a70c15d8,2,KEEP_CANONICAL,Chat1,LEASEOS_B15_TRANSACTIONAL_DISPATCH-2.md,yes,LEASEOS_B15_TRANSACTIONAL_DISPATCH.md
Chat1,Chat1=leaseos=allfiles=sep14.zip,LEASEOS_B15_TRANSACTIONAL_DISPATCH-3.md,LEASEOS_B15_TRANSACTIONAL_DISPATCH-3.md,LEASEOS_B15_TRANSACTIONAL_DISPATCH.md,8479,8f66ea89bebb3a3634dbfb3243fbee40920e40d09c8d2d2362c26ac2a70c15d8,2,DROP_EXACT_DUPLICATE,Chat1,LEASEOS_B15_TRANSACTIONAL_DISPATCH-2.md,yes,LEASEOS_B15_TRANSACTIONAL_DISPATCH.md
Chat1,Chat1=leaseos=allfiles=sep14.zip,LEASEOS_TAXONOMY_ROUTING-2.md,LEASEOS_TAXONOMY_ROUTING-2.md,LEASEOS_TAXONOMY_ROUTING.md,9070,3aca031bc9bddd5a396e3b659e95d2c9aea6bcda3fb16a7a8623ea38bc251f95,2,KEEP_CANONICAL,Chat1,LEASEOS_TAXONOMY_ROUTING-2.md,no,
Chat1,Chat1=leaseos=allfiles=sep14.zip,LEASEOS_TAXONOMY_ROUTING-3.md,LEASEOS_TAXONOMY_ROUTING-3.md,LEASEOS_TAXONOMY_ROUTING.md,9070,3aca031bc9bddd5a396e3b659e95d2c9aea6bcda3fb16a7a8623ea38bc251f95,2,DROP_EXACT_DUPLICATE,Chat1,LEASEOS_TAXONOMY_ROUTING-2.md,no,
Chat1,Chat1=leaseos=allfiles=sep14.zip,LEASEOS_BUILD_SPEC-2.md,LEASEOS_BUILD_SPEC-2.md,LEASEOS_BUILD_SPEC.md,10683,e36c1aa29bf650a5042e3fab972c6a4412fbd2480474154fa9020671e42dbd4b,2,KEEP_CANONICAL,Chat1,LEASEOS_BUILD_SPEC-2.md,no,
Chat1,Chat1=leaseos=allfiles=sep14.zip,LEASEOS_BUILD_SPEC-3.md,LEASEOS_BUILD_SPEC-3.md,LEASEOS_BUILD_SPEC.md,10683,e36c1aa29bf650a5042e3fab972c6a4412fbd2480474154fa9020671e42dbd4b,2,DROP_EXACT_DUPLICATE,Chat1,LEASEOS_BUILD_SPEC-2.md,no,
Chat1,Chat1=leaseos=allfiles=sep14.zip,LEASEOS_BUILD_PLAN-2.md,LEASEOS_BUILD_PLAN-2.md,LEASEOS_BUILD_PLAN.md,14282,c9927ca056aadccac975e1350463c3f792002a5580fc87dda945ecbf0b1bdfbe,2,KEEP_CANONICAL,Chat1,LEASEOS_BUILD_PLAN-2.md,no,
Chat1,Chat1=leaseos=allfiles=sep14.zip,LEASEOS_BUILD_PLAN-3.md,LEASEOS_BUILD_PLAN-3.md,LEASEOS_BUILD_PLAN.md,14282,c9927ca056aadccac975e1350463c3f792002a5580fc87dda945ecbf0b1bdfbe,2,DROP_EXACT_DUPLICATE,Chat1,LEASEOS_BUILD_PLAN-2.md,no,
Chat1,Chat1=leaseos=allfiles=sep14.zip,LEASEOS_BILLING_RECORDS_CHAIN-2.md,LEASEOS_BILLING_RECORDS_CHAIN-2.md,LEASEOS_BILLING_RECORDS_CHAIN.md,14977,db5e5c58a5917cd80a855fe19bcfdf2df0c762440934063fefab64440c79c9ad,2,KEEP_CANONICAL,Chat1,LEASEOS_BILLING_RECORDS_CHAIN-2.md,no,
Chat1,Chat1=leaseos=allfiles=sep14.zip,LEASEOS_BILLING_RECORDS_CHAIN-3.md,LEASEOS_BILLING_RECORDS_CHAIN-3.md,LEASEOS_BILLING_RECORDS_CHAIN.md,14977,db5e5c58a5917cd80a855fe19bcfdf2df0c762440934063fefab64440c79c9ad,2,DROP_EXACT_DUPLICATE,Chat1,LEASEOS_BILLING_RECORDS_CHAIN-2.md,no,
Chat1,Chat1=leaseos=allfiles=sep14.zip,LeaseOS_FieldRoute_ Technical and Licensing Landscape for a West.md,LeaseOS_FieldRoute_ Technical and Licensing Landscape for a West.md,LeaseOS_FieldRoute_ Technical and Licensing Landscape for a West.md,24978,cef033f663e6a1a72c1ed13c24754d1f4d5b008c391ea383231813c9eca84e8f,1,KEEP_CANONICAL,Chat1,LeaseOS_FieldRoute_ Technical and Licensing Landscape for a West.md,no,
Chat1,Chat1=leaseos=allfiles=sep14.zip,leaseos-assistant-app-3.html,leaseos-assistant-app-3.html,leaseos-assistant-app.html,34553,8e6a72d37285bc9c37c7afccb3bdb5e4584c9f0b1145c0b7bf80e44d4587be90,2,KEEP_CANONICAL,Chat1,leaseos-assistant-app-3.html,yes,leaseos-assistant-app.html
Chat1,Chat1=leaseos=allfiles=sep14.zip,leaseos-assistant-app-4.html,leaseos-assistant-app-4.html,leaseos-assistant-app.html,34553,8e6a72d37285bc9c37c7afccb3bdb5e4584c9f0b1145c0b7bf80e44d4587be90,2,DROP_EXACT_DUPLICATE,Chat1,leaseos-assistant-app-3.html,yes,leaseos-assistant-app.html
Chat1,Chat1=leaseos=allfiles=sep14.zip,leaseos-design-system-3.html,leaseos-design-system-3.html,leaseos-design-system.html,60704,a61cc049efd506846463b78c3cd1370d845f4ff8bf49dc3bd235133d76472e99,2,KEEP_CANONICAL,Chat1,leaseos-design-system-3.html,yes,leaseos-design-system.html
Chat1,Chat1=leaseos=allfiles=sep14.zip,leaseos-design-system-4.html,leaseos-design-system-4.html,leaseos-design-system.html,60704,a61cc049efd506846463b78c3cd1370d845f4ff8bf49dc3bd235133d76472e99,2,DROP_EXACT_DUPLICATE,Chat1,leaseos-design-system-3.html,yes,leaseos-design-system.html
Chat1,Chat1=leaseos=allfiles=sep14.zip,leaseos-prototype-3.html,leaseos-prototype-3.html,leaseos-prototype.html,98986,985733ac86c09b2e4b6bd889c3ce701dd47e9276417c20c01864bdec140198fe,2,KEEP_CANONICAL,Chat1,leaseos-prototype-3.html,yes,leaseos-prototype.html
Chat1,Chat1=leaseos=allfiles=sep14.zip,leaseos-prototype-4.html,leaseos-prototype-4.html,leaseos-prototype.html,98986,985733ac86c09b2e4b6bd889c3ce701dd47e9276417c20c01864bdec140198fe,2,DROP_EXACT_DUPLICATE,Chat1,leaseos-prototype-3.html,yes,leaseos-prototype.html
Chat1,Chat1=leaseos=allfiles=sep14.zip,leaseos-fieldroute-v20-1.zip,leaseos-fieldroute-v20-1.zip,leaseos-fieldroute-v20.zip,688304,849f58d3441c21c931b50b42510a61c15be193f2c583a94dff59544644e64bea,2,DROP_EXACT_DUPLICATE,Chat1,leaseos-fieldroute-v20.zip,no,
Chat1,Chat1=leaseos=allfiles=sep14.zip,leaseos-fieldroute-v20.zip,leaseos-fieldroute-v20.zip,leaseos-fieldroute-v20.zip,688304,849f58d3441c21c931b50b42510a61c15be193f2c583a94dff59544644e64bea,2,KEEP_CANONICAL,Chat1,leaseos-fieldroute-v20.zip,no,
Chat2,Chat2=leaseos=allfiles=sep14.zip,LEASEOS_B20_9_UNIVERSAL_PERMISSIONS-1.md,LEASEOS_B20_9_UNIVERSAL_PERMISSIONS-1.md,LEASEOS_B20_9_UNIVERSAL_PERMISSIONS.md,2137,dfce81f1178e50351f4e4514105e4388608906ccdce6a9d76daa1429d0c4cc9d,2,KEEP_CANONICAL,Chat2,LEASEOS_B20_9_UNIVERSAL_PERMISSIONS-1.md,yes,LEASEOS_B20_9_UNIVERSAL_PERMISSIONS.md
Chat2,Chat2=leaseos=allfiles=sep14.zip,LEASEOS_B20_9_UNIVERSAL_PERMISSIONS-2.md,LEASEOS_B20_9_UNIVERSAL_PERMISSIONS-2.md,LEASEOS_B20_9_UNIVERSAL_PERMISSIONS.md,2137,dfce81f1178e50351f4e4514105e4388608906ccdce6a9d76daa1429d0c4cc9d,2,DROP_EXACT_DUPLICATE,Chat2,LEASEOS_B20_9_UNIVERSAL_PERMISSIONS-1.md,yes,LEASEOS_B20_9_UNIVERSAL_PERMISSIONS.md
Chat2,Chat2=leaseos=allfiles=sep14.zip,LEASEOS_B22_4_SHADOWS_EVERYWHERE-1.md,LEASEOS_B22_4_SHADOWS_EVERYWHERE-1.md,LEASEOS_B22_4_SHADOWS_EVERYWHERE.md,2191,c2bfe8ed170c34e3aa473a843e56512ed95359d3e02faa05117fe7da45d4ed69,2,DROP_EXACT_DUPLICATE,Chat2,LEASEOS_B22_4_SHADOWS_EVERYWHERE.md,yes,LEASEOS_B22_4_SHADOWS_EVERYWHERE.md
Chat2,Chat2=leaseos=allfiles=sep14.zip,LEASEOS_B22_4_SHADOWS_EVERYWHERE.md,LEASEOS_B22_4_SHADOWS_EVERYWHERE.md,LEASEOS_B22_4_SHADOWS_EVERYWHERE.md,2191,c2bfe8ed170c34e3aa473a843e56512ed95359d3e02faa05117fe7da45d4ed69,2,KEEP_CANONICAL,Chat2,LEASEOS_B22_4_SHADOWS_EVERYWHERE.md,yes,LEASEOS_B22_4_SHADOWS_EVERYWHERE.md
Chat2,Chat2=leaseos=allfiles=sep14.zip,LEASEOS_B22_6_FUEL_RETIRED-1.md,LEASEOS_B22_6_FUEL_RETIRED-1.md,LEASEOS_B22_6_FUEL_RETIRED.md,2296,5fac404fe6c48c92eefd7ff844d6fc703cac4bdb549c182fc6da601f5a0d2092,2,DROP_EXACT_DUPLICATE,Chat2,LEASEOS_B22_6_FUEL_RETIRED.md,yes,LEASEOS_B22_6_FUEL_RETIRED.md
Chat2,Chat2=leaseos=allfiles=sep14.zip,LEASEOS_B22_6_FUEL_RETIRED.md,LEASEOS_B22_6_FUEL_RETIRED.md,LEASEOS_B22_6_FUEL_RETIRED.md,2296,5fac404fe6c48c92eefd7ff844d6fc703cac4bdb549c182fc6da601f5a0d2092,2,KEEP_CANONICAL,Chat2,LEASEOS_B22_6_FUEL_RETIRED.md,yes,LEASEOS_B22_6_FUEL_RETIRED.md
Chat2,Chat2=leaseos=allfiles=sep14.zip,LEASEOS_B22_5_FIRST_LEDGER_RETIRED-1.md,LEASEOS_B22_5_FIRST_LEDGER_RETIRED-1.md,LEASEOS_B22_5_FIRST_LEDGER_RETIRED.md,2579,cf7e9b953be8f654cf6ebe2074a3ea03377874b0931b4bbfaaf01da0490af976,2,DROP_EXACT_DUPLICATE,Chat2,LEASEOS_B22_5_FIRST_LEDGER_RETIRED.md,yes,LEASEOS_B22_5_FIRST_LEDGER_RETIRED.md
Chat2,Chat2=leaseos=allfiles=sep14.zip,LEASEOS_B22_5_FIRST_LEDGER_RETIRED.md,LEASEOS_B22_5_FIRST_LEDGER_RETIRED.md,LEASEOS_B22_5_FIRST_LEDGER_RETIRED.md,2579,cf7e9b953be8f654cf6ebe2074a3ea03377874b0931b4bbfaaf01da0490af976,2,KEEP_CANONICAL,Chat2,LEASEOS_B22_5_FIRST_LEDGER_RETIRED.md,yes,LEASEOS_B22_5_FIRST_LEDGER_RETIRED.md
Chat2,Chat2=leaseos=allfiles=sep14.zip,LEASEOS_B22_12_SETUP_WIZARD-1.md,LEASEOS_B22_12_SETUP_WIZARD-1.md,LEASEOS_B22_12_SETUP_WIZARD.md,2877,796d7de59d0f67c821eb219d96f2077e0973bb145a554231a36f78286b4c27bb,3,DROP_EXACT_DUPLICATE,Chat2,LEASEOS_B22_12_SETUP_WIZARD.md,yes,LEASEOS_B22_12_SETUP_WIZARD.md
Chat2,Chat2=leaseos=allfiles=sep14.zip,LEASEOS_B22_12_SETUP_WIZARD-2.md,LEASEOS_B22_12_SETUP_WIZARD-2.md,LEASEOS_B22_12_SETUP_WIZARD.md,2877,796d7de59d0f67c821eb219d96f2077e0973bb145a554231a36f78286b4c27bb,3,DROP_EXACT_DUPLICATE,Chat2,LEASEOS_B22_12_SETUP_WIZARD.md,yes,LEASEOS_B22_12_SETUP_WIZARD.md
Chat2,Chat2=leaseos=allfiles=sep14.zip,LEASEOS_B22_12_SETUP_WIZARD.md,LEASEOS_B22_12_SETUP_WIZARD.md,LEASEOS_B22_12_SETUP_WIZARD.md,2877,796d7de59d0f67c821eb219d96f2077e0973bb145a554231a36f78286b4c27bb,3,KEEP_CANONICAL,Chat2,LEASEOS_B22_12_SETUP_WIZARD.md,yes,LEASEOS_B22_12_SETUP_WIZARD.md
Chat2,Chat2=leaseos=allfiles=sep14.zip,LEASEOS_B22_11_CREDITS_VOIDS-1.md,LEASEOS_B22_11_CREDITS_VOIDS-1.md,LEASEOS_B22_11_CREDITS_VOIDS.md,3054,a9383ef1748ea13bda288fd5ceb3ff213086225bc9a8f95bacfc92eed37b22c4,2,DROP_EXACT_DUPLICATE,Chat2,LEASEOS_B22_11_CREDITS_VOIDS.md,yes,LEASEOS_B22_11_CREDITS_VOIDS.md
Chat2,Chat2=leaseos=allfiles=sep14.zip,LEASEOS_B22_11_CREDITS_VOIDS.md,LEASEOS_B22_11_CREDITS_VOIDS.md,LEASEOS_B22_11_CREDITS_VOIDS.md,3054,a9383ef1748ea13bda288fd5ceb3ff213086225bc9a8f95bacfc92eed37b22c4,2,KEEP_CANONICAL,Chat2,LEASEOS_B22_11_CREDITS_VOIDS.md,yes,LEASEOS_B22_11_CREDITS_VOIDS.md
Chat2,Chat2=leaseos=allfiles=sep14.zip,LEASEOS_B21_17_COMMERCIAL_PROJECTS-1.md,LEASEOS_B21_17_COMMERCIAL_PROJECTS-1.md,LEASEOS_B21_17_COMMERCIAL_PROJECTS.md,3372,a2e558278788dfc0a3b18c97f4d6b9fc8096a09d7c00806ec437be1fb7d73cfa,2,DROP_EXACT_DUPLICATE,Chat2,LEASEOS_B21_17_COMMERCIAL_PROJECTS.md,yes,LEASEOS_B21_17_COMMERCIAL_PROJECTS.md
Chat2,Chat2=leaseos=allfiles=sep14.zip,LEASEOS_B21_17_COMMERCIAL_PROJECTS.md,LEASEOS_B21_17_COMMERCIAL_PROJECTS.md,LEASEOS_B21_17_COMMERCIAL_PROJECTS.md,3372,a2e558278788dfc0a3b18c97f4d6b9fc8096a09d7c00806ec437be1fb7d73cfa,2,KEEP_CANONICAL,Chat2,LEASEOS_B21_17_COMMERCIAL_PROJECTS.md,yes,LEASEOS_B21_17_COMMERCIAL_PROJECTS.md
Chat2,Chat2=leaseos=allfiles=sep14.zip,LEASEOS_B21_20_WORKFORCE-1.md,LEASEOS_B21_20_WORKFORCE-1.md,LEASEOS_B21_20_WORKFORCE.md,3384,cac35bcf11f836e88cf8b567878aace6a3d7df84d611e305cd001da933334fa9,2,DROP_EXACT_DUPLICATE,Chat2,LEASEOS_B21_20_WORKFORCE.md,yes,LEASEOS_B21_20_WORKFORCE.md
Chat2,Chat2=leaseos=allfiles=sep14.zip,LEASEOS_B21_20_WORKFORCE.md,LEASEOS_B21_20_WORKFORCE.md,LEASEOS_B21_20_WORKFORCE.md,3384,cac35bcf11f836e88cf8b567878aace6a3d7df84d611e305cd001da933334fa9,2,KEEP_CANONICAL,Chat2,LEASEOS_B21_20_WORKFORCE.md,yes,LEASEOS_B21_20_WORKFORCE.md
Chat2,Chat2=leaseos=allfiles=sep14.zip,LEASEOS_B22_8_LINES_PRICED-1.md,LEASEOS_B22_8_LINES_PRICED-1.md,LEASEOS_B22_8_LINES_PRICED.md,3460,735cf4742624967dec5b03566c07606c23017155279b65b350060a430aaad750,2,DROP_EXACT_DUPLICATE,Chat2,LEASEOS_B22_8_LINES_PRICED.md,yes,LEASEOS_B22_8_LINES_PRICED.md
Chat2,Chat2=leaseos=allfiles=sep14.zip,LEASEOS_B22_8_LINES_PRICED.md,LEASEOS_B22_8_LINES_PRICED.md,LEASEOS_B22_8_LINES_PRICED.md,3460,735cf4742624967dec5b03566c07606c23017155279b65b350060a430aaad750,2,KEEP_CANONICAL,Chat2,LEASEOS_B22_8_LINES_PRICED.md,yes,LEASEOS_B22_8_LINES_PRICED.md
Chat2,Chat2=leaseos=allfiles=sep14.zip,LEASEOS_B22_10_INVOICE_TO_CUSTOMER-1.md,LEASEOS_B22_10_INVOICE_TO_CUSTOMER-1.md,LEASEOS_B22_10_INVOICE_TO_CUSTOMER.md,3492,b1bf177fbfe1fa49218508aa10f17bce48ab773812127cd85d74e4f69713c349,2,DROP_EXACT_DUPLICATE,Chat2,LEASEOS_B22_10_INVOICE_TO_CUSTOMER.md,yes,LEASEOS_B22_10_INVOICE_TO_CUSTOMER.md
Chat2,Chat2=leaseos=allfiles=sep14.zip,LEASEOS_B22_10_INVOICE_TO_CUSTOMER.md,LEASEOS_B22_10_INVOICE_TO_CUSTOMER.md,LEASEOS_B22_10_INVOICE_TO_CUSTOMER.md,3492,b1bf177fbfe1fa49218508aa10f17bce48ab773812127cd85d74e4f69713c349,2,KEEP_CANONICAL,Chat2,LEASEOS_B22_10_INVOICE_TO_CUSTOMER.md,yes,LEASEOS_B22_10_INVOICE_TO_CUSTOMER.md
Chat2,Chat2=leaseos=allfiles=sep14.zip,LEASEOS_B22_2_TERMS_COMPLETE-1.md,LEASEOS_B22_2_TERMS_COMPLETE-1.md,LEASEOS_B22_2_TERMS_COMPLETE.md,3529,bf2008f7e865808c0bff6506a495f284f8431ca23e0466b71f95c9cd5306ce53,2,DROP_EXACT_DUPLICATE,Chat2,LEASEOS_B22_2_TERMS_COMPLETE.md,yes,LEASEOS_B22_2_TERMS_COMPLETE.md
Chat2,Chat2=leaseos=allfiles=sep14.zip,LEASEOS_B22_2_TERMS_COMPLETE.md,LEASEOS_B22_2_TERMS_COMPLETE.md,LEASEOS_B22_2_TERMS_COMPLETE.md,3529,bf2008f7e865808c0bff6506a495f284f8431ca23e0466b71f95c9cd5306ce53,2,KEEP_CANONICAL,Chat2,LEASEOS_B22_2_TERMS_COMPLETE.md,yes,LEASEOS_B22_2_TERMS_COMPLETE.md
Chat2,Chat2=leaseos=allfiles=sep14.zip,LEASEOS_B22_3_MONEY_PRECISION-1.md,LEASEOS_B22_3_MONEY_PRECISION-1.md,LEASEOS_B22_3_MONEY_PRECISION.md,3676,7b43a8b8aa70540c4556b37eb579d92ad685966aa7aca16ab43dba06f73ecc00,2,DROP_EXACT_DUPLICATE,Chat2,LEASEOS_B22_3_MONEY_PRECISION.md,yes,LEASEOS_B22_3_MONEY_PRECISION.md
Chat2,Chat2=leaseos=allfiles=sep14.zip,LEASEOS_B22_3_MONEY_PRECISION.md,LEASEOS_B22_3_MONEY_PRECISION.md,LEASEOS_B22_3_MONEY_PRECISION.md,3676,7b43a8b8aa70540c4556b37eb579d92ad685966aa7aca16ab43dba06f73ecc00,2,KEEP_CANONICAL,Chat2,LEASEOS_B22_3_MONEY_PRECISION.md,yes,LEASEOS_B22_3_MONEY_PRECISION.md
Chat2,Chat2=leaseos=allfiles=sep14.zip,LEASEOS_B21_21_AUDIT_PACKAGES-1.md,LEASEOS_B21_21_AUDIT_PACKAGES-1.md,LEASEOS_B21_21_AUDIT_PACKAGES.md,3705,acc696118dae0bba6feca6026fe8105f437e87dd2d9289d4a04c440d91f55fe4,2,DROP_EXACT_DUPLICATE,Chat2,LEASEOS_B21_21_AUDIT_PACKAGES.md,yes,LEASEOS_B21_21_AUDIT_PACKAGES.md
Chat2,Chat2=leaseos=allfiles=sep14.zip,LEASEOS_B21_21_AUDIT_PACKAGES.md,LEASEOS_B21_21_AUDIT_PACKAGES.md,LEASEOS_B21_21_AUDIT_PACKAGES.md,3705,acc696118dae0bba6feca6026fe8105f437e87dd2d9289d4a04c440d91f55fe4,2,KEEP_CANONICAL,Chat2,LEASEOS_B21_21_AUDIT_PACKAGES.md,yes,LEASEOS_B21_21_AUDIT_PACKAGES.md
Chat2,Chat2=leaseos=allfiles=sep14.zip,LEASEOS_B22_1_CONTRACT_TERMS-1.md,LEASEOS_B22_1_CONTRACT_TERMS-1.md,LEASEOS_B22_1_CONTRACT_TERMS.md,3888,c46c669abeb96570a146883803ba66d517bcd480a85efd19a486920814289933,2,DROP_EXACT_DUPLICATE,Chat2,LEASEOS_B22_1_CONTRACT_TERMS.md,yes,LEASEOS_B22_1_CONTRACT_TERMS.md
Chat2,Chat2=leaseos=allfiles=sep14.zip,LEASEOS_B22_1_CONTRACT_TERMS.md,LEASEOS_B22_1_CONTRACT_TERMS.md,LEASEOS_B22_1_CONTRACT_TERMS.md,3888,c46c669abeb96570a146883803ba66d517bcd480a85efd19a486920814289933,2,KEEP_CANONICAL,Chat2,LEASEOS_B22_1_CONTRACT_TERMS.md,yes,LEASEOS_B22_1_CONTRACT_TERMS.md
Chat2,Chat2=leaseos=allfiles=sep14.zip,LEASEOS_B21_18_INTEGRATION_GATEWAY-1.md,LEASEOS_B21_18_INTEGRATION_GATEWAY-1.md,LEASEOS_B21_18_INTEGRATION_GATEWAY.md,3913,86f08bbe42b6789378276fcf8e5d1ffdf0c9cf84f7eac9c61eb2d771595d1262,2,DROP_EXACT_DUPLICATE,Chat2,LEASEOS_B21_18_INTEGRATION_GATEWAY.md,yes,LEASEOS_B21_18_INTEGRATION_GATEWAY.md
Chat2,Chat2=leaseos=allfiles=sep14.zip,LEASEOS_B21_18_INTEGRATION_GATEWAY.md,LEASEOS_B21_18_INTEGRATION_GATEWAY.md,LEASEOS_B21_18_INTEGRATION_GATEWAY.md,3913,86f08bbe42b6789378276fcf8e5d1ffdf0c9cf84f7eac9c61eb2d771595d1262,2,KEEP_CANONICAL,Chat2,LEASEOS_B21_18_INTEGRATION_GATEWAY.md,yes,LEASEOS_B21_18_INTEGRATION_GATEWAY.md
Chat2,Chat2=leaseos=allfiles=sep14.zip,LEASEOS_B21_13_CUSTOMER_LIVE_VIEW-2.md,LEASEOS_B21_13_CUSTOMER_LIVE_VIEW-2.md,LEASEOS_B21_13_CUSTOMER_LIVE_VIEW.md,3971,69e3198f21f36127bb0c9f12eeeb0f38aadd859eea8e0a322861cfbb5608af4e,1,KEEP_CANONICAL,Chat2,LEASEOS_B21_13_CUSTOMER_LIVE_VIEW-2.md,yes,LEASEOS_B21_13_CUSTOMER_LIVE_VIEW.md
Chat2,Chat2=leaseos=allfiles=sep14.zip,LEASEOS_B21_16_CAPITAL_ASSETS.md,LEASEOS_B21_16_CAPITAL_ASSETS.md,LEASEOS_B21_16_CAPITAL_ASSETS.md,4085,68aec1b18b85e82a7560c058d498c6303609989bbc20a51749656e3174b1d93b,1,KEEP_CANONICAL,Chat2,LEASEOS_B21_16_CAPITAL_ASSETS.md,yes,LEASEOS_B21_16_CAPITAL_ASSETS.md
Chat2,Chat2=leaseos=allfiles=sep14.zip,LEASEOS_B22_9_INVOICE_PATH-1.md,LEASEOS_B22_9_INVOICE_PATH-1.md,LEASEOS_B22_9_INVOICE_PATH.md,4113,1c04f0fff9a3cc76616967a3d049fae3abe608f92ea3df98b80922766a1945ec,2,DROP_EXACT_DUPLICATE,Chat2,LEASEOS_B22_9_INVOICE_PATH.md,yes,LEASEOS_B22_9_INVOICE_PATH.md
Chat2,Chat2=leaseos=allfiles=sep14.zip,LEASEOS_B22_9_INVOICE_PATH.md,LEASEOS_B22_9_INVOICE_PATH.md,LEASEOS_B22_9_INVOICE_PATH.md,4113,1c04f0fff9a3cc76616967a3d049fae3abe608f92ea3df98b80922766a1945ec,2,KEEP_CANONICAL,Chat2,LEASEOS_B22_9_INVOICE_PATH.md,yes,LEASEOS_B22_9_INVOICE_PATH.md
Chat2,Chat2=leaseos=allfiles=sep14.zip,LEASEOS_B21_9_BANK_AND_AR-1.md,LEASEOS_B21_9_BANK_AND_AR-1.md,LEASEOS_B21_9_BANK_AND_AR.md,4123,a4e1037c310328483fae2b6aac0745eb5c41b25fc892ecbb6c04e5e22ada94e5,1,KEEP_CANONICAL,Chat2,LEASEOS_B21_9_BANK_AND_AR-1.md,yes,LEASEOS_B21_9_BANK_AND_AR.md
Chat2,Chat2=leaseos=allfiles=sep14.zip,LEASEOS_B21_19_TELEMATICS-1.md,LEASEOS_B21_19_TELEMATICS-1.md,LEASEOS_B21_19_TELEMATICS.md,4308,04052279c7e37cbe7184198af0062a75c3e673df1ed900de52b6d435a722e13e,2,DROP_EXACT_DUPLICATE,Chat2,LEASEOS_B21_19_TELEMATICS.md,yes,LEASEOS_B21_19_TELEMATICS.md
Chat2,Chat2=leaseos=allfiles=sep14.zip,LEASEOS_B21_19_TELEMATICS.md,LEASEOS_B21_19_TELEMATICS.md,LEASEOS_B21_19_TELEMATICS.md,4308,04052279c7e37cbe7184198af0062a75c3e673df1ed900de52b6d435a722e13e,2,KEEP_CANONICAL,Chat2,LEASEOS_B21_19_TELEMATICS.md,yes,LEASEOS_B21_19_TELEMATICS.md
Chat2,Chat2=leaseos=allfiles=sep14.zip,LEASEOS_B21_8_GST_HST.md,LEASEOS_B21_8_GST_HST.md,LEASEOS_B21_8_GST_HST.md,4336,8ecd1197ba998c0ed09caf0bc8924d0c78c5dbf88b5648576a4de621ad004f50,1,KEEP_CANONICAL,Chat2,LEASEOS_B21_8_GST_HST.md,yes,LEASEOS_B21_8_GST_HST.md
Chat2,Chat2=leaseos=allfiles=sep14.zip,LEASEOS_B21_4_BULK_FUEL_STATEMENTS.md,LEASEOS_B21_4_BULK_FUEL_STATEMENTS.md,LEASEOS_B21_4_BULK_FUEL_STATEMENTS.md,4419,3b53ac59d79805c0ea7d6ebb44763ce19d43017aabc7c77d269d01bb51203b04,1,KEEP_CANONICAL,Chat2,LEASEOS_B21_4_BULK_FUEL_STATEMENTS.md,yes,LEASEOS_B21_4_BULK_FUEL_STATEMENTS.md
Chat2,Chat2=leaseos=allfiles=sep14.zip,LEASEOS_B21_15_FLEET_SHOP.md,LEASEOS_B21_15_FLEET_SHOP.md,LEASEOS_B21_15_FLEET_SHOP.md,4462,53dd4797bcd27d00c3bf867257883a4f895637fc2e86a0966a34d648aeb6ace7,1,KEEP_CANONICAL,Chat2,LEASEOS_B21_15_FLEET_SHOP.md,yes,LEASEOS_B21_15_FLEET_SHOP.md
Chat2,Chat2=leaseos=allfiles=sep14.zip,LEASEOS_B21_7_PORTAL_EXPERIENCE.md,LEASEOS_B21_7_PORTAL_EXPERIENCE.md,LEASEOS_B21_7_PORTAL_EXPERIENCE.md,4479,c9b3737c1a49281e3627fb0bc581347aa231d3a6853e7eecaa95bd7a628137cc,1,KEEP_CANONICAL,Chat2,LEASEOS_B21_7_PORTAL_EXPERIENCE.md,yes,LEASEOS_B21_7_PORTAL_EXPERIENCE.md
Chat2,Chat2=leaseos=allfiles=sep14.zip,LEASEOS_B22_16_ROUTING_GRAPH-1.md,LEASEOS_B22_16_ROUTING_GRAPH-1.md,LEASEOS_B22_16_ROUTING_GRAPH.md,4698,d4ec52d9ec5e61054c626cf418ddeaa8161a0fe1f96f412401c3d485fe156c6b,2,KEEP_CANONICAL,Chat2,LEASEOS_B22_16_ROUTING_GRAPH-1.md,yes,LEASEOS_B22_16_ROUTING_GRAPH.md
Chat2,Chat2=leaseos=allfiles=sep14.zip,LEASEOS_B22_16_ROUTING_GRAPH-2.md,LEASEOS_B22_16_ROUTING_GRAPH-2.md,LEASEOS_B22_16_ROUTING_GRAPH.md,4698,d4ec52d9ec5e61054c626cf418ddeaa8161a0fe1f96f412401c3d485fe156c6b,2,DROP_EXACT_DUPLICATE,Chat2,LEASEOS_B22_16_ROUTING_GRAPH-1.md,yes,LEASEOS_B22_16_ROUTING_GRAPH.md
Chat2,Chat2=leaseos=allfiles=sep14.zip,LEASEOS_B21_9_1_INTEGRITY_HOTFIX.md,LEASEOS_B21_9_1_INTEGRITY_HOTFIX.md,LEASEOS_B21_9_1_INTEGRITY_HOTFIX.md,4845,e591c8fe371c14f793e7a7bbf89f94ede2e50bc384e98efb3292daeb51cf1427,1,KEEP_CANONICAL,Chat2,LEASEOS_B21_9_1_INTEGRITY_HOTFIX.md,yes,LEASEOS_B21_9_1_INTEGRITY_HOTFIX.md
Chat2,Chat2=leaseos=allfiles=sep14.zip,LEASEOS_B21_5_PERIOD_CLOSE-1.md,LEASEOS_B21_5_PERIOD_CLOSE-1.md,LEASEOS_B21_5_PERIOD_CLOSE.md,4902,3a24d9210410d1817672c175c5791e0ac4e6ee413bcc94aff2a078ca849b7898,1,KEEP_CANONICAL,Chat2,LEASEOS_B21_5_PERIOD_CLOSE-1.md,yes,LEASEOS_B21_5_PERIOD_CLOSE.md
Chat2,Chat2=leaseos=allfiles=sep14.zip,LEASEOS_B21_3_IFTA.md,LEASEOS_B21_3_IFTA.md,LEASEOS_B21_3_IFTA.md,4910,197155ad350ef0083804cf80735074aa5ce2eb2cbadcf13524b9e30279be915e,1,KEEP_CANONICAL,Chat2,LEASEOS_B21_3_IFTA.md,yes,LEASEOS_B21_3_IFTA.md
Chat2,Chat2=leaseos=allfiles=sep14.zip,LEASEOS_B22_0_SPATIAL_FOUNDATION-1.md,LEASEOS_B22_0_SPATIAL_FOUNDATION-1.md,LEASEOS_B22_0_SPATIAL_FOUNDATION.md,4962,31d71f238972569a107803e9e35c2a9449301a4bc453ba369b750c316fd47a96,2,DROP_EXACT_DUPLICATE,Chat2,LEASEOS_B22_0_SPATIAL_FOUNDATION.md,yes,LEASEOS_B22_0_SPATIAL_FOUNDATION.md
Chat2,Chat2=leaseos=allfiles=sep14.zip,LEASEOS_B22_0_SPATIAL_FOUNDATION.md,LEASEOS_B22_0_SPATIAL_FOUNDATION.md,LEASEOS_B22_0_SPATIAL_FOUNDATION.md,4962,31d71f238972569a107803e9e35c2a9449301a4bc453ba369b750c316fd47a96,2,KEEP_CANONICAL,Chat2,LEASEOS_B22_0_SPATIAL_FOUNDATION.md,yes,LEASEOS_B22_0_SPATIAL_FOUNDATION.md
Chat2,Chat2=leaseos=allfiles=sep14.zip,LEASEOS_B22_15_STRUCTURES_STALENESS-1.md,LEASEOS_B22_15_STRUCTURES_STALENESS-1.md,LEASEOS_B22_15_STRUCTURES_STALENESS.md,4992,45a511d069fc1f2365cf9c74c0882c273d6076a5c06ecd47541878dd5af71ae8,2,DROP_EXACT_DUPLICATE,Chat2,LEASEOS_B22_15_STRUCTURES_STALENESS.md,yes,LEASEOS_B22_15_STRUCTURES_STALENESS.md
Chat2,Chat2=leaseos=allfiles=sep14.zip,LEASEOS_B22_15_STRUCTURES_STALENESS.md,LEASEOS_B22_15_STRUCTURES_STALENESS.md,LEASEOS_B22_15_STRUCTURES_STALENESS.md,4992,45a511d069fc1f2365cf9c74c0882c273d6076a5c06ecd47541878dd5af71ae8,2,KEEP_CANONICAL,Chat2,LEASEOS_B22_15_STRUCTURES_STALENESS.md,yes,LEASEOS_B22_15_STRUCTURES_STALENESS.md
Chat2,Chat2=leaseos=allfiles=sep14.zip,DATA_SOURCES-2.md,DATA_SOURCES-2.md,DATA_SOURCES.md,5116,56bb9fda7c4a0fff4dd451758c34463ecb1e8e1935c7392d5e0eeb690747f28f,1,KEEP_CANONICAL,Chat2,DATA_SOURCES-2.md,no,
Chat2,Chat2=leaseos=allfiles=sep14.zip,LEASEOS_B22_5_1_OPERATIONAL_TRUTH.md,LEASEOS_B22_5_1_OPERATIONAL_TRUTH.md,LEASEOS_B22_5_1_OPERATIONAL_TRUTH.md,5146,fdcb19e41dea354a9930a27515f0d4e45520d9747d25aa95231ee6cccfa73db8,1,KEEP_CANONICAL,Chat2,LEASEOS_B22_5_1_OPERATIONAL_TRUTH.md,yes,LEASEOS_B22_5_1_OPERATIONAL_TRUTH.md
Chat2,Chat2=leaseos=allfiles=sep14.zip,LEASEOS_B22_14_LEGAL_LAND-1.md,LEASEOS_B22_14_LEGAL_LAND-1.md,LEASEOS_B22_14_LEGAL_LAND.md,5296,c19f309f5a5bc13fefdf5738a3f318a089f76c1643373fcd2b3a42484d4f1878,2,DROP_EXACT_DUPLICATE,Chat2,LEASEOS_B22_14_LEGAL_LAND.md,yes,LEASEOS_B22_14_LEGAL_LAND.md
Chat2,Chat2=leaseos=allfiles=sep14.zip,LEASEOS_B22_14_LEGAL_LAND.md,LEASEOS_B22_14_LEGAL_LAND.md,LEASEOS_B22_14_LEGAL_LAND.md,5296,c19f309f5a5bc13fefdf5738a3f318a089f76c1643373fcd2b3a42484d4f1878,2,KEEP_CANONICAL,Chat2,LEASEOS_B22_14_LEGAL_LAND.md,yes,LEASEOS_B22_14_LEGAL_LAND.md
Chat2,Chat2=leaseos=allfiles=sep14.zip,LEASEOS_B21_2_DISPATCH_ENFORCEMENT.md,LEASEOS_B21_2_DISPATCH_ENFORCEMENT.md,LEASEOS_B21_2_DISPATCH_ENFORCEMENT.md,5487,74876f23aa1d51f3cdef4531e08ed4ea26d7b7da53c26cdd05aad68a999ce559,1,KEEP_CANONICAL,Chat2,LEASEOS_B21_2_DISPATCH_ENFORCEMENT.md,yes,LEASEOS_B21_2_DISPATCH_ENFORCEMENT.md
Chat2,Chat2=leaseos=allfiles=sep14.zip,LEASEOS_B21_6_FIELD_RUNTIME.md,LEASEOS_B21_6_FIELD_RUNTIME.md,LEASEOS_B21_6_FIELD_RUNTIME.md,5521,0f2ed9b0462937e72158d2839187a4478c35246e527585d66e386a80622fe7f2,1,KEEP_CANONICAL,Chat2,LEASEOS_B21_6_FIELD_RUNTIME.md,yes,LEASEOS_B21_6_FIELD_RUNTIME.md
Chat2,Chat2=leaseos=allfiles=sep14.zip,LEASEOS_B22_7_COMMERCIAL_SETUP-1.md,LEASEOS_B22_7_COMMERCIAL_SETUP-1.md,LEASEOS_B22_7_COMMERCIAL_SETUP.md,5685,ee0c9ad8325637a652e9d8073f507bf861c259741f9eaaf77ecbe9dc2eb1c3f6,2,DROP_EXACT_DUPLICATE,Chat2,LEASEOS_B22_7_COMMERCIAL_SETUP.md,yes,LEASEOS_B22_7_COMMERCIAL_SETUP.md
Chat2,Chat2=leaseos=allfiles=sep14.zip,LEASEOS_B22_7_COMMERCIAL_SETUP.md,LEASEOS_B22_7_COMMERCIAL_SETUP.md,LEASEOS_B22_7_COMMERCIAL_SETUP.md,5685,ee0c9ad8325637a652e9d8073f507bf861c259741f9eaaf77ecbe9dc2eb1c3f6,2,KEEP_CANONICAL,Chat2,LEASEOS_B22_7_COMMERCIAL_SETUP.md,yes,LEASEOS_B22_7_COMMERCIAL_SETUP.md
Chat2,Chat2=leaseos=allfiles=sep14.zip,LEASEOS_B21_12_PORTAL_HARDENING.md,LEASEOS_B21_12_PORTAL_HARDENING.md,LEASEOS_B21_12_PORTAL_HARDENING.md,5763,fcfd4a725e8542dd63bc6e88d8d78de174dfa4289acd5c90c985730abb809f4d,1,KEEP_CANONICAL,Chat2,LEASEOS_B21_12_PORTAL_HARDENING.md,yes,LEASEOS_B21_12_PORTAL_HARDENING.md
Chat2,Chat2=leaseos=allfiles=sep14.zip,LEASEOS_B21_10_COMMERCIAL_PORTALS.md,LEASEOS_B21_10_COMMERCIAL_PORTALS.md,LEASEOS_B21_10_COMMERCIAL_PORTALS.md,5788,c92c87cb4886932a247c0ca8ab40dd6c473e4deeec7757dcb4a646b399a9161e,1,KEEP_CANONICAL,Chat2,LEASEOS_B21_10_COMMERCIAL_PORTALS.md,yes,LEASEOS_B21_10_COMMERCIAL_PORTALS.md
Chat2,Chat2=leaseos=allfiles=sep14.zip,LEASEOS_B21_11_SITE_SIGNOFF_CHAIN-1.md,LEASEOS_B21_11_SITE_SIGNOFF_CHAIN-1.md,LEASEOS_B21_11_SITE_SIGNOFF_CHAIN.md,5795,36c1e50d4f6349028df1fb10dbe931924860014c1885df406353cb87bfe4a120,1,KEEP_CANONICAL,Chat2,LEASEOS_B21_11_SITE_SIGNOFF_CHAIN-1.md,yes,LEASEOS_B21_11_SITE_SIGNOFF_CHAIN.md
Chat2,Chat2=leaseos=allfiles=sep14.zip,LEASEOS_B22_13_MAPPING_FOUNDATION-1.md,LEASEOS_B22_13_MAPPING_FOUNDATION-1.md,LEASEOS_B22_13_MAPPING_FOUNDATION.md,5820,9831feef45eed11e9efc9b1010f0a8c84bf9c13b32a95165cba05b5107ed2f40,2,DROP_EXACT_DUPLICATE,Chat2,LEASEOS_B22_13_MAPPING_FOUNDATION.md,yes,LEASEOS_B22_13_MAPPING_FOUNDATION.md
Chat2,Chat2=leaseos=allfiles=sep14.zip,LEASEOS_B22_13_MAPPING_FOUNDATION.md,LEASEOS_B22_13_MAPPING_FOUNDATION.md,LEASEOS_B22_13_MAPPING_FOUNDATION.md,5820,9831feef45eed11e9efc9b1010f0a8c84bf9c13b32a95165cba05b5107ed2f40,2,KEEP_CANONICAL,Chat2,LEASEOS_B22_13_MAPPING_FOUNDATION.md,yes,LEASEOS_B22_13_MAPPING_FOUNDATION.md
Chat2,Chat2=leaseos=allfiles=sep14.zip,LEASEOS_B21_14_CUSTOMER_TRANSACTION.md,LEASEOS_B21_14_CUSTOMER_TRANSACTION.md,LEASEOS_B21_14_CUSTOMER_TRANSACTION.md,5827,0aad35046c11f1a94d862a2d0f29e5945476e2f5f1565ca8955c82f1c3f2458b,1,KEEP_CANONICAL,Chat2,LEASEOS_B21_14_CUSTOMER_TRANSACTION.md,yes,LEASEOS_B21_14_CUSTOMER_TRANSACTION.md
Chat2,Chat2=leaseos=allfiles=sep14.zip,LEASEOS_B20_16_V20_17_INTEGRITY_CLOSURE.md,LEASEOS_B20_16_V20_17_INTEGRITY_CLOSURE.md,LEASEOS_B20_16_V20_17_INTEGRITY_CLOSURE.md,6350,494d81a9d8a9e458c27f9b30a914e82cdc133f9d06e8e7d6c14a9c02ece921e8,1,KEEP_CANONICAL,Chat2,LEASEOS_B20_16_V20_17_INTEGRITY_CLOSURE.md,yes,LEASEOS_B20_16_V20_17_INTEGRITY_CLOSURE.md
Chat2,Chat2=leaseos=allfiles=sep14.zip,LEASEOS_B20_15_V20_16_FINGERPRINT_DISPOSAL-1.md,LEASEOS_B20_15_V20_16_FINGERPRINT_DISPOSAL-1.md,LEASEOS_B20_15_V20_16_FINGERPRINT_DISPOSAL.md,6389,d4e97ba6175d472d5b3158c9a82aa343084c9a6ff3ce7f2b55bd8048258587fe,1,KEEP_CANONICAL,Chat2,LEASEOS_B20_15_V20_16_FINGERPRINT_DISPOSAL-1.md,yes,LEASEOS_B20_15_V20_16_FINGERPRINT_DISPOSAL.md
Chat2,Chat2=leaseos=allfiles=sep14.zip,LEASEOS_B20_4_API_MIGRATION.md,LEASEOS_B20_4_API_MIGRATION.md,LEASEOS_B20_4_API_MIGRATION.md,6449,e96f5cf6b3d8bf6e7a5b1cbea0032a68a2f428d84fcc7b6943283ce09c9b7a4e,1,KEEP_CANONICAL,Chat2,LEASEOS_B20_4_API_MIGRATION.md,yes,LEASEOS_B20_4_API_MIGRATION.md
Chat2,Chat2=leaseos=allfiles=sep14.zip,LEASEOS_B20_21_V20_22_REQUIREMENT_ENGINE.md,LEASEOS_B20_21_V20_22_REQUIREMENT_ENGINE.md,LEASEOS_B20_21_V20_22_REQUIREMENT_ENGINE.md,6485,7c20db2f77793752bb53badd2f03f666f94c26eea9c67d534272a5eaf66c4195,1,KEEP_CANONICAL,Chat2,LEASEOS_B20_21_V20_22_REQUIREMENT_ENGINE.md,yes,LEASEOS_B20_21_V20_22_REQUIREMENT_ENGINE.md
Chat2,Chat2=leaseos=allfiles=sep14.zip,LEASEOS_B20_1_WORKFLOW_WIRING.md,LEASEOS_B20_1_WORKFLOW_WIRING.md,LEASEOS_B20_1_WORKFLOW_WIRING.md,6545,d580ab57233e51d193d7d161530298d50f87f947172b36350949b268ebc4f1b1,1,KEEP_CANONICAL,Chat2,LEASEOS_B20_1_WORKFLOW_WIRING.md,yes,LEASEOS_B20_1_WORKFLOW_WIRING.md
Chat2,Chat2=leaseos=allfiles=sep14.zip,LEASEOS_B20_17_V20_18_FUEL_LEDGER.md,LEASEOS_B20_17_V20_18_FUEL_LEDGER.md,LEASEOS_B20_17_V20_18_FUEL_LEDGER.md,6830,79b2a5e45345634d680d66e46731e0566234c23b63eb3cbe3e7ad0e3ee807a2f,1,KEEP_CANONICAL,Chat2,LEASEOS_B20_17_V20_18_FUEL_LEDGER.md,yes,LEASEOS_B20_17_V20_18_FUEL_LEDGER.md
Chat2,Chat2=leaseos=allfiles=sep14.zip,LEASEOS_B20_19_V20_20_SECURE_FIELD_RUNTIME.md,LEASEOS_B20_19_V20_20_SECURE_FIELD_RUNTIME.md,LEASEOS_B20_19_V20_20_SECURE_FIELD_RUNTIME.md,6856,fd65a538923ca95f8f1e49f17c722b7cc0a459c4aeee132a5068da9c4e504ea1,1,KEEP_CANONICAL,Chat2,LEASEOS_B20_19_V20_20_SECURE_FIELD_RUNTIME.md,yes,LEASEOS_B20_19_V20_20_SECURE_FIELD_RUNTIME.md
Chat2,Chat2=leaseos=allfiles=sep14.zip,LEASEOS_B20_13_PORTALS_FUNDING-1.md,LEASEOS_B20_13_PORTALS_FUNDING-1.md,LEASEOS_B20_13_PORTALS_FUNDING.md,6865,1f484e4ea28a0d2e4fdb6d8e038f230161740d33259ead01903ad1c4ef87a684,2,DROP_EXACT_DUPLICATE,Chat2,LEASEOS_B20_13_PORTALS_FUNDING.md,yes,LEASEOS_B20_13_PORTALS_FUNDING.md
Chat2,Chat2=leaseos=allfiles=sep14.zip,LEASEOS_B20_13_PORTALS_FUNDING.md,LEASEOS_B20_13_PORTALS_FUNDING.md,LEASEOS_B20_13_PORTALS_FUNDING.md,6865,1f484e4ea28a0d2e4fdb6d8e038f230161740d33259ead01903ad1c4ef87a684,2,KEEP_CANONICAL,Chat2,LEASEOS_B20_13_PORTALS_FUNDING.md,yes,LEASEOS_B20_13_PORTALS_FUNDING.md
Chat2,Chat2=leaseos=allfiles=sep14.zip,LEASEOS_B20_6_AUTHORIZATION_COMPLETE-1.md,LEASEOS_B20_6_AUTHORIZATION_COMPLETE-1.md,LEASEOS_B20_6_AUTHORIZATION_COMPLETE.md,6944,e19debb0c39b17d463134d3739ba811bfeb584a74c043157363deeb466bfb601,1,KEEP_CANONICAL,Chat2,LEASEOS_B20_6_AUTHORIZATION_COMPLETE-1.md,yes,LEASEOS_B20_6_AUTHORIZATION_COMPLETE.md
Chat2,Chat2=leaseos=allfiles=sep14.zip,LEASEOS_B20_20_V20_21_COMPLIANCE_REGISTRY.md,LEASEOS_B20_20_V20_21_COMPLIANCE_REGISTRY.md,LEASEOS_B20_20_V20_21_COMPLIANCE_REGISTRY.md,6952,e3aa6333da96dd9553642eb5f17dca7962803a5c2557fffdf7dc33ea279095cc,1,KEEP_CANONICAL,Chat2,LEASEOS_B20_20_V20_21_COMPLIANCE_REGISTRY.md,yes,LEASEOS_B20_20_V20_21_COMPLIANCE_REGISTRY.md
Chat2,Chat2=leaseos=allfiles=sep14.zip,LEASEOS_B20_18_V20_19_ROADSIDE_AP.md,LEASEOS_B20_18_V20_19_ROADSIDE_AP.md,LEASEOS_B20_18_V20_19_ROADSIDE_AP.md,7190,b0a13189cb0bbfb16bbbf0269a3fa3ffd65faa8fd0cf72fb7b94465404bb963a,1,KEEP_CANONICAL,Chat2,LEASEOS_B20_18_V20_19_ROADSIDE_AP.md,yes,LEASEOS_B20_18_V20_19_ROADSIDE_AP.md
Chat2,Chat2=leaseos=allfiles=sep14.zip,LEASEOS_B21_0_UNIVERSAL_SURFACES.md,LEASEOS_B21_0_UNIVERSAL_SURFACES.md,LEASEOS_B21_0_UNIVERSAL_SURFACES.md,7231,4a01276a64d4df8b1807a4a20e7e729cdefaa86774878a905ab359b37ea1e666,1,KEEP_CANONICAL,Chat2,LEASEOS_B21_0_UNIVERSAL_SURFACES.md,yes,LEASEOS_B21_0_UNIVERSAL_SURFACES.md
Chat2,Chat2=leaseos=allfiles=sep14.zip,LEASEOS_B20_2_AUTHORIZATION-1.md,LEASEOS_B20_2_AUTHORIZATION-1.md,LEASEOS_B20_2_AUTHORIZATION.md,7310,ed830546b299aa9213c0f367b1aff6f9669e036c4710d5b6b704d7f4d1430c95,1,KEEP_CANONICAL,Chat2,LEASEOS_B20_2_AUTHORIZATION-1.md,yes,LEASEOS_B20_2_AUTHORIZATION.md
Chat2,Chat2=leaseos=allfiles=sep14.zip,LEASEOS_B20_7_PAYROLL_FINANCE_API.md,LEASEOS_B20_7_PAYROLL_FINANCE_API.md,LEASEOS_B20_7_PAYROLL_FINANCE_API.md,7330,751ff519232712b33ea6a8fa20891157e9f564a842eb80ebf1f0c38101aa776b,1,KEEP_CANONICAL,Chat2,LEASEOS_B20_7_PAYROLL_FINANCE_API.md,yes,LEASEOS_B20_7_PAYROLL_FINANCE_API.md
Chat2,Chat2=leaseos=allfiles=sep14.zip,LEASEOS_B20_14_V20_15_EXTRACTION_QUEUE.md,LEASEOS_B20_14_V20_15_EXTRACTION_QUEUE.md,LEASEOS_B20_14_V20_15_EXTRACTION_QUEUE.md,7434,496ab7ae1f114d1d15d63b763365afa18a32f52187fb58dd66ef25f67a33a740,1,KEEP_CANONICAL,Chat2,LEASEOS_B20_14_V20_15_EXTRACTION_QUEUE.md,yes,LEASEOS_B20_14_V20_15_EXTRACTION_QUEUE.md
Chat2,Chat2=leaseos=allfiles=sep14.zip,LEASEOS_B20_10_VERIFIED_SOURCE_REGISTRY-1.md,LEASEOS_B20_10_VERIFIED_SOURCE_REGISTRY-1.md,LEASEOS_B20_10_VERIFIED_SOURCE_REGISTRY.md,7444,ab0a1a2a12538ea5e8e3603a8ce4d4517b6184d41e3c8cda24020caf08c80e7e,1,KEEP_CANONICAL,Chat2,LEASEOS_B20_10_VERIFIED_SOURCE_REGISTRY-1.md,yes,LEASEOS_B20_10_VERIFIED_SOURCE_REGISTRY.md
Chat2,Chat2=leaseos=allfiles=sep14.zip,LEASEOS_B20_8_EXTERNAL_DATA_ROUTING-1.md,LEASEOS_B20_8_EXTERNAL_DATA_ROUTING-1.md,LEASEOS_B20_8_EXTERNAL_DATA_ROUTING.md,7547,47c61773a3319b256bbf87582560f0905229d0dd50197863561cc7b615870488,1,KEEP_CANONICAL,Chat2,LEASEOS_B20_8_EXTERNAL_DATA_ROUTING-1.md,yes,LEASEOS_B20_8_EXTERNAL_DATA_ROUTING.md
Chat2,Chat2=leaseos=allfiles=sep14.zip,LEASEOS_B20_12_V20_13_PROMOTION-1.md,LEASEOS_B20_12_V20_13_PROMOTION-1.md,LEASEOS_B20_12_V20_13_PROMOTION.md,7728,8f4caa415cc9735fd8fc13adc822c0202063b3be308951438b678eb38183da12,2,KEEP_CANONICAL,Chat2,LEASEOS_B20_12_V20_13_PROMOTION-1.md,yes,LEASEOS_B20_12_V20_13_PROMOTION.md
Chat2,Chat2=leaseos=allfiles=sep14.zip,LEASEOS_B20_12_V20_13_PROMOTION-2.md,LEASEOS_B20_12_V20_13_PROMOTION-2.md,LEASEOS_B20_12_V20_13_PROMOTION.md,7728,8f4caa415cc9735fd8fc13adc822c0202063b3be308951438b678eb38183da12,2,DROP_EXACT_DUPLICATE,Chat2,LEASEOS_B20_12_V20_13_PROMOTION-1.md,yes,LEASEOS_B20_12_V20_13_PROMOTION.md
Chat2,Chat2=leaseos=allfiles=sep14.zip,LEASEOS_B21_1_DISPATCH_GATE.md,LEASEOS_B21_1_DISPATCH_GATE.md,LEASEOS_B21_1_DISPATCH_GATE.md,7924,527a6ee7c4c101dfac4e4fa894d4ee7bba9929fdd8eb07791db02d0beb7abf02,1,KEEP_CANONICAL,Chat2,LEASEOS_B21_1_DISPATCH_GATE.md,yes,LEASEOS_B21_1_DISPATCH_GATE.md
Chat2,Chat2=leaseos=allfiles=sep14.zip,LEASEOS_B20_3_AUTHORIZATION_ENFORCEMENT.md,LEASEOS_B20_3_AUTHORIZATION_ENFORCEMENT.md,LEASEOS_B20_3_AUTHORIZATION_ENFORCEMENT.md,8052,3eaad78877b79ec85c64178bf660cd0e606ecb90d682c964bfc38ada36bdd359,1,KEEP_CANONICAL,Chat2,LEASEOS_B20_3_AUTHORIZATION_ENFORCEMENT.md,yes,LEASEOS_B20_3_AUTHORIZATION_ENFORCEMENT.md
Chat2,Chat2=leaseos=allfiles=sep14.zip,LEASEOS_B20_22_V20_23_INSURANCE_RISK.md,LEASEOS_B20_22_V20_23_INSURANCE_RISK.md,LEASEOS_B20_22_V20_23_INSURANCE_RISK.md,8571,566d9950eb195e18bb194634018d2a45a1be210c8b366221db550898c61061ef,1,KEEP_CANONICAL,Chat2,LEASEOS_B20_22_V20_23_INSURANCE_RISK.md,yes,LEASEOS_B20_22_V20_23_INSURANCE_RISK.md
Chat2,Chat2=leaseos=allfiles=sep14.zip,LEASEOS_B20_5_PAYROLL_FINANCE_TAX-1.md,LEASEOS_B20_5_PAYROLL_FINANCE_TAX-1.md,LEASEOS_B20_5_PAYROLL_FINANCE_TAX.md,9406,e1414c2ab6ba6e81e1ffba6f63f6f6231d1281f2c0af8efa19998a99f1c07213,1,KEEP_CANONICAL,Chat2,LEASEOS_B20_5_PAYROLL_FINANCE_TAX-1.md,yes,LEASEOS_B20_5_PAYROLL_FINANCE_TAX.md
Chat2,Chat2=leaseos=allfiles=sep14.zip,LEASEOS_B20_RECORDS_VAULT.md,LEASEOS_B20_RECORDS_VAULT.md,LEASEOS_B20_RECORDS_VAULT.md,9840,9f1b3ffc6d352182d400c43a3ab0786178287f76dc5629932f705c6be506df53,1,KEEP_CANONICAL,Chat2,LEASEOS_B20_RECORDS_VAULT.md,yes,LEASEOS_B20_RECORDS_VAULT.md
Chat2,Chat2=leaseos=allfiles=sep14.zip,LEASEOS_B20_MEASUREMENT_LADDER.md,LEASEOS_B20_MEASUREMENT_LADDER.md,LEASEOS_B20_MEASUREMENT_LADDER.md,10177,11e99ee9969acce493a7d43b74d0c0752922044bbcee9cfaa463948b63f613ad,1,KEEP_CANONICAL,Chat2,LEASEOS_B20_MEASUREMENT_LADDER.md,yes,LEASEOS_B20_MEASUREMENT_LADDER.md
Chat2,Chat2=leaseos=allfiles=sep14.zip,LEASEOS_CURRENT_STATE-9.md,LEASEOS_CURRENT_STATE-9.md,LEASEOS_CURRENT_STATE.md,10475,0854cad922b52a40bb7cf80b7fded1ee30055c4b658fa129785f8c5a5a073331,2,KEEP_CANONICAL,Chat2,LEASEOS_CURRENT_STATE-9.md,no,
Chat2,Chat2=leaseos=allfiles=sep14.zip,LEASEOS_CURRENT_STATE-10.md,LEASEOS_CURRENT_STATE-10.md,LEASEOS_CURRENT_STATE.md,10475,0854cad922b52a40bb7cf80b7fded1ee30055c4b658fa129785f8c5a5a073331,2,DROP_EXACT_DUPLICATE,Chat2,LEASEOS_CURRENT_STATE-9.md,no,
Chat2,Chat2=leaseos=allfiles=sep14.zip,Research Report (1).md,Research Report (1).md,Research Report.md,33341,ed3e0428a61763434dfc54990424329d7168a445c2ed2b444a01cbaf6b2d17e9,1,KEEP_CANONICAL,Chat2,Research Report (1).md,no,
Chat2,Chat2=leaseos=allfiles=sep14.zip,PROCEDURE_AUTHORIZATION_INVENTORY-10.md,PROCEDURE_AUTHORIZATION_INVENTORY-10.md,PROCEDURE_AUTHORIZATION_INVENTORY.md,36946,075c8637eca0a766c0f8825f1df431777a4f1fb2358fa71d1d472436eaab0382,2,KEEP_CANONICAL,Chat2,PROCEDURE_AUTHORIZATION_INVENTORY-10.md,yes,PROCEDURE_AUTHORIZATION_INVENTORY.md
Chat2,Chat2=leaseos=allfiles=sep14.zip,PROCEDURE_AUTHORIZATION_INVENTORY-11.md,PROCEDURE_AUTHORIZATION_INVENTORY-11.md,PROCEDURE_AUTHORIZATION_INVENTORY.md,36946,075c8637eca0a766c0f8825f1df431777a4f1fb2358fa71d1d472436eaab0382,2,DROP_EXACT_DUPLICATE,Chat2,PROCEDURE_AUTHORIZATION_INVENTORY-10.md,yes,PROCEDURE_AUTHORIZATION_INVENTORY.md
Chat2,Chat2=leaseos=allfiles=sep14.zip,leaseos-fieldroute-v22.16-routing-graph-1.zip,leaseos-fieldroute-v22.16-routing-graph-1.zip,leaseos-fieldroute-v22.16-routing-graph.zip,1870499,875b18f475857f46180b524d88bd059a5dcf774ce6bae3157c68276e98885703,2,KEEP_CANONICAL,Chat2,leaseos-fieldroute-v22.16-routing-graph-1.zip,no,
Chat2,Chat2=leaseos=allfiles=sep14.zip,leaseos-fieldroute-v22.16-routing-graph-2.zip,leaseos-fieldroute-v22.16-routing-graph-2.zip,leaseos-fieldroute-v22.16-routing-graph.zip,1870499,875b18f475857f46180b524d88bd059a5dcf774ce6bae3157c68276e98885703,2,DROP_EXACT_DUPLICATE,Chat2,leaseos-fieldroute-v22.16-routing-graph-1.zip,no,
Chat2,Chat2=leaseos=allfiles=sep14.zip,v20_2-to-v22_16-1.diff,v20_2-to-v22_16-1.diff,v20_2-to-v22_16.diff,4655112,af5f258449ef377040e2a00b40551e9d085dee9e487b9311ebb57b2c1b056a8b,2,KEEP_CANONICAL,Chat2,v20_2-to-v22_16-1.diff,no,
Chat2,Chat2=leaseos=allfiles=sep14.zip,v20_2-to-v22_16-2.diff,v20_2-to-v22_16-2.diff,v20_2-to-v22_16.diff,4655112,af5f258449ef377040e2a00b40551e9d085dee9e487b9311ebb57b2c1b056a8b,2,DROP_EXACT_DUPLICATE,Chat2,v20_2-to-v22_16-1.diff,no,
Chat3,Chat3_leaseos_allfiles=sept14.zip,LEASEOS_B22_19_OFFLINE_PACKAGE-2.md,LEASEOS_B22_19_OFFLINE_PACKAGE-2.md,LEASEOS_B22_19_OFFLINE_PACKAGE.md,7452,9e0407ccf458d9568457bbef75418e5a81bbc5a2a86451f55445037b75fc1d17,8,KEEP_CANONICAL,Chat3,LEASEOS_B22_19_OFFLINE_PACKAGE-2.md,yes,LEASEOS_B22_19_OFFLINE_PACKAGE.md
Chat3,Chat3_leaseos_allfiles=sept14.zip,LEASEOS_B22_19_OFFLINE_PACKAGE-3.md,LEASEOS_B22_19_OFFLINE_PACKAGE-3.md,LEASEOS_B22_19_OFFLINE_PACKAGE.md,7452,9e0407ccf458d9568457bbef75418e5a81bbc5a2a86451f55445037b75fc1d17,8,DROP_EXACT_DUPLICATE,Chat3,LEASEOS_B22_19_OFFLINE_PACKAGE-2.md,yes,LEASEOS_B22_19_OFFLINE_PACKAGE.md
Chat3,Chat3_leaseos_allfiles=sept14.zip,LEASEOS_B22_19_OFFLINE_PACKAGE-4.md,LEASEOS_B22_19_OFFLINE_PACKAGE-4.md,LEASEOS_B22_19_OFFLINE_PACKAGE.md,7452,9e0407ccf458d9568457bbef75418e5a81bbc5a2a86451f55445037b75fc1d17,8,DROP_EXACT_DUPLICATE,Chat3,LEASEOS_B22_19_OFFLINE_PACKAGE-2.md,yes,LEASEOS_B22_19_OFFLINE_PACKAGE.md
Chat3,Chat3_leaseos_allfiles=sept14.zip,LEASEOS_B22_19_OFFLINE_PACKAGE-5.md,LEASEOS_B22_19_OFFLINE_PACKAGE-5.md,LEASEOS_B22_19_OFFLINE_PACKAGE.md,7452,9e0407ccf458d9568457bbef75418e5a81bbc5a2a86451f55445037b75fc1d17,8,DROP_EXACT_DUPLICATE,Chat3,LEASEOS_B22_19_OFFLINE_PACKAGE-2.md,yes,LEASEOS_B22_19_OFFLINE_PACKAGE.md
Chat3,Chat3_leaseos_allfiles=sept14.zip,LEASEOS_B22_19_OFFLINE_PACKAGE-6.md,LEASEOS_B22_19_OFFLINE_PACKAGE-6.md,LEASEOS_B22_19_OFFLINE_PACKAGE.md,7452,9e0407ccf458d9568457bbef75418e5a81bbc5a2a86451f55445037b75fc1d17,8,DROP_EXACT_DUPLICATE,Chat3,LEASEOS_B22_19_OFFLINE_PACKAGE-2.md,yes,LEASEOS_B22_19_OFFLINE_PACKAGE.md
Chat3,Chat3_leaseos_allfiles=sept14.zip,LEASEOS_B22_19_OFFLINE_PACKAGE-7.md,LEASEOS_B22_19_OFFLINE_PACKAGE-7.md,LEASEOS_B22_19_OFFLINE_PACKAGE.md,7452,9e0407ccf458d9568457bbef75418e5a81bbc5a2a86451f55445037b75fc1d17,8,DROP_EXACT_DUPLICATE,Chat3,LEASEOS_B22_19_OFFLINE_PACKAGE-2.md,yes,LEASEOS_B22_19_OFFLINE_PACKAGE.md
Chat3,Chat3_leaseos_allfiles=sept14.zip,LEASEOS_B22_19_OFFLINE_PACKAGE-8.md,LEASEOS_B22_19_OFFLINE_PACKAGE-8.md,LEASEOS_B22_19_OFFLINE_PACKAGE.md,7452,9e0407ccf458d9568457bbef75418e5a81bbc5a2a86451f55445037b75fc1d17,8,DROP_EXACT_DUPLICATE,Chat3,LEASEOS_B22_19_OFFLINE_PACKAGE-2.md,yes,LEASEOS_B22_19_OFFLINE_PACKAGE.md
Chat3,Chat3_leaseos_allfiles=sept14.zip,LEASEOS_B22_19_OFFLINE_PACKAGE-9.md,LEASEOS_B22_19_OFFLINE_PACKAGE-9.md,LEASEOS_B22_19_OFFLINE_PACKAGE.md,7452,9e0407ccf458d9568457bbef75418e5a81bbc5a2a86451f55445037b75fc1d17,8,DROP_EXACT_DUPLICATE,Chat3,LEASEOS_B22_19_OFFLINE_PACKAGE-2.md,yes,LEASEOS_B22_19_OFFLINE_PACKAGE.md
Chat3,Chat3_leaseos_allfiles=sept14.zip,LEASEOS_B22_18_COMMS_DISPATCH-2.md,LEASEOS_B22_18_COMMS_DISPATCH-2.md,LEASEOS_B22_18_COMMS_DISPATCH.md,7585,ff9a68e94b16478c45f38e1b40ba46cde2c80cf18a537d2738b4369612911997,9,KEEP_CANONICAL,Chat3,LEASEOS_B22_18_COMMS_DISPATCH-2.md,yes,LEASEOS_B22_18_COMMS_DISPATCH.md
Chat3,Chat3_leaseos_allfiles=sept14.zip,LEASEOS_B22_18_COMMS_DISPATCH-3.md,LEASEOS_B22_18_COMMS_DISPATCH-3.md,LEASEOS_B22_18_COMMS_DISPATCH.md,7585,ff9a68e94b16478c45f38e1b40ba46cde2c80cf18a537d2738b4369612911997,9,DROP_EXACT_DUPLICATE,Chat3,LEASEOS_B22_18_COMMS_DISPATCH-2.md,yes,LEASEOS_B22_18_COMMS_DISPATCH.md
Chat3,Chat3_leaseos_allfiles=sept14.zip,LEASEOS_B22_18_COMMS_DISPATCH-4.md,LEASEOS_B22_18_COMMS_DISPATCH-4.md,LEASEOS_B22_18_COMMS_DISPATCH.md,7585,ff9a68e94b16478c45f38e1b40ba46cde2c80cf18a537d2738b4369612911997,9,DROP_EXACT_DUPLICATE,Chat3,LEASEOS_B22_18_COMMS_DISPATCH-2.md,yes,LEASEOS_B22_18_COMMS_DISPATCH.md
Chat3,Chat3_leaseos_allfiles=sept14.zip,LEASEOS_B22_18_COMMS_DISPATCH-5.md,LEASEOS_B22_18_COMMS_DISPATCH-5.md,LEASEOS_B22_18_COMMS_DISPATCH.md,7585,ff9a68e94b16478c45f38e1b40ba46cde2c80cf18a537d2738b4369612911997,9,DROP_EXACT_DUPLICATE,Chat3,LEASEOS_B22_18_COMMS_DISPATCH-2.md,yes,LEASEOS_B22_18_COMMS_DISPATCH.md
Chat3,Chat3_leaseos_allfiles=sept14.zip,LEASEOS_B22_18_COMMS_DISPATCH-6.md,LEASEOS_B22_18_COMMS_DISPATCH-6.md,LEASEOS_B22_18_COMMS_DISPATCH.md,7585,ff9a68e94b16478c45f38e1b40ba46cde2c80cf18a537d2738b4369612911997,9,DROP_EXACT_DUPLICATE,Chat3,LEASEOS_B22_18_COMMS_DISPATCH-2.md,yes,LEASEOS_B22_18_COMMS_DISPATCH.md
Chat3,Chat3_leaseos_allfiles=sept14.zip,LEASEOS_B22_18_COMMS_DISPATCH-7.md,LEASEOS_B22_18_COMMS_DISPATCH-7.md,LEASEOS_B22_18_COMMS_DISPATCH.md,7585,ff9a68e94b16478c45f38e1b40ba46cde2c80cf18a537d2738b4369612911997,9,DROP_EXACT_DUPLICATE,Chat3,LEASEOS_B22_18_COMMS_DISPATCH-2.md,yes,LEASEOS_B22_18_COMMS_DISPATCH.md
Chat3,Chat3_leaseos_allfiles=sept14.zip,LEASEOS_B22_18_COMMS_DISPATCH-8.md,LEASEOS_B22_18_COMMS_DISPATCH-8.md,LEASEOS_B22_18_COMMS_DISPATCH.md,7585,ff9a68e94b16478c45f38e1b40ba46cde2c80cf18a537d2738b4369612911997,9,DROP_EXACT_DUPLICATE,Chat3,LEASEOS_B22_18_COMMS_DISPATCH-2.md,yes,LEASEOS_B22_18_COMMS_DISPATCH.md
Chat3,Chat3_leaseos_allfiles=sept14.zip,LEASEOS_B22_18_COMMS_DISPATCH-9.md,LEASEOS_B22_18_COMMS_DISPATCH-9.md,LEASEOS_B22_18_COMMS_DISPATCH.md,7585,ff9a68e94b16478c45f38e1b40ba46cde2c80cf18a537d2738b4369612911997,9,DROP_EXACT_DUPLICATE,Chat3,LEASEOS_B22_18_COMMS_DISPATCH-2.md,yes,LEASEOS_B22_18_COMMS_DISPATCH.md
Chat3,Chat3_leaseos_allfiles=sept14.zip,LEASEOS_B22_18_COMMS_DISPATCH-10.md,LEASEOS_B22_18_COMMS_DISPATCH-10.md,LEASEOS_B22_18_COMMS_DISPATCH.md,7585,ff9a68e94b16478c45f38e1b40ba46cde2c80cf18a537d2738b4369612911997,9,DROP_EXACT_DUPLICATE,Chat3,LEASEOS_B22_18_COMMS_DISPATCH-2.md,yes,LEASEOS_B22_18_COMMS_DISPATCH.md
Chat3,Chat3_leaseos_allfiles=sept14.zip,LEASEOS_UNRELEASED_0079_CDEF-4.md,LEASEOS_UNRELEASED_0079_CDEF-4.md,LEASEOS_UNRELEASED_0079_CDEF.md,7833,28f7303e09744ee442cbc398939346f254d5c514211aa37c82de880a8b7e72d3,7,KEEP_CANONICAL,Chat3,LEASEOS_UNRELEASED_0079_CDEF-4.md,yes,LEASEOS_UNRELEASED_0079_CDEF.md
Chat3,Chat3_leaseos_allfiles=sept14.zip,LEASEOS_UNRELEASED_0079_CDEF-5.md,LEASEOS_UNRELEASED_0079_CDEF-5.md,LEASEOS_UNRELEASED_0079_CDEF.md,7833,28f7303e09744ee442cbc398939346f254d5c514211aa37c82de880a8b7e72d3,7,DROP_EXACT_DUPLICATE,Chat3,LEASEOS_UNRELEASED_0079_CDEF-4.md,yes,LEASEOS_UNRELEASED_0079_CDEF.md
Chat3,Chat3_leaseos_allfiles=sept14.zip,LEASEOS_UNRELEASED_0079_CDEF-6.md,LEASEOS_UNRELEASED_0079_CDEF-6.md,LEASEOS_UNRELEASED_0079_CDEF.md,7833,28f7303e09744ee442cbc398939346f254d5c514211aa37c82de880a8b7e72d3,7,DROP_EXACT_DUPLICATE,Chat3,LEASEOS_UNRELEASED_0079_CDEF-4.md,yes,LEASEOS_UNRELEASED_0079_CDEF.md
Chat3,Chat3_leaseos_allfiles=sept14.zip,LEASEOS_UNRELEASED_0079_CDEF-7.md,LEASEOS_UNRELEASED_0079_CDEF-7.md,LEASEOS_UNRELEASED_0079_CDEF.md,7833,28f7303e09744ee442cbc398939346f254d5c514211aa37c82de880a8b7e72d3,7,DROP_EXACT_DUPLICATE,Chat3,LEASEOS_UNRELEASED_0079_CDEF-4.md,yes,LEASEOS_UNRELEASED_0079_CDEF.md
Chat3,Chat3_leaseos_allfiles=sept14.zip,LEASEOS_UNRELEASED_0079_CDEF-8.md,LEASEOS_UNRELEASED_0079_CDEF-8.md,LEASEOS_UNRELEASED_0079_CDEF.md,7833,28f7303e09744ee442cbc398939346f254d5c514211aa37c82de880a8b7e72d3,7,DROP_EXACT_DUPLICATE,Chat3,LEASEOS_UNRELEASED_0079_CDEF-4.md,yes,LEASEOS_UNRELEASED_0079_CDEF.md
Chat3,Chat3_leaseos_allfiles=sept14.zip,LEASEOS_UNRELEASED_0079_CDEF-9.md,LEASEOS_UNRELEASED_0079_CDEF-9.md,LEASEOS_UNRELEASED_0079_CDEF.md,7833,28f7303e09744ee442cbc398939346f254d5c514211aa37c82de880a8b7e72d3,7,DROP_EXACT_DUPLICATE,Chat3,LEASEOS_UNRELEASED_0079_CDEF-4.md,yes,LEASEOS_UNRELEASED_0079_CDEF.md
Chat3,Chat3_leaseos_allfiles=sept14.zip,LEASEOS_UNRELEASED_0079_CDEF-10.md,LEASEOS_UNRELEASED_0079_CDEF-10.md,LEASEOS_UNRELEASED_0079_CDEF.md,7833,28f7303e09744ee442cbc398939346f254d5c514211aa37c82de880a8b7e72d3,7,DROP_EXACT_DUPLICATE,Chat3,LEASEOS_UNRELEASED_0079_CDEF-4.md,yes,LEASEOS_UNRELEASED_0079_CDEF.md
Chat3,Chat3_leaseos_allfiles=sept14.zip,LEASEOS_B22_17_COMMUNICATIONS-2.md,LEASEOS_B22_17_COMMUNICATIONS-2.md,LEASEOS_B22_17_COMMUNICATIONS.md,14338,f0b3cbcb8dda6d952eab3768dd0306f23d2277fd703e6ba682e9d8fee7110482,9,KEEP_CANONICAL,Chat3,LEASEOS_B22_17_COMMUNICATIONS-2.md,yes,LEASEOS_B22_17_COMMUNICATIONS.md
Chat3,Chat3_leaseos_allfiles=sept14.zip,LEASEOS_B22_17_COMMUNICATIONS-3.md,LEASEOS_B22_17_COMMUNICATIONS-3.md,LEASEOS_B22_17_COMMUNICATIONS.md,14338,f0b3cbcb8dda6d952eab3768dd0306f23d2277fd703e6ba682e9d8fee7110482,9,DROP_EXACT_DUPLICATE,Chat3,LEASEOS_B22_17_COMMUNICATIONS-2.md,yes,LEASEOS_B22_17_COMMUNICATIONS.md
Chat3,Chat3_leaseos_allfiles=sept14.zip,LEASEOS_B22_17_COMMUNICATIONS-4.md,LEASEOS_B22_17_COMMUNICATIONS-4.md,LEASEOS_B22_17_COMMUNICATIONS.md,14338,f0b3cbcb8dda6d952eab3768dd0306f23d2277fd703e6ba682e9d8fee7110482,9,DROP_EXACT_DUPLICATE,Chat3,LEASEOS_B22_17_COMMUNICATIONS-2.md,yes,LEASEOS_B22_17_COMMUNICATIONS.md
Chat3,Chat3_leaseos_allfiles=sept14.zip,LEASEOS_B22_17_COMMUNICATIONS-5.md,LEASEOS_B22_17_COMMUNICATIONS-5.md,LEASEOS_B22_17_COMMUNICATIONS.md,14338,f0b3cbcb8dda6d952eab3768dd0306f23d2277fd703e6ba682e9d8fee7110482,9,DROP_EXACT_DUPLICATE,Chat3,LEASEOS_B22_17_COMMUNICATIONS-2.md,yes,LEASEOS_B22_17_COMMUNICATIONS.md
Chat3,Chat3_leaseos_allfiles=sept14.zip,LEASEOS_B22_17_COMMUNICATIONS-6.md,LEASEOS_B22_17_COMMUNICATIONS-6.md,LEASEOS_B22_17_COMMUNICATIONS.md,14338,f0b3cbcb8dda6d952eab3768dd0306f23d2277fd703e6ba682e9d8fee7110482,9,DROP_EXACT_DUPLICATE,Chat3,LEASEOS_B22_17_COMMUNICATIONS-2.md,yes,LEASEOS_B22_17_COMMUNICATIONS.md
Chat3,Chat3_leaseos_allfiles=sept14.zip,LEASEOS_B22_17_COMMUNICATIONS-7.md,LEASEOS_B22_17_COMMUNICATIONS-7.md,LEASEOS_B22_17_COMMUNICATIONS.md,14338,f0b3cbcb8dda6d952eab3768dd0306f23d2277fd703e6ba682e9d8fee7110482,9,DROP_EXACT_DUPLICATE,Chat3,LEASEOS_B22_17_COMMUNICATIONS-2.md,yes,LEASEOS_B22_17_COMMUNICATIONS.md
Chat3,Chat3_leaseos_allfiles=sept14.zip,LEASEOS_B22_17_COMMUNICATIONS-8.md,LEASEOS_B22_17_COMMUNICATIONS-8.md,LEASEOS_B22_17_COMMUNICATIONS.md,14338,f0b3cbcb8dda6d952eab3768dd0306f23d2277fd703e6ba682e9d8fee7110482,9,DROP_EXACT_DUPLICATE,Chat3,LEASEOS_B22_17_COMMUNICATIONS-2.md,yes,LEASEOS_B22_17_COMMUNICATIONS.md
Chat3,Chat3_leaseos_allfiles=sept14.zip,LEASEOS_B22_17_COMMUNICATIONS-9.md,LEASEOS_B22_17_COMMUNICATIONS-9.md,LEASEOS_B22_17_COMMUNICATIONS.md,14338,f0b3cbcb8dda6d952eab3768dd0306f23d2277fd703e6ba682e9d8fee7110482,9,DROP_EXACT_DUPLICATE,Chat3,LEASEOS_B22_17_COMMUNICATIONS-2.md,yes,LEASEOS_B22_17_COMMUNICATIONS.md
Chat3,Chat3_leaseos_allfiles=sept14.zip,LEASEOS_B22_17_COMMUNICATIONS-10.md,LEASEOS_B22_17_COMMUNICATIONS-10.md,LEASEOS_B22_17_COMMUNICATIONS.md,14338,f0b3cbcb8dda6d952eab3768dd0306f23d2277fd703e6ba682e9d8fee7110482,9,DROP_EXACT_DUPLICATE,Chat3,LEASEOS_B22_17_COMMUNICATIONS-2.md,yes,LEASEOS_B22_17_COMMUNICATIONS.md
Chat3,Chat3_leaseos_allfiles=sept14.zip,"LeaseOS AI Secretary_ Open-Source, Self-Hostable, Commercial-Saf (2).md","LeaseOS AI Secretary_ Open-Source, Self-Hostable, Commercial-Saf (2).md","LeaseOS AI Secretary_ Open-Source, Self-Hostable, Commercial-Saf.md",24499,7483744d001883391ccb1325e72f3d73ca9b1f08491399aec62d2de49f048542,1,KEEP_CANONICAL,Chat3,"LeaseOS AI Secretary_ Open-Source, Self-Hostable, Commercial-Saf (2).md",no,
Chat3,Chat3_leaseos_allfiles=sept14.zip,v22_16-to-CAL05a-worktree-2.diff,v22_16-to-CAL05a-worktree-2.diff,v22_16-to-CAL05a-worktree.diff,2007923,1e4bc45bcba0a9b18ea9981b77ac13ae933d77d4e8fd32e18a246d3ae4bc8d4a,2,KEEP_CANONICAL,Chat3,v22_16-to-CAL05a-worktree-2.diff,no,
Chat3,Chat3_leaseos_allfiles=sept14.zip,v22_16-to-CAL05a-worktree-3.diff,v22_16-to-CAL05a-worktree-3.diff,v22_16-to-CAL05a-worktree.diff,2007923,1e4bc45bcba0a9b18ea9981b77ac13ae933d77d4e8fd32e18a246d3ae4bc8d4a,2,DROP_EXACT_DUPLICATE,Chat3,v22_16-to-CAL05a-worktree-2.diff,no,
Chat3,Chat3_leaseos_allfiles=sept14.zip,leaseos-CAL05a-GATE-VERIFIED-UNRELEASED-2.zip,leaseos-CAL05a-GATE-VERIFIED-UNRELEASED-2.zip,leaseos-CAL05a-GATE-VERIFIED-UNRELEASED.zip,2466090,b14afc7890aa06cbd9670cc9b0add9e9cf4756aa7615930687ef9bae94b97e4a,2,KEEP_CANONICAL,Chat3,leaseos-CAL05a-GATE-VERIFIED-UNRELEASED-2.zip,no,
Chat3,Chat3_leaseos_allfiles=sept14.zip,leaseos-CAL05a-GATE-VERIFIED-UNRELEASED-3.zip,leaseos-CAL05a-GATE-VERIFIED-UNRELEASED-3.zip,leaseos-CAL05a-GATE-VERIFIED-UNRELEASED.zip,2466090,b14afc7890aa06cbd9670cc9b0add9e9cf4756aa7615930687ef9bae94b97e4a,2,DROP_EXACT_DUPLICATE,Chat3,leaseos-CAL05a-GATE-VERIFIED-UNRELEASED-2.zip,no,
