sha256,outer_files,count,canonical_final_match
796d7de59d0f67c821eb219d96f2077e0973bb145a554231a36f78286b4c27bb,LEASEOS_B22_12_SETUP_WIZARD-1.md | LEASEOS_B22_12_SETUP_WIZARD.md | LEASEOS_B22_12_SETUP_WIZARD-2.md,3,LEASEOS_B22_12_SETUP_WIZARD.md
8f4caa415cc9735fd8fc13adc822c0202063b3be308951438b678eb38183da12,LEASEOS_B20_12_V20_13_PROMOTION-1.md | LEASEOS_B20_12_V20_13_PROMOTION-2.md,2,LEASEOS_B20_12_V20_13_PROMOTION.md
1f484e4ea28a0d2e4fdb6d8e038f230161740d33259ead01903ad1c4ef87a684,LEASEOS_B20_13_PORTALS_FUNDING-1.md | LEASEOS_B20_13_PORTALS_FUNDING.md,2,LEASEOS_B20_13_PORTALS_FUNDING.md
dfce81f1178e50351f4e4514105e4388608906ccdce6a9d76daa1429d0c4cc9d,LEASEOS_B20_9_UNIVERSAL_PERMISSIONS-1.md | LEASEOS_B20_9_UNIVERSAL_PERMISSIONS-2.md,2,LEASEOS_B20_9_UNIVERSAL_PERMISSIONS.md
a2e558278788dfc0a3b18c97f4d6b9fc8096a09d7c00806ec437be1fb7d73cfa,LEASEOS_B21_17_COMMERCIAL_PROJECTS-1.md | LEASEOS_B21_17_COMMERCIAL_PROJECTS.md,2,LEASEOS_B21_17_COMMERCIAL_PROJECTS.md
86f08bbe42b6789378276fcf8e5d1ffdf0c9cf84f7eac9c61eb2d771595d1262,LEASEOS_B21_18_INTEGRATION_GATEWAY.md | LEASEOS_B21_18_INTEGRATION_GATEWAY-1.md,2,LEASEOS_B21_18_INTEGRATION_GATEWAY.md
04052279c7e37cbe7184198af0062a75c3e673df1ed900de52b6d435a722e13e,LEASEOS_B21_19_TELEMATICS.md | LEASEOS_B21_19_TELEMATICS-1.md,2,LEASEOS_B21_19_TELEMATICS.md
cac35bcf11f836e88cf8b567878aace6a3d7df84d611e305cd001da933334fa9,LEASEOS_B21_20_WORKFORCE-1.md | LEASEOS_B21_20_WORKFORCE.md,2,LEASEOS_B21_20_WORKFORCE.md
acc696118dae0bba6feca6026fe8105f437e87dd2d9289d4a04c440d91f55fe4,LEASEOS_B21_21_AUDIT_PACKAGES.md | LEASEOS_B21_21_AUDIT_PACKAGES-1.md,2,LEASEOS_B21_21_AUDIT_PACKAGES.md
31d71f238972569a107803e9e35c2a9449301a4bc453ba369b750c316fd47a96,LEASEOS_B22_0_SPATIAL_FOUNDATION.md | LEASEOS_B22_0_SPATIAL_FOUNDATION-1.md,2,LEASEOS_B22_0_SPATIAL_FOUNDATION.md
b1bf177fbfe1fa49218508aa10f17bce48ab773812127cd85d74e4f69713c349,LEASEOS_B22_10_INVOICE_TO_CUSTOMER-1.md | LEASEOS_B22_10_INVOICE_TO_CUSTOMER.md,2,LEASEOS_B22_10_INVOICE_TO_CUSTOMER.md
a9383ef1748ea13bda288fd5ceb3ff213086225bc9a8f95bacfc92eed37b22c4,LEASEOS_B22_11_CREDITS_VOIDS-1.md | LEASEOS_B22_11_CREDITS_VOIDS.md,2,LEASEOS_B22_11_CREDITS_VOIDS.md
9831feef45eed11e9efc9b1010f0a8c84bf9c13b32a95165cba05b5107ed2f40,LEASEOS_B22_13_MAPPING_FOUNDATION-1.md | LEASEOS_B22_13_MAPPING_FOUNDATION.md,2,LEASEOS_B22_13_MAPPING_FOUNDATION.md
c19f309f5a5bc13fefdf5738a3f318a089f76c1643373fcd2b3a42484d4f1878,LEASEOS_B22_14_LEGAL_LAND-1.md | LEASEOS_B22_14_LEGAL_LAND.md,2,LEASEOS_B22_14_LEGAL_LAND.md
45a511d069fc1f2365cf9c74c0882c273d6076a5c06ecd47541878dd5af71ae8,LEASEOS_B22_15_STRUCTURES_STALENESS-1.md | LEASEOS_B22_15_STRUCTURES_STALENESS.md,2,LEASEOS_B22_15_STRUCTURES_STALENESS.md
d4ec52d9ec5e61054c626cf418ddeaa8161a0fe1f96f412401c3d485fe156c6b,LEASEOS_B22_16_ROUTING_GRAPH-2.md | LEASEOS_B22_16_ROUTING_GRAPH-1.md,2,LEASEOS_B22_16_ROUTING_GRAPH.md
c46c669abeb96570a146883803ba66d517bcd480a85efd19a486920814289933,LEASEOS_B22_1_CONTRACT_TERMS-1.md | LEASEOS_B22_1_CONTRACT_TERMS.md,2,LEASEOS_B22_1_CONTRACT_TERMS.md
bf2008f7e865808c0bff6506a495f284f8431ca23e0466b71f95c9cd5306ce53,LEASEOS_B22_2_TERMS_COMPLETE-1.md | LEASEOS_B22_2_TERMS_COMPLETE.md,2,LEASEOS_B22_2_TERMS_COMPLETE.md
7b43a8b8aa70540c4556b37eb579d92ad685966aa7aca16ab43dba06f73ecc00,LEASEOS_B22_3_MONEY_PRECISION.md | LEASEOS_B22_3_MONEY_PRECISION-1.md,2,LEASEOS_B22_3_MONEY_PRECISION.md
c2bfe8ed170c34e3aa473a843e56512ed95359d3e02faa05117fe7da45d4ed69,LEASEOS_B22_4_SHADOWS_EVERYWHERE.md | LEASEOS_B22_4_SHADOWS_EVERYWHERE-1.md,2,LEASEOS_B22_4_SHADOWS_EVERYWHERE.md
cf7e9b953be8f654cf6ebe2074a3ea03377874b0931b4bbfaaf01da0490af976,LEASEOS_B22_5_FIRST_LEDGER_RETIRED-1.md | LEASEOS_B22_5_FIRST_LEDGER_RETIRED.md,2,LEASEOS_B22_5_FIRST_LEDGER_RETIRED.md
5fac404fe6c48c92eefd7ff844d6fc703cac4bdb549c182fc6da601f5a0d2092,LEASEOS_B22_6_FUEL_RETIRED.md | LEASEOS_B22_6_FUEL_RETIRED-1.md,2,LEASEOS_B22_6_FUEL_RETIRED.md
ee0c9ad8325637a652e9d8073f507bf861c259741f9eaaf77ecbe9dc2eb1c3f6,LEASEOS_B22_7_COMMERCIAL_SETUP-1.md | LEASEOS_B22_7_COMMERCIAL_SETUP.md,2,LEASEOS_B22_7_COMMERCIAL_SETUP.md
735cf4742624967dec5b03566c07606c23017155279b65b350060a430aaad750,LEASEOS_B22_8_LINES_PRICED-1.md | LEASEOS_B22_8_LINES_PRICED.md,2,LEASEOS_B22_8_LINES_PRICED.md
1c04f0fff9a3cc76616967a3d049fae3abe608f92ea3df98b80922766a1945ec,LEASEOS_B22_9_INVOICE_PATH-1.md | LEASEOS_B22_9_INVOICE_PATH.md,2,LEASEOS_B22_9_INVOICE_PATH.md
0854cad922b52a40bb7cf80b7fded1ee30055c4b658fa129785f8c5a5a073331,LEASEOS_CURRENT_STATE-10.md | LEASEOS_CURRENT_STATE-9.md,2,LEASEOS_CURRENT_STATE.md
075c8637eca0a766c0f8825f1df431777a4f1fb2358fa71d1d472436eaab0382,PROCEDURE_AUTHORIZATION_INVENTORY-11.md | PROCEDURE_AUTHORIZATION_INVENTORY-10.md,2,PROCEDURE_AUTHORIZATION_INVENTORY.md
875b18f475857f46180b524d88bd059a5dcf774ce6bae3157c68276e98885703,leaseos-fieldroute-v22.16-routing-graph-1.zip | leaseos-fieldroute-v22.16-routing-graph-2.zip,2,
af5f258449ef377040e2a00b40551e9d085dee9e487b9311ebb57b2c1b056a8b,v20_2-to-v22_16-2.diff | v20_2-to-v22_16-1.diff,2,
56bb9fda7c4a0fff4dd451758c34463ecb1e8e1935c7392d5e0eeb690747f28f,DATA_SOURCES-2.md,1,DATA_SOURCES.md
ab0a1a2a12538ea5e8e3603a8ce4d4517b6184d41e3c8cda24020caf08c80e7e,LEASEOS_B20_10_VERIFIED_SOURCE_REGISTRY-1.md,1,LEASEOS_B20_10_VERIFIED_SOURCE_REGISTRY.md
496ab7ae1f114d1d15d63b763365afa18a32f52187fb58dd66ef25f67a33a740,LEASEOS_B20_14_V20_15_EXTRACTION_QUEUE.md,1,LEASEOS_B20_14_V20_15_EXTRACTION_QUEUE.md
d4e97ba6175d472d5b3158c9a82aa343084c9a6ff3ce7f2b55bd8048258587fe,LEASEOS_B20_15_V20_16_FINGERPRINT_DISPOSAL-1.md,1,LEASEOS_B20_15_V20_16_FINGERPRINT_DISPOSAL.md
494d81a9d8a9e458c27f9b30a914e82cdc133f9d06e8e7d6c14a9c02ece921e8,LEASEOS_B20_16_V20_17_INTEGRITY_CLOSURE.md,1,LEASEOS_B20_16_V20_17_INTEGRITY_CLOSURE.md
79b2a5e45345634d680d66e46731e0566234c23b63eb3cbe3e7ad0e3ee807a2f,LEASEOS_B20_17_V20_18_FUEL_LEDGER.md,1,LEASEOS_B20_17_V20_18_FUEL_LEDGER.md
b0a13189cb0bbfb16bbbf0269a3fa3ffd65faa8fd0cf72fb7b94465404bb963a,LEASEOS_B20_18_V20_19_ROADSIDE_AP.md,1,LEASEOS_B20_18_V20_19_ROADSIDE_AP.md
fd65a538923ca95f8f1e49f17c722b7cc0a459c4aeee132a5068da9c4e504ea1,LEASEOS_B20_19_V20_20_SECURE_FIELD_RUNTIME.md,1,LEASEOS_B20_19_V20_20_SECURE_FIELD_RUNTIME.md
d580ab57233e51d193d7d161530298d50f87f947172b36350949b268ebc4f1b1,LEASEOS_B20_1_WORKFLOW_WIRING.md,1,LEASEOS_B20_1_WORKFLOW_WIRING.md
e3aa6333da96dd9553642eb5f17dca7962803a5c2557fffdf7dc33ea279095cc,LEASEOS_B20_20_V20_21_COMPLIANCE_REGISTRY.md,1,LEASEOS_B20_20_V20_21_COMPLIANCE_REGISTRY.md
7c20db2f77793752bb53badd2f03f666f94c26eea9c67d534272a5eaf66c4195,LEASEOS_B20_21_V20_22_REQUIREMENT_ENGINE.md,1,LEASEOS_B20_21_V20_22_REQUIREMENT_ENGINE.md
566d9950eb195e18bb194634018d2a45a1be210c8b366221db550898c61061ef,LEASEOS_B20_22_V20_23_INSURANCE_RISK.md,1,LEASEOS_B20_22_V20_23_INSURANCE_RISK.md
ed830546b299aa9213c0f367b1aff6f9669e036c4710d5b6b704d7f4d1430c95,LEASEOS_B20_2_AUTHORIZATION-1.md,1,LEASEOS_B20_2_AUTHORIZATION.md
3eaad78877b79ec85c64178bf660cd0e606ecb90d682c964bfc38ada36bdd359,LEASEOS_B20_3_AUTHORIZATION_ENFORCEMENT.md,1,LEASEOS_B20_3_AUTHORIZATION_ENFORCEMENT.md
e96f5cf6b3d8bf6e7a5b1cbea0032a68a2f428d84fcc7b6943283ce09c9b7a4e,LEASEOS_B20_4_API_MIGRATION.md,1,LEASEOS_B20_4_API_MIGRATION.md
e1414c2ab6ba6e81e1ffba6f63f6f6231d1281f2c0af8efa19998a99f1c07213,LEASEOS_B20_5_PAYROLL_FINANCE_TAX-1.md,1,LEASEOS_B20_5_PAYROLL_FINANCE_TAX.md
e19debb0c39b17d463134d3739ba811bfeb584a74c043157363deeb466bfb601,LEASEOS_B20_6_AUTHORIZATION_COMPLETE-1.md,1,LEASEOS_B20_6_AUTHORIZATION_COMPLETE.md
751ff519232712b33ea6a8fa20891157e9f564a842eb80ebf1f0c38101aa776b,LEASEOS_B20_7_PAYROLL_FINANCE_API.md,1,LEASEOS_B20_7_PAYROLL_FINANCE_API.md
47c61773a3319b256bbf87582560f0905229d0dd50197863561cc7b615870488,LEASEOS_B20_8_EXTERNAL_DATA_ROUTING-1.md,1,LEASEOS_B20_8_EXTERNAL_DATA_ROUTING.md
11e99ee9969acce493a7d43b74d0c0752922044bbcee9cfaa463948b63f613ad,LEASEOS_B20_MEASUREMENT_LADDER.md,1,LEASEOS_B20_MEASUREMENT_LADDER.md
9f1b3ffc6d352182d400c43a3ab0786178287f76dc5629932f705c6be506df53,LEASEOS_B20_RECORDS_VAULT.md,1,LEASEOS_B20_RECORDS_VAULT.md
4a01276a64d4df8b1807a4a20e7e729cdefaa86774878a905ab359b37ea1e666,LEASEOS_B21_0_UNIVERSAL_SURFACES.md,1,LEASEOS_B21_0_UNIVERSAL_SURFACES.md
c92c87cb4886932a247c0ca8ab40dd6c473e4deeec7757dcb4a646b399a9161e,LEASEOS_B21_10_COMMERCIAL_PORTALS.md,1,LEASEOS_B21_10_COMMERCIAL_PORTALS.md
36c1e50d4f6349028df1fb10dbe931924860014c1885df406353cb87bfe4a120,LEASEOS_B21_11_SITE_SIGNOFF_CHAIN-1.md,1,LEASEOS_B21_11_SITE_SIGNOFF_CHAIN.md
fcfd4a725e8542dd63bc6e88d8d78de174dfa4289acd5c90c985730abb809f4d,LEASEOS_B21_12_PORTAL_HARDENING.md,1,LEASEOS_B21_12_PORTAL_HARDENING.md
69e3198f21f36127bb0c9f12eeeb0f38aadd859eea8e0a322861cfbb5608af4e,LEASEOS_B21_13_CUSTOMER_LIVE_VIEW-2.md,1,LEASEOS_B21_13_CUSTOMER_LIVE_VIEW.md
0aad35046c11f1a94d862a2d0f29e5945476e2f5f1565ca8955c82f1c3f2458b,LEASEOS_B21_14_CUSTOMER_TRANSACTION.md,1,LEASEOS_B21_14_CUSTOMER_TRANSACTION.md
53dd4797bcd27d00c3bf867257883a4f895637fc2e86a0966a34d648aeb6ace7,LEASEOS_B21_15_FLEET_SHOP.md,1,LEASEOS_B21_15_FLEET_SHOP.md
68aec1b18b85e82a7560c058d498c6303609989bbc20a51749656e3174b1d93b,LEASEOS_B21_16_CAPITAL_ASSETS.md,1,LEASEOS_B21_16_CAPITAL_ASSETS.md
527a6ee7c4c101dfac4e4fa894d4ee7bba9929fdd8eb07791db02d0beb7abf02,LEASEOS_B21_1_DISPATCH_GATE.md,1,LEASEOS_B21_1_DISPATCH_GATE.md
74876f23aa1d51f3cdef4531e08ed4ea26d7b7da53c26cdd05aad68a999ce559,LEASEOS_B21_2_DISPATCH_ENFORCEMENT.md,1,LEASEOS_B21_2_DISPATCH_ENFORCEMENT.md
197155ad350ef0083804cf80735074aa5ce2eb2cbadcf13524b9e30279be915e,LEASEOS_B21_3_IFTA.md,1,LEASEOS_B21_3_IFTA.md
3b53ac59d79805c0ea7d6ebb44763ce19d43017aabc7c77d269d01bb51203b04,LEASEOS_B21_4_BULK_FUEL_STATEMENTS.md,1,LEASEOS_B21_4_BULK_FUEL_STATEMENTS.md
3a24d9210410d1817672c175c5791e0ac4e6ee413bcc94aff2a078ca849b7898,LEASEOS_B21_5_PERIOD_CLOSE-1.md,1,LEASEOS_B21_5_PERIOD_CLOSE.md
0f2ed9b0462937e72158d2839187a4478c35246e527585d66e386a80622fe7f2,LEASEOS_B21_6_FIELD_RUNTIME.md,1,LEASEOS_B21_6_FIELD_RUNTIME.md
c9b3737c1a49281e3627fb0bc581347aa231d3a6853e7eecaa95bd7a628137cc,LEASEOS_B21_7_PORTAL_EXPERIENCE.md,1,LEASEOS_B21_7_PORTAL_EXPERIENCE.md
8ecd1197ba998c0ed09caf0bc8924d0c78c5dbf88b5648576a4de621ad004f50,LEASEOS_B21_8_GST_HST.md,1,LEASEOS_B21_8_GST_HST.md
e591c8fe371c14f793e7a7bbf89f94ede2e50bc384e98efb3292daeb51cf1427,LEASEOS_B21_9_1_INTEGRITY_HOTFIX.md,1,LEASEOS_B21_9_1_INTEGRITY_HOTFIX.md
a4e1037c310328483fae2b6aac0745eb5c41b25fc892ecbb6c04e5e22ada94e5,LEASEOS_B21_9_BANK_AND_AR-1.md,1,LEASEOS_B21_9_BANK_AND_AR.md
fdcb19e41dea354a9930a27515f0d4e45520d9747d25aa95231ee6cccfa73db8,LEASEOS_B22_5_1_OPERATIONAL_TRUTH.md,1,LEASEOS_B22_5_1_OPERATIONAL_TRUTH.md
