path,bytes,sha256,extension,area
.github/workflows/ci.yml,1332,ebe1355bc86b0b6b04984dc45ab2535b89599db59d9f802e3c7395fb5831b580,.yml,.github
.gitignore,1390,b4572613f7e7b7827f8dd1c7543b03f903082ba146ebe8115dd9bd81aebd4bee,,root
.gitkeep,0,e3b0c44298fc1c149afbf4c8996fb92427ae41e4649b934ca495991b7852b855,,root
.prettierignore,310,17f593918ed38aec9deac4301d519a4349172c649d1849ce17190cedbde33228,,root
.prettierrc,310,087532218269eb851c22dcc3d5234ea46bfa513b494a3d7b167b1c1f48c410c5,,root
DATA_SOURCES.md,5116,56bb9fda7c4a0fff4dd451758c34463ecb1e8e1935c7392d5e0eeb690747f28f,.md,root
LEASEOS_ASSISTANT_ENGINE.md,4937,16c320de046162cd84395980a3c6e25842dc4598cce54c2ec6742241be7102a3,.md,root
LEASEOS_ASSISTANT_WIRING.md,3896,b9e14d058b95cbcd36c288565d11660b41d54163426e0a98fb9e436a3396eeca,.md,root
LEASEOS_B12_ROUTING_EVIDENCE.md,7563,97c9a3928e8d91aface5541505dd0f8789138ab1ad1be5fb460112f2931d9c4b,.md,root
LEASEOS_B13_DATA_GOVERNANCE.md,7492,aff1a2fae656f5bd2915ed9127531d713d5af894976ccb4d4229375f8e83879d,.md,root
LEASEOS_B14_DISPATCH.md,8235,3083f073bbf61cb29b6a090069ec105370632d6e60f16ede205235c91d2f9f28,.md,root
LEASEOS_B15_TRANSACTIONAL_DISPATCH.md,8479,8f66ea89bebb3a3634dbfb3243fbee40920e40d09c8d2d2362c26ac2a70c15d8,.md,root
LEASEOS_B16_CI_DATABASE.md,5580,3149372956f14f6280763bef8ed6ade36aa2f49170e90c6789c7415d63b0e4df,.md,root
LEASEOS_B17_1_PRODUCTION_WIRING.md,6009,b8c057c46268f209473a6fed2ab24c6a65dd321a14593b07dd4290f6f4a65a97,.md,root
LEASEOS_B17_WORKFLOW_CORE.md,6308,56891b3395f085203ad18cd45149ad33e64fe42ac06b8861f2c554b3ff0ee67e,.md,root
LEASEOS_B18_BILLING_ADJUSTMENTS.md,5661,894d2d6f33a38753c1829de356e2ea3d3f95afd89aba24b4ed058a2a3f93a917,.md,root
LEASEOS_B19_END_TO_END.md,5147,ff78b46bb1f4f8bd12563d73b6b2772359b44f703bd1044ecdd014f0ad287f3d,.md,root
LEASEOS_B20_10_VERIFIED_SOURCE_REGISTRY.md,7444,ab0a1a2a12538ea5e8e3603a8ce4d4517b6184d41e3c8cda24020caf08c80e7e,.md,root
LEASEOS_B20_11_P3_TYPED_COMMIT.md,10104,f9b4bfbbaa51bd70640ae6a7665223a8d232a72f0b39d33efbfee3cc2542cdda,.md,root
LEASEOS_B20_12_V20_13_PROMOTION.md,7728,8f4caa415cc9735fd8fc13adc822c0202063b3be308951438b678eb38183da12,.md,root
LEASEOS_B20_13_PORTALS_FUNDING.md,6865,1f484e4ea28a0d2e4fdb6d8e038f230161740d33259ead01903ad1c4ef87a684,.md,root
LEASEOS_B20_14_V20_15_EXTRACTION_QUEUE.md,7434,496ab7ae1f114d1d15d63b763365afa18a32f52187fb58dd66ef25f67a33a740,.md,root
LEASEOS_B20_15_V20_16_FINGERPRINT_DISPOSAL.md,6389,d4e97ba6175d472d5b3158c9a82aa343084c9a6ff3ce7f2b55bd8048258587fe,.md,root
LEASEOS_B20_16_V20_17_INTEGRITY_CLOSURE.md,6350,494d81a9d8a9e458c27f9b30a914e82cdc133f9d06e8e7d6c14a9c02ece921e8,.md,root
LEASEOS_B20_17_V20_18_FUEL_LEDGER.md,6830,79b2a5e45345634d680d66e46731e0566234c23b63eb3cbe3e7ad0e3ee807a2f,.md,root
LEASEOS_B20_18_V20_19_ROADSIDE_AP.md,7190,b0a13189cb0bbfb16bbbf0269a3fa3ffd65faa8fd0cf72fb7b94465404bb963a,.md,root
LEASEOS_B20_19_V20_20_SECURE_FIELD_RUNTIME.md,6856,fd65a538923ca95f8f1e49f17c722b7cc0a459c4aeee132a5068da9c4e504ea1,.md,root
LEASEOS_B20_1_WORKFLOW_WIRING.md,6545,d580ab57233e51d193d7d161530298d50f87f947172b36350949b268ebc4f1b1,.md,root
LEASEOS_B20_20_V20_21_COMPLIANCE_REGISTRY.md,6952,e3aa6333da96dd9553642eb5f17dca7962803a5c2557fffdf7dc33ea279095cc,.md,root
LEASEOS_B20_21_V20_22_REQUIREMENT_ENGINE.md,6485,7c20db2f77793752bb53badd2f03f666f94c26eea9c67d534272a5eaf66c4195,.md,root
LEASEOS_B20_22_V20_23_INSURANCE_RISK.md,8571,566d9950eb195e18bb194634018d2a45a1be210c8b366221db550898c61061ef,.md,root
LEASEOS_B20_2_AUTHORIZATION.md,7310,ed830546b299aa9213c0f367b1aff6f9669e036c4710d5b6b704d7f4d1430c95,.md,root
LEASEOS_B20_3_AUTHORIZATION_ENFORCEMENT.md,8052,3eaad78877b79ec85c64178bf660cd0e606ecb90d682c964bfc38ada36bdd359,.md,root
LEASEOS_B20_4_API_MIGRATION.md,6449,e96f5cf6b3d8bf6e7a5b1cbea0032a68a2f428d84fcc7b6943283ce09c9b7a4e,.md,root
LEASEOS_B20_5_PAYROLL_FINANCE_TAX.md,9406,e1414c2ab6ba6e81e1ffba6f63f6f6231d1281f2c0af8efa19998a99f1c07213,.md,root
LEASEOS_B20_6_AUTHORIZATION_COMPLETE.md,6944,e19debb0c39b17d463134d3739ba811bfeb584a74c043157363deeb466bfb601,.md,root
LEASEOS_B20_7_PAYROLL_FINANCE_API.md,7330,751ff519232712b33ea6a8fa20891157e9f564a842eb80ebf1f0c38101aa776b,.md,root
LEASEOS_B20_8_EXTERNAL_DATA_ROUTING.md,7547,47c61773a3319b256bbf87582560f0905229d0dd50197863561cc7b615870488,.md,root
LEASEOS_B20_9_UNIVERSAL_PERMISSIONS.md,2137,dfce81f1178e50351f4e4514105e4388608906ccdce6a9d76daa1429d0c4cc9d,.md,root
LEASEOS_B20_MEASUREMENT_LADDER.md,10177,11e99ee9969acce493a7d43b74d0c0752922044bbcee9cfaa463948b63f613ad,.md,root
LEASEOS_B20_RECORDS_VAULT.md,9840,9f1b3ffc6d352182d400c43a3ab0786178287f76dc5629932f705c6be506df53,.md,root
LEASEOS_B21_0_UNIVERSAL_SURFACES.md,7231,4a01276a64d4df8b1807a4a20e7e729cdefaa86774878a905ab359b37ea1e666,.md,root
LEASEOS_B21_10_COMMERCIAL_PORTALS.md,5788,c92c87cb4886932a247c0ca8ab40dd6c473e4deeec7757dcb4a646b399a9161e,.md,root
LEASEOS_B21_11_SITE_SIGNOFF_CHAIN.md,5795,36c1e50d4f6349028df1fb10dbe931924860014c1885df406353cb87bfe4a120,.md,root
LEASEOS_B21_12_PORTAL_HARDENING.md,5763,fcfd4a725e8542dd63bc6e88d8d78de174dfa4289acd5c90c985730abb809f4d,.md,root
LEASEOS_B21_13_CUSTOMER_LIVE_VIEW.md,3971,69e3198f21f36127bb0c9f12eeeb0f38aadd859eea8e0a322861cfbb5608af4e,.md,root
LEASEOS_B21_14_CUSTOMER_TRANSACTION.md,5827,0aad35046c11f1a94d862a2d0f29e5945476e2f5f1565ca8955c82f1c3f2458b,.md,root
LEASEOS_B21_15_FLEET_SHOP.md,4462,53dd4797bcd27d00c3bf867257883a4f895637fc2e86a0966a34d648aeb6ace7,.md,root
LEASEOS_B21_16_CAPITAL_ASSETS.md,4085,68aec1b18b85e82a7560c058d498c6303609989bbc20a51749656e3174b1d93b,.md,root
LEASEOS_B21_17_COMMERCIAL_PROJECTS.md,3372,a2e558278788dfc0a3b18c97f4d6b9fc8096a09d7c00806ec437be1fb7d73cfa,.md,root
LEASEOS_B21_18_INTEGRATION_GATEWAY.md,3913,86f08bbe42b6789378276fcf8e5d1ffdf0c9cf84f7eac9c61eb2d771595d1262,.md,root
LEASEOS_B21_19_TELEMATICS.md,4308,04052279c7e37cbe7184198af0062a75c3e673df1ed900de52b6d435a722e13e,.md,root
LEASEOS_B21_1_DISPATCH_GATE.md,7924,527a6ee7c4c101dfac4e4fa894d4ee7bba9929fdd8eb07791db02d0beb7abf02,.md,root
LEASEOS_B21_20_WORKFORCE.md,3384,cac35bcf11f836e88cf8b567878aace6a3d7df84d611e305cd001da933334fa9,.md,root
LEASEOS_B21_21_AUDIT_PACKAGES.md,3705,acc696118dae0bba6feca6026fe8105f437e87dd2d9289d4a04c440d91f55fe4,.md,root
LEASEOS_B21_2_DISPATCH_ENFORCEMENT.md,5487,74876f23aa1d51f3cdef4531e08ed4ea26d7b7da53c26cdd05aad68a999ce559,.md,root
LEASEOS_B21_3_IFTA.md,4910,197155ad350ef0083804cf80735074aa5ce2eb2cbadcf13524b9e30279be915e,.md,root
LEASEOS_B21_4_BULK_FUEL_STATEMENTS.md,4419,3b53ac59d79805c0ea7d6ebb44763ce19d43017aabc7c77d269d01bb51203b04,.md,root
LEASEOS_B21_5_PERIOD_CLOSE.md,4902,3a24d9210410d1817672c175c5791e0ac4e6ee413bcc94aff2a078ca849b7898,.md,root
LEASEOS_B21_6_FIELD_RUNTIME.md,5521,0f2ed9b0462937e72158d2839187a4478c35246e527585d66e386a80622fe7f2,.md,root
LEASEOS_B21_7_PORTAL_EXPERIENCE.md,4479,c9b3737c1a49281e3627fb0bc581347aa231d3a6853e7eecaa95bd7a628137cc,.md,root
LEASEOS_B21_8_GST_HST.md,4336,8ecd1197ba998c0ed09caf0bc8924d0c78c5dbf88b5648576a4de621ad004f50,.md,root
LEASEOS_B21_9_1_INTEGRITY_HOTFIX.md,4845,e591c8fe371c14f793e7a7bbf89f94ede2e50bc384e98efb3292daeb51cf1427,.md,root
LEASEOS_B21_9_BANK_AND_AR.md,4123,a4e1037c310328483fae2b6aac0745eb5c41b25fc892ecbb6c04e5e22ada94e5,.md,root
LEASEOS_B22_0_SPATIAL_FOUNDATION.md,4962,31d71f238972569a107803e9e35c2a9449301a4bc453ba369b750c316fd47a96,.md,root
LEASEOS_B22_10_INVOICE_TO_CUSTOMER.md,3492,b1bf177fbfe1fa49218508aa10f17bce48ab773812127cd85d74e4f69713c349,.md,root
LEASEOS_B22_11_CREDITS_VOIDS.md,3054,a9383ef1748ea13bda288fd5ceb3ff213086225bc9a8f95bacfc92eed37b22c4,.md,root
LEASEOS_B22_12_SETUP_WIZARD.md,2877,796d7de59d0f67c821eb219d96f2077e0973bb145a554231a36f78286b4c27bb,.md,root
LEASEOS_B22_13_MAPPING_FOUNDATION.md,5820,9831feef45eed11e9efc9b1010f0a8c84bf9c13b32a95165cba05b5107ed2f40,.md,root
LEASEOS_B22_14_LEGAL_LAND.md,5296,c19f309f5a5bc13fefdf5738a3f318a089f76c1643373fcd2b3a42484d4f1878,.md,root
LEASEOS_B22_15_STRUCTURES_STALENESS.md,4992,45a511d069fc1f2365cf9c74c0882c273d6076a5c06ecd47541878dd5af71ae8,.md,root
LEASEOS_B22_16_ROUTING_GRAPH.md,4698,d4ec52d9ec5e61054c626cf418ddeaa8161a0fe1f96f412401c3d485fe156c6b,.md,root
LEASEOS_B22_1_CONTRACT_TERMS.md,3888,c46c669abeb96570a146883803ba66d517bcd480a85efd19a486920814289933,.md,root
LEASEOS_B22_2_TERMS_COMPLETE.md,3529,bf2008f7e865808c0bff6506a495f284f8431ca23e0466b71f95c9cd5306ce53,.md,root
LEASEOS_B22_3_MONEY_PRECISION.md,3676,7b43a8b8aa70540c4556b37eb579d92ad685966aa7aca16ab43dba06f73ecc00,.md,root
LEASEOS_B22_4_SHADOWS_EVERYWHERE.md,2191,c2bfe8ed170c34e3aa473a843e56512ed95359d3e02faa05117fe7da45d4ed69,.md,root
LEASEOS_B22_5_1_OPERATIONAL_TRUTH.md,5146,fdcb19e41dea354a9930a27515f0d4e45520d9747d25aa95231ee6cccfa73db8,.md,root
LEASEOS_B22_5_FIRST_LEDGER_RETIRED.md,2579,cf7e9b953be8f654cf6ebe2074a3ea03377874b0931b4bbfaaf01da0490af976,.md,root
LEASEOS_B22_6_FUEL_RETIRED.md,2296,5fac404fe6c48c92eefd7ff844d6fc703cac4bdb549c182fc6da601f5a0d2092,.md,root
LEASEOS_B22_7_COMMERCIAL_SETUP.md,5685,ee0c9ad8325637a652e9d8073f507bf861c259741f9eaaf77ecbe9dc2eb1c3f6,.md,root
LEASEOS_B22_8_LINES_PRICED.md,3460,735cf4742624967dec5b03566c07606c23017155279b65b350060a430aaad750,.md,root
LEASEOS_B22_9_INVOICE_PATH.md,4113,1c04f0fff9a3cc76616967a3d049fae3abe608f92ea3df98b80922766a1945ec,.md,root
LEASEOS_BILLING_RECORDS_CHAIN.md,15184,ceb5308509cd3c25c56fdd605485f4a59089fa2ea1a404feadbdca0aae40a2a7,.md,root
LEASEOS_BRANCH_RECONCILIATION.md,5009,8ece29acc8b0eab62ab381885f2fb8799524321d1469e70c9fcb0c040f2e8920,.md,root
LEASEOS_BUILD_PLAN.md,14489,76ba11f23bfe7e5172335a39c00be01a08154194ceced2401b8a7d041f49e84d,.md,root
LEASEOS_BUILD_SPEC.md,10890,ef6ac0f1ed4c67ef5cfaafda7c46182ffd184545749685150850911f3414abc9,.md,root
LEASEOS_CURRENT_STATE.md,10475,0854cad922b52a40bb7cf80b7fded1ee30055c4b658fa129785f8c5a5a073331,.md,root
LEASEOS_DESIGN_SYSTEM.md,7494,8cb911299f820d77463ee37cbff2e43a5c2d13d8e7d859f2052c2d89fb0090f4,.md,root
LEASEOS_FUNCTIONAL_SPEC.md,17241,fe23d79d7174791e4b1ea7a445ff2cd1253305e59c612ec7ba11d3eaa81336ec,.md,root
LEASEOS_MASTER_PROGRAMMING_MANIFEST_V8.md,46030,8cda6a7e28f6ff746718efd0564fb3cd97827665c37c1e233364499e1e705b63,.md,root
LEASEOS_TAXONOMY_ROUTING.md,9277,69eef6e8f0c9f285af4e93a076e7b74a9ae0e8cef2d2856e346a9297805d7f4b,.md,root
PROCEDURE_AUTHORIZATION_INVENTORY.md,36946,075c8637eca0a766c0f8825f1df431777a4f1fb2358fa71d1d472436eaab0382,.md,root
client/index.html,909,268f65745708cd32577aacbad7cab4939197f1856c896a4f2ed3a88187e36630,.html,client
client/public/.gitkeep,0,e3b0c44298fc1c149afbf4c8996fb92427ae41e4649b934ca495991b7852b855,,client
client/public/__manus__/debug-collector.js,25168,e95d3246bc3757b46286221060b7346ea59fb6a9c94aa05f5eae7e7e09877d1b,.js,client
client/public/__manus__/version.json,57,0f4cec2eb406d0abeef929013d80610abeb094dbe0331337a62adc921ce6ef88,.json,client
client/src/App.tsx,4718,d8c3b649f9c7068d5a9aaba856c8dffb0c84e9f7e73c73544a8ef4ea31973c62,.tsx,client
client/src/_core/hooks/useAuth.ts,2857,2d87f1597ab79277ab1755353fc21d362aa05c4e20b79c320001ead15923cca7,.ts,client
client/src/components/AIChatBox.tsx,14265,e25e8aa5e2522c87a7d09c95170e231e03fac634881d549339db4134ce3cccbf,.tsx,client
client/src/components/DashboardLayout.tsx,12485,4e99dd5642083587df2d50140bb821a0213f085016f4f0ccf1f74e565350136c,.tsx,client
client/src/components/DashboardLayoutSkeleton.tsx,1628,1d26be9aa13a51749cb5e1399f3b820a4c8752acd6727c8f5008bfa1573e63f9,.tsx,client
client/src/components/ErrorBoundary.tsx,1688,3b0bdb7a19758fcd440138ccfb5f306b96836564f15d7c8c9663d7dd7417e972,.tsx,client
client/src/components/ManusDialog.tsx,2432,66237a756ee50b4195a074f689aa97dd4ec445cbbc6f0d11f12bb32a6fb4cd0d,.tsx,client
client/src/components/Map.tsx,2278,082e8ddf3a7eccff44d0bf73e4abe4dba67dd5f88abb2879378b4fe9ebe15830,.tsx,client
client/src/components/ui/accordion.tsx,2048,7b96cf50388ad3d07be64924ab33ba5f63b79a6a5749ebe4d31c789c0bc00d44,.tsx,client
client/src/components/ui/alert-dialog.tsx,3866,aeecd7967eb0be3bad2753b6633d9a43cc4c08cb35de872ffdc0b9f2b6a9b26c,.tsx,client
client/src/components/ui/alert.tsx,1622,eccfc7f6ca9d51407cb413a3ca4b5ac721898ac93d38e95c02c35188ad674abe,.tsx,client
client/src/components/ui/aspect-ratio.tsx,269,654f5d6e9ed17472305d7e6fc5de30453875ffae585f5d064aedc9e6945bdbb0,.tsx,client
client/src/components/ui/avatar.tsx,1090,c2382ff71d7ef3492096ed6ef35bf82e1fd421a81d55ca80453f5f5138eac360,.tsx,client
client/src/components/ui/badge.tsx,1639,51fd797c59e63d164ade736769f19f26e41c157daba29aa0b327b3b226f4d4ac,.tsx,client
client/src/components/ui/breadcrumb.tsx,2371,dd84657e30691ea7f14a785c13b660d6cd626c08ba1df8439c3eca858ee3cd7e,.tsx,client
client/src/components/ui/button-group.tsx,2220,ba1d824f0f4d8b5dd78a80fa766e3543eefb9173143652be2c7cb765af1864f5,.tsx,client
client/src/components/ui/button.tsx,2087,9b7892344505817e5002f1b6f9ae64ea021d86576c8311a01c06cfb3b9ded774,.tsx,client
client/src/components/ui/calendar.tsx,7663,89308bce82e8b23b611cfbc88bc19f7b341d7109ab9a2838c04cb50922113501,.tsx,client
client/src/components/ui/card.tsx,1997,1397e7d264d90162220ea7473b311e434651886267c71e7f58d4488be9d8ff39,.tsx,client
client/src/components/ui/carousel.tsx,5603,42f66e6fde568c209df5d58a4ca13c3ae92d120a04fd99f7be695d6a570ef0a9,.tsx,client
client/src/components/ui/chart.tsx,10113,47c4de202fe1dc229af94d2c86197251d279bee131d2a6fb75ab9e58cec71aab,.tsx,client
client/src/components/ui/checkbox.tsx,1218,4fc309590e66d3c41e3be5fb73f988b0e916e7bf5fff321c22c3a64cd4fe97cf,.tsx,client
client/src/components/ui/collapsible.tsx,791,95b5b9ea89a4105045c58b7eba539e57a1f4abc5a54d43ea0f7168f46b645eeb,.tsx,client
client/src/components/ui/command.tsx,4838,47910540789d4de9e890de63bfc0046f9cf6bfaa86d496a98c79622900f8520c,.tsx,client
client/src/components/ui/context-menu.tsx,8284,fe63c0a0dcabe749874ad19e07dee8418337c62dd64452fc08b5abf27b49b9eb,.tsx,client
client/src/components/ui/dialog.tsx,6024,1c8a979de6e22b7eb28d20392f6a52b9e08b4e8c18e52a0a69ed8be5d825f614,.tsx,client
client/src/components/ui/drawer.tsx,4255,573deecc31f90fcd96f53a37b2e5363eb326fe737cbdb28cac38a5d014734fc8,.tsx,client
client/src/components/ui/dropdown-menu.tsx,8434,ede99252b737a29eb1f05370956e2b842be161b6a661f1429155ac561653d029,.tsx,client
client/src/components/ui/empty.tsx,2406,c0b612929b15fd498b984d8d98d1b082a3eb294be5aa8eb9cb53b67cf152f465,.tsx,client
client/src/components/ui/field.tsx,6057,f093424ca5eadf43d46b020ed780aee7aa5f6d90d0b48fb50c031e3d7b0528c7,.tsx,client
client/src/components/ui/form.tsx,3801,0157362d572713567d989b726277879e75c60c24684ade4aef854867dc2fac48,.tsx,client
client/src/components/ui/hover-card.tsx,1525,bdfe831708e7de6b9fbb14d8fe5af5a0985f67cff3c2b5755b4b570c3b4e7ad5,.tsx,client
client/src/components/ui/input-group.tsx,5066,f62f2be2ad4c2c7711e7b25b0d6c03572f7871cb4022e9f4f6860dcd77dd9e57,.tsx,client
client/src/components/ui/input-otp.tsx,2253,45fc7fed882aa5024d8eea52d9b392d13b1d80f2b7f846365bc2586e3d16253d,.tsx,client
client/src/components/ui/input.tsx,2742,31629c814cd585b4c0a0a43e6efe141bc9a6b9a020c6ea66435fa3ef036c3642,.tsx,client
client/src/components/ui/item.tsx,4513,89f2ed48c2270064d63e0a40f755c1da14e99e7db46bceac56d6dee7b45b8798,.tsx,client
client/src/components/ui/kbd.tsx,866,4f8f3e521b2b007643b8a2c8f86cf547bd87e703dc2bed067083ca48f901d6ad,.tsx,client
client/src/components/ui/label.tsx,602,7fdad17d8e83912ad0cfc372c551a901ab98523ef17c0792a17c592a147db732,.tsx,client
client/src/components/ui/menubar.tsx,8405,53fb1c058fabaf0cfb3fb2cfdb9b17ccc8762376d62cc011150d919209b82c1a,.tsx,client
client/src/components/ui/navigation-menu.tsx,6680,aafccbe2b05d9f80b7d007301b51aaede4692efc468304c5fb11b21cd0c0ef43,.tsx,client
client/src/components/ui/pagination.tsx,2726,8f0d822b4688eb131e37fbf2330e19b269ab6487583be3249b98f3b68bb07928,.tsx,client
client/src/components/ui/popover.tsx,1629,5e7bec05904d9091a7b53963f5b49660bf3564b02a057ef8640ab6855d6e32fd,.tsx,client
client/src/components/ui/progress.tsx,731,2297e3c13d5b2a04a9164c3900c8cae2e477c07ebed35c4bbda98d1232ab7b7e,.tsx,client
client/src/components/ui/radio-group.tsx,1459,025f03d81d4e304eb27d94e6517f37072a3941df8f8603ac55cfb42b17cd99ef,.tsx,client
client/src/components/ui/resizable.tsx,2023,52e1027a4b4a5f70f0479f69fe40046dfa112952b7e568292727e1618348ee80,.tsx,client
client/src/components/ui/scroll-area.tsx,1637,793c5d69e6e5ce8bcbe453b8834d53f3a90839fc8e8e1f9fe5f77e7626566677,.tsx,client
client/src/components/ui/select.tsx,6297,40945665ec8363e55ae38f26115ee763cbc5548bed585eed569d406cbc4b7a75,.tsx,client
client/src/components/ui/separator.tsx,690,23bbf3f74d01f55533f6f22ebbc2b299137421e07896cb7af21245756a10c27e,.tsx,client
client/src/components/ui/sheet.tsx,4107,ab22e38f2cf312a31a84fb91f7e912f0da66e809f6e1ae675ec6cf0c8ec0ba61,.tsx,client
client/src/components/ui/sidebar.tsx,21947,476d79a6ecc015e4dbfbc76aad0c8680b3e81716f5a9366f97f8219695a27e70,.tsx,client
client/src/components/ui/skeleton.tsx,279,1f75b999a5ad2f65e8fb807faa2b3fccef9eb333996fb4c9030575dac7393091,.tsx,client
client/src/components/ui/slider.tsx,1988,9c458646597836916678a9bce2f3064d4d5cdb0c65d32d92bc71f57d7569fb6b,.tsx,client
client/src/components/ui/sonner.tsx,561,a65fe9ded89363ec546f28401a26caec1a3aa38c52259eb829cfa33723dbe3a5,.tsx,client
client/src/components/ui/spinner.tsx,335,ecd836d476573adb4403747c3457339276805433c20eacf3408303b76ec283ff,.tsx,client
client/src/components/ui/switch.tsx,1168,688cccb52220e05f6770fb5e8296375f2a784bcf6585eb26a721a9f29361ab60,.tsx,client
client/src/components/ui/table.tsx,2445,085566291cf03c9fea590aa9b77339feebf04cf8ce23494a3667f84bf4811e29,.tsx,client
client/src/components/ui/tabs.tsx,1963,394b62295cee5185e858bcabfafcd5a7287910944c962fbd9c1c06444b22cedb,.tsx,client
client/src/components/ui/textarea.tsx,2627,3b4d8ddff604ece6c52309a21a6b352af4701e96bcb9d3596b372fe983e8604a,.tsx,client
client/src/components/ui/toggle-group.tsx,1936,92e7640e30c4ae3ffd775e9a3d845327c26d9ce0f9f39555c2e7cfc2c8671c4d,.tsx,client
client/src/components/ui/toggle.tsx,1563,a922c5e0534b9fd556ff8a8b56e25f7d24544be6050472cdd1ea003b8a0f3e47,.tsx,client
client/src/components/ui/tooltip.tsx,1886,6f0c581e2018d676e43c0b4b5aeb62d3fe68e65907cf748548208d75ac212677,.tsx,client
client/src/const.ts,1465,d7cdbd188f13aa1449030f34b529aa49dc28e62a44a8ddc8029f24e9afe1e9c4,.ts,client
client/src/contexts/ThemeContext.tsx,1467,e025cdb51ad747757235b16dccbb39b5e949cdf93fa9a822ff81ef6e32f65924,.tsx,client
client/src/hooks/useComposition.ts,2333,674c515075a2f318d4ec2291313ba552488de0b2c1aac7f36f3d71c4e34d434e,.ts,client
client/src/hooks/useMobile.tsx,584,464e778a9da49481e3c6dac4f92ff589e01349b33063a74c45435cfeed81e1c0,.tsx,client
client/src/hooks/usePersistFn.ts,471,60cc14f39a3f8b212d7baf4beeaf35f81e09a7c78e4154bcca3477e010879511,.ts,client
client/src/index.css,2825,6da71ae92ac22daa28e13d0536853866dc136f14c4b19941eefe28c69034e738,.css,client
client/src/lib/showcaseGuard.ts,1328,5fca60e3c2532e41c10ed9301e05f83c2703031ca535976e073e7179490acb20,.ts,client
client/src/lib/trpc.ts,162,d883ad43f46eaf73342924feaf5342ce601d04abe1a828076625071931cc0ef3,.ts,client
client/src/lib/utils.ts,169,d1f1e0d62cb8d8d1e04c26e14de842d8a151f75812d81b046c65b5d1fe8e4b27,.ts,client
client/src/main.tsx,2669,5b91f2cbd7a09c96ca18068fd355a9980a540590d2f283a21d9f546a025e18d1,.tsx,client
client/src/pages/ComponentShowcase.tsx,58481,27e80c89f7bedfc0d4fa145ca53ea989dae0b7138835f13474cba2d86e54cc95,.tsx,client
client/src/pages/DisposalDirectory.tsx,15459,8d67020af95a773c22509a85c29c1f733c5980778629378e4ebaa1de0ebb97df,.tsx,client
client/src/pages/NotFound.tsx,1819,4062794318dde4d0a321e0332cdee2cea68d19c1d9d81889ff425b02ed183f64,.tsx,client
client/src/pages/authoritative/Surfaces.tsx,3634,33e8ae79feeed1e1b9ea2c38e0328eb1247b34feca69c64f2d42e2aad12f22c8,.tsx,client
client/src/portal/PortalShell.tsx,6714,d1ebea9930e44bc0bc18ae4ab19e1a32d349a6bb5205fd7490c59b3905c897ea,.tsx,client
client/src/portal/QuickCapture.tsx,1243,e5432c656195ff0c2d4450bbd6ae5108bb7f0d4b788d31fd8aca7e3be6b2e4f0,.tsx,client
client/src/portal/SyncIndicator.tsx,1336,e12f90e761278c7d6912ec1e009d3cea07f418c72a0c99008e4a46d49e155877,.tsx,client
client/src/portal/UniversalSearch.tsx,1611,d72b11d65f9f3fae6c547500862e9d3177daf809430141c0dfa7f63f9ed6fd43,.tsx,client
client/src/portal/external/AlertsPanel.tsx,1915,2f7f05e034f3fb00c7c6304bb093a1af7c87a084c03607e912b218ab7c85f8d1,.tsx,client
client/src/portal/external/ChainOfCustody.tsx,1598,c4ee4a74596f87e618dca894ac0bc108f0684e9bddda8004b0fa77d64a29a18b,.tsx,client
client/src/portal/external/CustomerPortal.tsx,14441,5331997e6f19e0ebf4e6b17123f3322d92e0f2790a164850905392c78fc32379,.tsx,client
client/src/portal/external/SignOffScreen.tsx,6385,8c58c1ea3f307c7bf8d7f6fdaa6b3a7b53a8db06e4341997051d886d5b565a42,.tsx,client
client/src/portal/external/VendorFacilityPortal.tsx,6788,2e4e59b88720cd93b7d481cda2d2c63ef4d9cb32dd42d15ecfe395735348f584,.tsx,client
client/src/portal/external/portalClient.ts,895,21a34780a81a11448f88fe32295daab759c9a5c923fa9001d9766d00ccea1d0d,.ts,client
client/src/portal/external/viewModels.ts,9010,d4132dcb32b0cd822efbeccc8ff912b4d780b76e0c65a9499694696ce1c4f517,.ts,client
client/src/portal/panels/ExceptionsPanel.tsx,1334,62b5d822da1c97fb18cf3cfe46a52356c75579d6cef3e6e6ecf857fa491a23d4,.tsx,client
client/src/portal/panels/InboxPanel.tsx,1134,e6ae7659d4de8eef592c403af707f39b082b10d821b21019a3cafcbf8a81df90,.tsx,client
client/src/portal/panels/MyDayPanel.tsx,2745,7bbed513c8a998de5d2ccee161611631ab0b93fa34c93d39977c096ffe65b628,.tsx,client
client/src/portal/panels/SetupPanel.tsx,15551,4d699eca03a9a0a90d74b89a90ec75d4f24a27946987a2fc88fc9188724667f7,.tsx,client
client/src/portal/panels/TimelinePanel.tsx,1779,7ee5fc584191cd48da0bffb9b8da1c82be4b3eddbaebbf754e2c050ced10bfb1,.tsx,client
client/src/portal/runtimeBootstrap.ts,2747,a72d2491c4e9032cbbcae5faf64505a7774798655e05db109f4f7f63f0a8b53d,.ts,client
client/src/portal/setupModel.ts,4549,b213faed6076482762872be379b7b329eda3edd4a90e0068b6d07aad733efe68,.ts,client
client/src/portal/viewModels.ts,13903,959c578566387d49701cb879e019e6b6f887e897a8d81399030d4a25619febd7,.ts,client
client/src/runtime/adapters/capacitor.ts,2713,4f4f93212f4ab5c8098ab1e35afd53d9755454fe4ff09c45f553ee082f922a21,.ts,client
client/src/runtime/adapters/memory.ts,4778,b2874fb33b8e9e92415edb8ce128557d7b6e390e1086c78b70c3877db1136e3e,.ts,client
client/src/runtime/contracts.ts,6257,d0c299054c6cbd8c000d0862239b555f40477fe8a93f937e413d56dc812b41b9,.ts,client
client/src/runtime/crypto.ts,2426,589d578929361b4bfa5baba9af074c5424ee41acb80944e0f2b6e99836305621,.ts,client
client/src/runtime/index.ts,326,273c11dc88a0498193b2115090f699d95552fee8f99d3f5db19acdddad52a7dd,.ts,client
client/src/runtime/outbox.ts,6494,b5b6fc1ed47348aa32c504ff006d13da084d8034b90670b99a7c67abf129f229,.ts,client
client/src/runtime/syncEngine.ts,9829,b770f99ddc69dc7fb68a54caba6ee5b48a1d713899141fe33e5237f8c1818939,.ts,client
client/src/showcase/BillingSafetyWorkspace.tsx,22623,63acbb9c3b22d837e802cd302730f7947c2241fb2b47aee990069ad9a3f329b4,.tsx,client
client/src/showcase/ComplianceEngine.tsx,19312,00dc089f9b078d75f0529a75d155f57fbafd5b1db099a1d4879557365842fa9a,.tsx,client
client/src/showcase/FleetWorkspace.tsx,60077,0e4a87ed42cf9ee57398ecc9866438632f9dcc81d826b9b8071cf39eac9cc102,.tsx,client
client/src/showcase/Home.tsx,81710,e888d57e984b86715434307cad04bf0cad916c48064cbba83e02daffe79b7b5b,.tsx,client
client/src/showcase/LocationWorkspace.tsx,17404,c30e355e5f04cce80c3ea9defaab0323bc200d3ef292afd2956d720609bf89cf,.tsx,client
client/src/showcase/OfflineVault.tsx,17440,13eebb243d50774e5eb5dd998e18b7a4cea230ea3a4dcd2827d1f17d698e3c7c,.tsx,client
client/src/showcase/README.md,679,bd8f592f64db2bc7904218ac6f0effb17a2d9c35f1696b0a4ebac76cf63d2fb1,.md,client
client/src/showcase/RouteSafetyWorkspace.tsx,18916,b76c196b2193d6cd7227209aa94c0615bef95b8e9ac4ba18fe79ae4aaa9d88e0,.tsx,client
client/src/showcase/ShowcaseFrame.tsx,927,7eae6cee5e8009058b14132d816948770abc98281c27537cbddfcc7963f92088,.tsx,client
client/src/showcase/TripOperationsWorkspace.tsx,21297,4da916977759bc2500c4dd0776057b8b50733798330663d373944f9055e3def0,.tsx,client
components.json,388,8be0e54515838be398164884e96319b52bcfcbd52b2e63171d51df4131cfcb03,.json,root
drizzle/0000_productive_thundra.sql,483,814a08e40d7fc2bcfd458759d18319198ca8ae394f2fa15617a78678e9c9c93b,.sql,drizzle
drizzle/0001_parallel_bastion.sql,2118,bf12acdac883fb82ac999bd7ac7676052ae9b438cc3cb2cf68e3a25c8ce4e692,.sql,drizzle
drizzle/0002_orange_rockslide.sql,465,0a9aa277417de2e5577169cac8c08069d0cc6b4283c9d74ca7833d2f3cda64b4,.sql,drizzle
drizzle/0003_rich_multiple_man.sql,5529,b1a20297122140aee8f3c88bfef0bd75789f347bd51e4c00f93bf1f383ff6e4c,.sql,drizzle
drizzle/0004_lazy_colonel_america.sql,1777,2d423392002e1841eff69e159321f6819b831dbc2b65cfa450ebcaec41b69876,.sql,drizzle
drizzle/0005_closed_madripoor.sql,1812,eab6617c1bb07a22aaf95eae756abd81de41ba88276c70bda038dc4141a90a51,.sql,drizzle
drizzle/0006_clean_namor.sql,1842,4cf98ca354c80bd03b9c9ad53d12ddc9002800228d3a24c19c687b083012f0f6,.sql,drizzle
drizzle/0007_brainy_black_tarantula.sql,676,7ffd3fae15e31f02d20b07a1d5df3963117e377e6dc2410f98cc5fe819af5113,.sql,drizzle
drizzle/0008_trip_operations.sql,3326,95472e0af0b34a50209e9ade7830c22502239856afa89fd63fc45d8ee51a19ad,.sql,drizzle
drizzle/0009_gps_zone_events.sql,1387,49c01d9cebe3d783f242bc6583d6d0a1f62b2b102482b6a066863139d9000a5d,.sql,drizzle
drizzle/0010_billing_records_chain.sql,10526,ec8836431a0fbc885eb8466d49f7b54c1de6f3df4590aeaf62ae03b2fcb6b6a0,.sql,drizzle
drizzle/0011_taxonomy_billing_snapshots.sql,3322,2fb1b19dc8d9f218529031f45d751d4d496e7a66726c6f08e2526f54b2652c54,.sql,drizzle
drizzle/0012_road_graph_ingestion.sql,4998,99a7e0ae3e58719c68b6caf03118065db40dac1bb05779e687bf1e8cc39719cc,.sql,drizzle
drizzle/0013_dispatch_operations.sql,8990,4007022d2ab6c5ba9e1144ae9c5723a5cdd218a39ca83951809c6c219d25c0b8,.sql,drizzle
drizzle/0014_assistant_proposals.sql,2514,ffae4630564f019899354efd0c72d16f4578d7675e128c651b1ffed38484c78f,.sql,drizzle
drizzle/0015_workflow_orchestration.sql,5853,7264935fa51a75447e5b59b047cd97693dde14b429d803e8f8cff0fce75b9873,.sql,drizzle
drizzle/0018_billing_adjustments.sql,5382,c92edd1d8ed5256f2bf9c1a7fb4ac0452e540a68d574773437b7b8cd4b68fd40,.sql,drizzle
drizzle/0019_records_evidence_vault.sql,14601,e2323b8501bf86466d95ef4507dd9421e3470a0e4f3758f94b815f5706265de0,.sql,drizzle
drizzle/0020_domain_role_assignments.sql,2335,f5a1901211885f3ef959839f21c792bc0a8bc780b797becacb33e84f97f01da9,.sql,drizzle
drizzle/0021_active_role_uniqueness.sql,1798,b1c325ac95f71e4ec1011eebb31b37db211510e813f8de575b17f6502eb30bf6,.sql,drizzle
drizzle/0022_payroll_finance_tax.sql,18333,9ef118622baf3ffb050315cc7856d685d5ce00cb35aecea4996c52eb58dfa043,.sql,drizzle
drizzle/0023_finance_roles.sql,798,718d1836699c98f2982b983700e3bbf86b9b1e0c54461e7657eb9510a98313cb,.sql,drizzle
drizzle/0024_external_data_sources.sql,4589,8518667137137be471180b2696df1b42b82279253e06f23e64823559319a5466,.sql,drizzle
drizzle/0025_assistant_commit_receipts.sql,1502,07c2c1fbe2b360124ef4d1c64b01d219168df780bf77f2eb930f369949a4a05f,.sql,drizzle
drizzle/0026_funding_intelligence.sql,5907,26156b9df00541183e744d8a2b58ecef0e19d66edc85405c2d33bc16d2289a72,.sql,drizzle
drizzle/0027_document_extraction_questions.sql,2709,ce8cccfda483ba91744954b104c1b501b05d85e58bb8bb1702001b5ac6c8e355,.sql,drizzle
drizzle/0028_commit_receipt_expense_target.sql,865,c5d351087557a81dd02cfc002dd38d80c529dc219f6cf6030c8d9a3ecd3848b6,.sql,drizzle
drizzle/0029_fingerprints_merchant_memory.sql,2308,80710a0ceb3998f10415a990ce6295781ef3221960563622fa58a09ce5ed0c2a,.sql,drizzle
drizzle/0030_commit_receipt_disposal_target.sql,232,66137d3b177c5b7578d224f233ec56393c5b10b1f83d2f02f84289d42ae02db2,.sql,drizzle
drizzle/0031_proposal_load_facility_context.sql,567,4e885ddd996fa83bd5ec97aede6b212ce69850da07283a0d8c6195846e9ba3d5,.sql,drizzle
drizzle/0032_integrity_closure.sql,3008,6d38c18438cf46c27b50b71fe6b647a78c0a28040152bce774c9c86f5cbe70cc,.sql,drizzle
drizzle/0033_fuel_energy_ledger.sql,5298,1233e55164b5c6409332cadeff83643231919e6efa2b0e08ad29429fff09418b,.sql,drizzle
drizzle/0034_roadside_purchasing_ap.sql,7986,b263a9d44f2d0139afafdad32dcba2181f1906e4eb106b36155e973e8bfa01ce,.sql,drizzle
drizzle/0035_secure_field_runtime.sql,4145,72b55e9d7f0028725f00e266c49f4066d98b53d53f73d67134a28dcb0b0c01d8,.sql,drizzle
drizzle/0036_compliance_master_registry.sql,6806,d8cc0df5e6fa0c8fe48947c2287cc58babe167d6ce835f9aba80bb24fe55e6e9,.sql,drizzle
drizzle/0037_requirement_engine_packs_calibration.sql,5953,21971d0b825c662e342afe7ae24a937f1ceb5c56a1804749c83e16afbff0cd87,.sql,drizzle
drizzle/0038_insurance_risk.sql,7184,f8a6867392663b41c289b3a84c81137eaecc610155a9c8f7bed2aa30adf26ad4,.sql,drizzle
drizzle/0039_dispatch_enforcement.sql,2106,bf73fe879901589e83bd053a8b759cc03549be1e2705cb15cd2b5ed679e72bcf,.sql,drizzle
drizzle/0040_ifta.sql,3075,20357c153cc89942592fb9bc27d965911a760ce14688bf30ee7dc903f8a34347,.sql,drizzle
drizzle/0041_bulk_fuel_statements.sql,4773,2fcf8ac5d783cf6ec95b899fd169fe0c0442810fc26e3251ad1c4f38b854ad42,.sql,drizzle
drizzle/0042_period_close.sql,1023,98c3ba1676cd6aa4023e0ac49d2456d5a3185eceb67c4261b3e86e3eedcb27a8,.sql,drizzle
drizzle/0043_offline_capture_ref.sql,567,78610af7a5b594efd2686c7f75f5edca737029a7d7aba4767df6215560afb8f5,.sql,drizzle
drizzle/0044_gst_hst.sql,2694,535f883bf3a26cc69d392c8da7f2a20c8f25b3b58b8cedeabe320ef8e3cc460f,.sql,drizzle
drizzle/0045_bank_and_receivables.sql,6167,73823f92c5497fe6a0e47a65ba28f458b3f5ec0eb110460c99e5ff8615477903,.sql,drizzle
drizzle/0046_customer_accounts.sql,1174,d217410f7750c4591ffbce0232bbc0db9bcda5c42622acf96b4991d0b347b8ec,.sql,drizzle
drizzle/0047_commercial_core_portals.sql,5604,6ebec8c304cbc18944ec107d46a5b513a6263be85382d8951a9e7986fba3a438,.sql,drizzle
drizzle/0048_site_signoff_chain.sql,4680,64e08f4769ac8bcd32a2491288931c744f950b9e1591a2bedc078e8deab84ce5,.sql,drizzle
drizzle/0049_portal_hardening_adjustments.sql,7002,6aacf6626d4d34bb92ecec54fc63e10e5e9c5f5aad647eb38ff5389620c17936,.sql,drizzle
drizzle/0050_customer_alert_preferences.sql,1011,550d0338ec82c7ebc3656bf257b5042d4c537243872042dabc9e3e1218487ad5,.sql,drizzle
drizzle/0051_fleet_shop.sql,8280,37c4ab2b92dcc6db8590cd8cdeb3e23cf69caa4c4dc9839d8a7836e78e4b640e,.sql,drizzle
drizzle/0052_capital_assets_cca.sql,3583,9861e66669ac5e41f4e3ef9ce5a14535b17a462749332ac166c4c110d2fea1fa,.sql,drizzle
drizzle/0053_commercial_projects.sql,5234,9a6783b4999fe04b07f6f7e6057e4304e31e344922dc54eeb1d72fba299bbaef,.sql,drizzle
drizzle/0054_integration_gateway.sql,3657,430787061fca24543271ae9371e0c4378ca7fd851857dc7ec55f5634eac915f3,.sql,drizzle
drizzle/0055_telematics_video_safety.sql,3778,36244a6c75b977e2cea2d60a486ea2e9a816db594d104de05266e7533286b26a,.sql,drizzle
drizzle/0056_workforce_lifecycle.sql,5942,f5a50118e414f91a9047c08dea2b76eeabe06d7bf3818d8c2ee9bd2a27eccc9a,.sql,drizzle
drizzle/0057_audit_packages.sql,2638,f124b9a1a54f1633a5ca0af4925ad716308b1655b403df02380554ce89e16ab6,.sql,drizzle
drizzle/0058_spatial_foundation.sql,4331,c28b4f86f39789398d7d209412c72541b873788e69fd2544e9b22d4dc3afc1ac,.sql,drizzle
drizzle/0059_contract_terms.sql,1845,46150a3a68bd0391a4e98db01b836a428c621d4841b8f78549752d8edc351aee,.sql,drizzle
drizzle/0060_audit_package_kinds.sql,182,64a0df422182c21063ec488c6cb6abce01133aa565b2fbedc3e8b1d1e4d2613d,.sql,drizzle
drizzle/0061_money_cents_shadows.sql,4020,aa2c4022420ef1a47bda480a5099cc8b0d2d1eb433d1a23ac7f05dcec516b055,.sql,drizzle
drizzle/0062_money_shadows_everywhere.sql,17579,b34fa80b6c214f19ccb3c84732ede2e02d12d0bb1d047af99a6dee4680680b1b,.sql,drizzle
drizzle/0063_retire_vendor_bill_doubles.sql,1006,48ff7c6a1fa12d6eb35a35e2e2fcbdef3944417926374e774ea7dd584dc8eadc,.sql,drizzle
drizzle/0064_retire_fuel_doubles.sql,858,62fee74918e0b9c59e6230e9223773212f068608e35d92a6bbc122a1fedc0f39,.sql,drizzle
drizzle/0065_commercial_setup.sql,5483,988fef2804ab5a1722abbafb7bfc7be416d0f717dcf442bb85c8fede7c410ace,.sql,drizzle
drizzle/0066_lines_carry_pricing_decisions.sql,1141,4fc9fe0426c59456622d2dd5d29e47a1bc26601623cddaba9908fa413f2c2195,.sql,drizzle
drizzle/0067_invoice_lines.sql,1167,b800affad72df9697b873991b0c835a4f702c630aef5e10a448deaecfeaeb6ae,.sql,drizzle
drizzle/0068_invoice_documents.sql,722,a75ceaea4b69ca5bf067f5333583653234512b3d4f0736066d9a1f78a38bc1e4,.sql,drizzle
drizzle/0069_invoice_void.sql,449,982e4fd1b7b1df50a0a64e4189506bf2e739096d4e73c6033253d18a2a931988,.sql,drizzle
drizzle/0070_ats_grid_and_access_roads.sql,4320,a2cf6e27d9f35d84fa45de0c2d4b1a27804a8832adc2314050cf1736afde3fb5,.sql,drizzle
drizzle/0071_site_access_points.sql,2660,c29d251371d648a4b05dd50e20ff0d5fa17bad685f1920c1dfddfbcdaf0c3d11,.sql,drizzle
drizzle/0072_structures_and_route_staleness.sql,3394,42c6fe1003ebb9c29c82e756b067e388e34e227f91d2c6cd10b22cb4c209c3d4,.sql,drizzle
drizzle/0073_road_graph.sql,2900,b38e5953495ace62e0fe1c25c5521b8f9d3eea23e1bc03a43415f6e17c73d8a7,.sql,drizzle
drizzle/meta/0000_snapshot.json,2593,dd23b18826fcb5ccdf4ccc06b3d78ccb8717453e7334d255463dd1a5dd6e7812,.json,drizzle
drizzle/meta/0001_snapshot.json,12985,d41ed80dbe704a116f6a7028fce2b55afb8b01e22e9071bcfddd6aae0f807d7b,.json,drizzle
drizzle/meta/0002_snapshot.json,15487,c0f3168a1423892c12af59dcee2e34fcbb73068c602033333513ac2e99078a47,.json,drizzle
drizzle/meta/0003_snapshot.json,43453,14158463b31d8aeff4fb8fc9c410010f11bfc99fbbd077e55fa6bb7d96ef271f,.json,drizzle
drizzle/meta/0004_snapshot.json,53522,00282b833b08dc230298b1dd3b9fa54c4624ab581a77a7f880a24b33932b5df7,.json,drizzle
drizzle/meta/0005_snapshot.json,62558,b28ba7ebadd534c324cec6fa11917a6d39f40e63a5f60d4b9c5ee34672dad317,.json,drizzle
drizzle/meta/0006_snapshot.json,71909,15944bc45fbd7d1b1ca36051a70dd864a28e6eb599c48560e50272796d71857f,.json,drizzle
drizzle/meta/0007_snapshot.json,75581,b76d5dc4b8b56a84df9860dc81a0c684daf1f1e0f54c1a5358ffb597e6e40c72,.json,drizzle
drizzle/meta/_journal.json,2556,217016eb31d0b3e175f82c779aee1a47b89cff43cee70a73a5accd892c7c959e,.json,drizzle
drizzle/migrations/.gitkeep,0,e3b0c44298fc1c149afbf4c8996fb92427ae41e4649b934ca495991b7852b855,,drizzle
drizzle/relations.ts,27,85acb8ece8fbb5031fc56fa8c70338d9b8b06ef3b032391fff8532c6373c7186,.ts,drizzle
drizzle/schema.ts,292618,e8718d472e04d769baef9547f9bdd172525a246d1b13ffd9eff326697ddabe8f,.ts,drizzle
drizzle.config.ts,353,9610673b3fe7b6b950a8e7e54cb1e91f9dd25f87d7ae6a41d2f6ada957065d01,.ts,root
leaseos-assistant-app.html,34553,8e6a72d37285bc9c37c7afccb3bdb5e4584c9f0b1145c0b7bf80e44d4587be90,.html,root
leaseos-design-system.html,60704,a61cc049efd506846463b78c3cd1370d845f4ff8bf49dc3bd235133d76472e99,.html,root
leaseos-prototype.html,98986,985733ac86c09b2e4b6bd889c3ce701dd47e9276417c20c01864bdec140198fe,.html,root
package.json,3885,92b5c3888189acf5fa60160080dfe29a4296c333b9dec9b8438419de24b9e1ba,.json,root
patches/wouter@3.7.1.patch,918,4e16e6ff3fde7d6c1024d3e0c8605dc9eb6afb690d0d49958c2f449091813072,.patch,patches
pnpm-lock.yaml,322591,d9e32f951b650cd48424898675bc0f0f7d7a8778bb7e2d0cca5efa38c508930e,.yaml,root
research_disposal_sources.md,2766,08c849ec2059fe2c2acc739b78676da0418847d83474e2355cded8eb5fcf687f,.md,root
research_hos_sources.md,2912,acaf5b981110dc3813b3a0b2fc7b2d425bc1744c7bf927dcabc76b370f238d99,.md,root
scripts/apply-migrations.sh,813,c3fbd090367938cfa163f7d938281ee49f97e58f779b28872c6d6e6e9bcdee77,.sh,scripts
scripts/ci-gate.sh,3779,bf2be605c5757f927753b1f1ebae272655eddeff36d0252657555a65968aaac7,.sh,scripts
scripts/current-state.sh,12666,4046d1d81db4ef63e648967954e408467c2522f0fe716dc3490efb53c966e26f,.sh,scripts
scripts/geo-import-live.ts,3156,e570d859a65ee344ec2f4555041be6228e7d96bcd76d675b8c0e973de0339f20,.ts,scripts
scripts/verify-parity.sh,548,67861575fafabffeed7c0bbba4d97e59bbc5f085c809b4a4b5071214053b3702,.sh,scripts
server/_core/accountsReceivable.ts,7508,226a174c7ec44d81b1b714a73b775a7691c35145f4de59cd4644b8b966428d6d,.ts,server
server/_core/aiProposal.test.ts,12241,df033a5d48ba17e855ae401214fac81e7c96a643c8cf5f577251f9707f7c2408,.ts,server
server/_core/aiProposal.ts,22306,ddb762f16cbbda1fe608686db58673444dc880ee986bcef1e766e3d043a25650,.ts,server
server/_core/assistantCommitAdapters.test.ts,5622,cbfea1d07a501d85f62580b29f46ce5b48b902e0f4937fd9f5b45a4077e6e7f6,.ts,server
server/_core/assistantCommitAdapters.ts,29126,40ba7914afdfe2bb04a62020898f2430b34c9d9ae14d7920cb1001f9d8439641,.ts,server
server/_core/assistantCommitService.ts,31293,7f0cef830ffdf5ae91f53662038430164636bb4e1a9aab49e83162f574710cf3,.ts,server
server/_core/assistantExtraction.test.ts,7041,2d69d22b1bdf7e262e61a91cb58b893387d1237dc9ac8f0c3eafb17ad073ce89,.ts,server
server/_core/assistantExtraction.ts,7461,b5edb839229125c62342a0edf5356aa8cdef580fa27d24a195f36c3a87f8a1c9,.ts,server
server/_core/assistantPersistence.test.ts,2029,ce87742ba7b75ff7aad8c45cdbc0ee0666c96e2b0632449b9667e9d11580c7c3,.ts,server
server/_core/assistantPersistence.ts,2573,3204ee9e48b8964e1332776bb0d733e87a3352b3e5ed5a58d504b238daceba59,.ts,server
server/_core/auditPackage.ts,8545,7ab7ffc5498afd10cefaf13b56b523473c517d23858abea119da06578b5d019b,.ts,server
server/_core/bankReconciliation.ts,6045,bb180129a4a1ed59ef5db1c64a5972a3ffdf2c690e95f921ebd53634cbd7070d,.ts,server
server/_core/billing.test.ts,6020,82598da5abcf740c8849b16b867712dc7bec590421de9c2ac7958c5c2adb83bb,.ts,server
server/_core/billing.ts,8012,76fbfc731ba622fe0572e89ce02643e4d1489441d12702cd7a630310b55a1062,.ts,server
server/_core/billingAdjustment.test.ts,12382,a007f514c9e5a9faa8a743f605426b29cfef7d50ebc287ea1639a4e494158dae,.ts,server
server/_core/billingAdjustment.ts,16508,b9a21b6700a91ef803fc8115b755af0103b61228d3518b2a536cc0452033c56b,.ts,server
server/_core/bulkFuel.ts,10175,35434c5560b8940c6c2f62e7f2eb32bec71bb492c8921dbe26b47ad1ed7fa15b,.ts,server
server/_core/capitalAssets.ts,11426,7396451ed9281c067ff747dfe1e197d8715287983ca2a1427d8c8f39d4f91d76,.ts,server
server/_core/ccaSeeds.ts,1410,088b8128f6bd42f8845a1fd1ef7c3e60b915737059dccbc5ab551c950bc397c0,.ts,server
server/_core/clientAdjustments.ts,4668,d083182b87ae59d9cef4595ba0534c7dfc065067a2c20e1dd101410667197102,.ts,server
server/_core/commercial.ts,5607,071cfd860e04f3a81b50b8917083b3cc95b1b7bb2b14e26befb34433b34a1984,.ts,server
server/_core/commercialProjects.ts,4787,02ab7786192cdcad72bdbce1ad935a071b7526cc2a5b252c1743e5df6e05982b,.ts,server
server/_core/compliancePassport.ts,14565,80313632d2647ab638209ee8753f23ce87b2e370f7b29cfea9e6b5f0f60b1ebc,.ts,server
server/_core/complianceRequirementSeeds.ts,14062,dbcc0a691bcb5eac805a926b7136324e057821d6ee4f1d2a84b270435cababf9,.ts,server
server/_core/context.ts,658,a43ea9ca8624270a83857d61a7154f17c48bb2c19126d1ee037a37345f6bda86,.ts,server
server/_core/contractTerms.ts,4156,5f88cd7694b5911cca64166622c7204b5faba05bc148bedfca91c104e6a670a6,.ts,server
server/_core/cookies.ts,1299,8b9f416d2d3ea74b3c26cb6855d9019ad7cc4403e103a150502179874c568373,.ts,server
server/_core/customerAlerts.ts,2954,eb66984bf61a26402c6345650481cb11df52b53edd5a12434f07e0baa53fbc31,.ts,server
server/_core/customerProjections.ts,7269,733f5cbc3f9d9c54f7944bc9012e83b831a7dfcbd2c19b1649bec186fc367698,.ts,server
server/_core/dataApi.ts,1919,427764c9150b659f8f5710e9dd298d1d1c1ae758a1484c3e138b6722abd2dfd8,.ts,server
server/_core/dataIngestion.test.ts,8533,8ab15087a46902eba078d9558568f6adf83158727a141f7de5fb60afb65d4dc8,.ts,server
server/_core/dataIngestion.ts,11311,ea4ee221fbc96d57f9247cd8ef1a5ef40ee5ec0d32baa7e94723b7cc593edb8f,.ts,server
server/_core/dispatchAward.test.ts,11468,47c90e8d2e4448a7523e3959299a439be7b41dc0a5ad7d69b0fdb1f0e8a05e2d,.ts,server
server/_core/dispatchAward.ts,10522,b86ef762b34e4e1c58642b98d309086273a87023c6a74a3fb0eabd3cc56e2189,.ts,server
server/_core/dispatchEnforcement.ts,4098,76fe0c59fb13b8a50f0d11221239044ab7b64c8687e752e6a401d9806bd1d774,.ts,server
server/_core/dispatchLifecycle.test.ts,11942,fc10f4f36ea81a8a69e3c233bb16de333691d02cac53f2b7707976f018f0ffb4,.ts,server
server/_core/dispatchLifecycle.ts,12913,857b85b9688f99a86a626a42404d55a817bee19381587550f95a6797770fa4c5,.ts,server
server/_core/dispatchMatching.test.ts,8116,e240c18edb3075007f6cd4f4b201d8b8ddbb19e6940826e2cfb7219776e3ced4,.ts,server
server/_core/dispatchMatching.ts,13730,4950f3300564bf7eccebf0b11eabcea9c1cdf26a643b4e83f05f786b31c1bf51,.ts,server
server/_core/dispatchReadiness.test.ts,11473,524bb1234ee56660778babda2034274dbc2bb3d129f7c0b659bb660b9a80547d,.ts,server
server/_core/dispatchReadiness.ts,15860,aedb1a3f827a2b2a331803d397f01f02affa4dd5fda1ef01793fe67713212a82,.ts,server
server/_core/dispatchTransaction.ts,11060,bd0a24fda3ea06cd7cacf717a8adbcfdcea3fd9fb43001bcf8c7d4c153bacc6e,.ts,server
server/_core/disposalReconciliation.test.ts,5117,e262c6b25085f2bb4b999dbce4a4b02f73d4cb283746615505f5ade54fcc4a7a,.ts,server
server/_core/disposalReconciliation.ts,7548,466dac86bc3bd68b80416524c5b97fa0be94489d23192a9b967cb29485e620df,.ts,server
server/_core/dls.ts,6227,9361312f51430e2770768db3bb14a7d091e9b64a755df32e9709d8912f5a34fb,.ts,server
server/_core/documentExtraction.test.ts,12069,585b038e1f08b8fb54bee4d901ab53bbc3fb226e93ad7c4977bcb7f72ce554b7,.ts,server
server/_core/documentExtraction.ts,13415,7c4721e50a76d73f5aaf00abe19a512621c4f463a021adfd9f28246803a98c3f,.ts,server
server/_core/documentFingerprint.ts,9265,b21df04f404eb7d90af96cf8202af1928292b41aebef38e9a624eebffc4451fa,.ts,server
server/_core/domainEmitters.ts,13141,1af7bbab8779a5e088f8cb44d3f71aabf10fcb5f29a768f88d8912972d87b78c,.ts,server
server/_core/drainWorker.ts,7664,f9afded6bbf901e2cbd970eb53ad0dc1237c859070c65f860f089e4e59a09c6e,.ts,server
server/_core/env.ts,428,15356c6c79afa61c60b20e126691853d07b51c48b9e57f205b7ce63dd02d622b,.ts,server
server/_core/eventEmitter.ts,6117,ae091c5894e48b5f14131f7a18a8e4e4195977d49f4a18b5f7a6cc85a15c318a,.ts,server
server/_core/evidenceSeal.ts,6993,c04eca1f26a0504a0975355802a3024cb44bc9bc8d8f3d796813e8eb6f42365a,.ts,server
server/_core/evidenceSync.ts,5615,6b45f88da66b5a162fd4ac824645f79ea9fcf3cfd92e90c6f0f01b369d1fb3c3,.ts,server
server/_core/evidenceVault.test.ts,14592,cc206a94669946ab5fc816773acd30a4c01c8186469d654d8fbe5b1cc16dfecd,.ts,server
server/_core/exceptionCentre.ts,21540,99e99a73340ebed058ce8ac08f94c28b8de9f96b593bea72549a48617a1f133a,.ts,server
server/_core/expenseTreatment.ts,9911,330b6b36e7be677f5a1893cba699dd5ded2ded5e44a38751ed34cd301948605a,.ts,server
server/_core/externalDataRegistry.ts,10695,8c229f87ecfaea5b5346f1ed10de7f33e46c5c5eb09d34e4b6465115c422bc1e,.ts,server
server/_core/externalDataRouting.test.ts,14017,8f58778f9c6fbd58a3f4e421c6c9992102c73bee55bf50ca2e65540bc0a9bd71,.ts,server
server/_core/externalIdentityPolicy.ts,5096,c30d2feff75f487d52e9f14141acb7529cf848c7e5ff641773ab4c557fad134b,.ts,server
server/_core/externalSourceSeeds.test.ts,14967,d4c0fc64d1ff4f8446568d70ef7bb01d2f5a3f1a735d17a488e6eb3b12f8c868,.ts,server
server/_core/externalSourceSeeds.ts,15427,e638df16e6bdb50f7b0a8d7646d231c4cbfe1a024cfa20bf96bbc0bb93eba1e8,.ts,server
server/_core/fieldDevice.ts,14219,060a99917c7f4d678f631dd0341d830b0ba6451f2acfacf7e92c652ab70a6420,.ts,server
server/_core/fieldTicket.test.ts,7115,3d946088e45e48f5149bc31e946c6fa9a43653bdf4f41d1fd4c319f95a1e1196,.ts,server
server/_core/fieldTicket.ts,7793,485e45ce52a5e6b455a9113b9c153fe8b17b3a32ac1c93985d3b5574cfb967d4,.ts,server
server/_core/fleetShop.ts,11163,001ca6e7d585d53735fea0710726e8947b4dd7b9c8e12240fd64e109b91b0993,.ts,server
server/_core/fuelLedger.ts,19068,3253caa8662023ab90c16190ef7a698b82fbb8fc1240d55aafc7a82310e7e2dc,.ts,server
server/_core/fundingIntelligence.ts,19365,281f394e32fc4c319cc43bab41d0dcf1cee4ab831a1ee9efbfd3ce425f3cf8f7,.ts,server
server/_core/fundingProgramSeeds.ts,9828,341a96fdaed9e0610fcb530e92f516b8e620c7cb80fbbe7443c17b3622a173e3,.ts,server
server/_core/geoImport.ts,13985,4cd734d73be2f642778a2f176a4911276a045e81eeca81500beb4416ef5b00bc,.ts,server
server/_core/geofence.test.ts,3621,7cdd2140bf61b2c766b30992554b82d777feb65ca16dd1610440c6b6885246a8,.ts,server
server/_core/geofence.ts,3896,de9e8f58b8d6ecaf32d3d808ac70fba6853d5d117868e38c39b7c60330fe6337,.ts,server
server/_core/gstReturn.ts,9888,2f84f4da68f4a031d7fb6a06ee800c578421e8e8393bb64ff8bf2b44c88a5223,.ts,server
server/_core/gstSeeds.ts,1092,3c9aa20d3037c140d13ac837b9c4e0c1c226a57b690c6e2d4ad76db2e2064825,.ts,server
server/_core/heartbeat.ts,6800,b55565ee9c59ed481b96a66faae9bd61bf99a5a27d02793c96a297fe5dbb351c,.ts,server
server/_core/iftaEngine.ts,14161,e32de8a6b683f7403c7e46ff574c9d8b767c89c48f3c0e3e9401cdb6f091f7ce,.ts,server
server/_core/iftaSeeds.ts,1072,2718196377b3c8025f8df548bf590c14130504a1b4ff3a05b93c7ed5e5b70636,.ts,server
server/_core/imageGeneration.ts,4462,6eb1cba43024c556fa4c0f29c4858edc59656e5ec7bed6761d81a2424f2301df,.ts,server
server/_core/incidentMaintenance.test.ts,12780,2808f875cc71f1e3f3db9639eb65c1b063b4342020a8489801396a602ad330bf,.ts,server
server/_core/incidentReport.ts,9242,9cd3d769e03f184ac6e861f276b110d5cf4e067161304108900cff33d2a1ba36,.ts,server
server/_core/index.ts,1990,f3af20b0d575c078de9a9af88194131084e2b315c51698f3e79002019fbc2035,.ts,server
server/_core/insuranceRisk.ts,12125,f5c9bfeeae7fa85abf18d3c177b1436059856195926edf4cdf57be969665ae3a,.ts,server
server/_core/integrationGateway.ts,7432,e6b1f77d26154253b1da260419b2fe31268dd4dc44e15042d09b481f6152657b,.ts,server
server/_core/invoiceDraft.ts,8553,9f1535382c8cdcad51174ae0c4d965e47098243113013098936756faecb6ad18,.ts,server
server/_core/legalLand.ts,10722,158a6ece163998741587bf4fda6906042a2e2133c08794cbe03a0e86efbca5d2,.ts,server
server/_core/linePricing.ts,4382,4fe066c82fd2ae007ea3ce6da0dbb5d52d1f72d7f21dd8ce18419b313d3a07c4,.ts,server
server/_core/llm.ts,10801,b2cc3728a3a5977942141f2cbde93f0bb8615f1c0a4e9c5fdf7191d092ab47ac,.ts,server
server/_core/map.ts,9144,87bb6993486f869677107f2e11c31cae5698730d5e0a5787094c761ac2420bd8,.ts,server
server/_core/measurementQuality.test.ts,6992,739379e3cbfc5aa2d4ab7ff01728220dc1e2fdbb787ad86dbfa82c989b6495ad,.ts,server
server/_core/measurementQuality.ts,6496,67f79b85a4383b886f3805041b16659ab5e35e3ee6ce1bf56dc11db0d23a1e48,.ts,server
server/_core/mechanicRelease.ts,7380,9c7a05040d23e22fbbe80ff69744025695acb25ee4239ef2250efbe9880995f1,.ts,server
server/_core/money.ts,1579,b795ae7cbbbd4cf2fc91c935c3bf02cd74b7d98601bd206828ae0821b07c4bc8,.ts,server
server/_core/notification.ts,3131,6eb1f19b7a0a1072baf09fbb7063760f0139e3d8fd1e086369ffc896e16e253a,.ts,server
server/_core/oauth.ts,2496,eb9e06c6475f01fb14b2334733d72037439a03927c2962975feb6ea7da207879,.ts,server
server/_core/payrollEngine.ts,12308,55cfc8300485a40452ee008625c5213ee24e9a33859bebc7450a9c9d2cc6e3d1,.ts,server
server/_core/payrollFinanceTax.test.ts,22909,baf3476d62522a4da2d6cbfe20775659a32d94c59c309d68625f1443c4044f42,.ts,server
server/_core/periodClose.ts,8957,7d8abcad4b6178f16a000b576535afc409e62d108498f77efff31d6307ea4a2f,.ts,server
server/_core/portalComposition.ts,18099,574431b7a80cd1766bbe82016dbb769fea4e5ae791c799c88a14467747baa8d0,.ts,server
server/_core/portalFunding.test.ts,21206,f82313cbfa2a02461e17e56da82b72ed1b2edb99f6eb6dfd2b6d94026014537d,.ts,server
server/_core/portalIntake.ts,5335,c10705d7c4e7d3e2cfed1bbb46e153fd17385fe40458f58e39b84f532cbdd5e9,.ts,server
server/_core/purchasing.ts,16849,913f9111d47182c7e87f8025af1ea72632b9546a0bd04138940b74e2ae98d766,.ts,server
server/_core/rateResolution.ts,24217,1cdc4e97f77bcec5cfc4c70467120e87c9b8073042d0f509a0dae896749f5264,.ts,server
server/_core/recordsAuthorization.test.ts,24573,0d782e4195d9f9f3b2f10cd47b68829200dadb8d3345585a29b10e34edaa8b10,.ts,server
server/_core/recordsAuthorization.ts,82959,6e8fa5940d7ea9f40601743241df9a6c2f2c76aa913fda914eb7a6ea3fc27f7d,.ts,server
server/_core/remoteWorkEvidence.ts,6265,93d6b8ce69f2136d0cb2a010b811101cbac7f475791c05f1b90fbedcf1432826,.ts,server
server/_core/requirementEngine.ts,18427,ccc5255fa253dc4ef8076d4672f4fd19f2a619d46d0f72b2dd21ff604143112d,.ts,server
server/_core/retentionPolicy.ts,9078,21595898a6864cb935a13aa0ccc89c8a36b8092db04b551da75c4e53360d9f0e,.ts,server
server/_core/roadGraph.ts,10864,d261f79cc5eaae999ac68b6293368632b9c898a3fa0ab9831306231b1cb187ce,.ts,server
server/_core/routeEvaluation.test.ts,9668,4c07329fa98a1f97c6f9e90e4302e5a8caf24ddd8fe8828e57dd2800e282f983,.ts,server
server/_core/routeEvaluation.ts,14275,a53f02a4c3bf8b2b95a49b6959f2e39e50788e73b9182cfd79c897c8c9829294,.ts,server
server/_core/routingCompiler.test.ts,6106,214d06321c4c761a191beb29e698765a54f13dff62a911911a29a6dcc60cef45,.ts,server
server/_core/routingCompiler.ts,7934,05a8217eece4cc3c50ab972475d661a564150592d5fb7e8b1404d406a086926f,.ts,server
server/_core/routingSource.ts,1800,2e809680811decdcd13c79b0467b0a899d1657293e15b7a0ffbb8d2f8b148c84,.ts,server
server/_core/sdk.ts,10063,ee8726a332dd625cf9238fb6a487287b67f04b2febe8d4fddce8947a8c12f58a,.ts,server
server/_core/siteCloseout.ts,24218,dfb952d09ebd8ab97200eb69fe76858ae277686f2c93853d40e5e9b1ce6e0e79,.ts,server
server/_core/storageProxy.ts,1411,9a247e53491429996a30e79fb1cf08b88b07ec332954c978cbddbe2467915eb2,.ts,server
server/_core/structures.ts,8809,50df0c0b31405aa156c8fba8ee0eebd0f1e9a6b0a6d7e7b1623c351253810a9b,.ts,server
server/_core/systemRouter.ts,709,61bb2c904da1fa08a425f8882aa3b23003bba7266ce00b2d9fcd685e5d4bffaf,.ts,server
server/_core/taxRuleEngine.ts,10228,ab12821f3a54054bd0f9538437e4639e07a5766949a381c51bb29ad4a21836aa,.ts,server
server/_core/taxonomy.test.ts,9575,af263effe2486d9bcaa641a31525ab0dae632984ec2068a83215d349e52a5256,.ts,server
server/_core/taxonomy.ts,20439,5824aacac71cfaa83da12cd55e75a60467e2e80540873fe80a4c0b80976a1be9,.ts,server
server/_core/telematics.ts,5076,eb1a938f2bbd0eda2ebad09013df744b02e4466fd1cf4fa5e5a552d7ff2c1371,.ts,server
server/_core/ticketPdf.ts,6290,9b8da31dfc17619e099d837a11e9bab63503951a9d17921ed69d4bc9ef5d1b76,.ts,server
server/_core/tracking.test.ts,5264,a4fc48c04d7701079397c7d69e3837debb6cba896800492a7da503730d67bdaa,.ts,server
server/_core/tracking.ts,6563,b8af217d947dd7e78faf404c0436560f67a2941d070d843541a0fb9b675aff85,.ts,server
server/_core/tripGps.ts,2581,404334500955a031c501c3f35fedcd7bb929e681f25991ea2e47a730e91c2f67,.ts,server
server/_core/trpc.ts,13808,99eb6b19c2b6fa250b75f20847620411d38f1c74fd196a0618678ad93c522643,.ts,server
server/_core/truckRoutingAdapter.ts,10575,94c5bc0e0a2fabd3701f5671b3e375785d76c4cb84b5383e2116da08b7de81fb,.ts,server
server/_core/types/cookie.d.ts,137,c2ed733d67b16ae4621164dbce09e99de0233b4a0ed05227bc35096822173c05,.ts,server
server/_core/types/manusTypes.ts,1406,d073995b792a4376177bf7270cbcf3a670d4e72efb8eb6a83ecb55043cc729c3,.ts,server
server/_core/vite.ts,1901,957da5abe4ca740e48fedf9cd3c26ce1c9eca473ed50d7e7588f2173798f6b1b,.ts,server
server/_core/voiceTranscription.ts,8038,b97da4b081303fae46124d93ecefcb37e3dab9dda6e5b9a41c54a074ac048edc,.ts,server
server/_core/workflowEngine.test.ts,13224,eebdbb65d2a5bb429812d4fd945fa09be033fa61fdaa0c65e5fbafc9d60516db,.ts,server
server/_core/workflowEngine.ts,19173,9ae39d84271e3e76ce7bed5b77d2e737c43bae55298a6c15f0ca24ec896813eb,.ts,server
server/_core/workflowRuntime.ts,13953,6ee9270c845e731ca851ff48691d8d390bdf6bfa586621cfdeecc2d2c7ad8d1c,.ts,server
server/_core/workflowSeeds.ts,19511,9d365e063fabd1de17a759cc586bf0ca5bf27f1266f12361736e85d7da6561bf,.ts,server
server/_core/workflowWiring.test.ts,15991,27a3df84bf53d723ce7cad7531a03b062b3fac1957beb77cab7a86359249a8d2,.ts,server
server/_core/workforce.ts,7041,d8e5bbd58bd92bca0806cb2690dd4be529d9e95eb8e321782a57e1d857de9e4e,.ts,server
server/assetRouter.ts,18637,faaf8d89440114dd16ee89debb67705fcf2ab25b545cb0361921bc689f178a77,.ts,server
server/assistantCommitService.test.ts,17744,e8e6dbb855bc25188f3b04c8d08baa4cc0b1039fe720cc003feb9b08b7fa9a44,.ts,server
server/auditPackage.test.ts,17544,af5eee27b2f04683d36a9428e91f427da19b9cb9c4334bd5487e37b6f0c1dcf4,.ts,server
server/auditRouter.ts,25228,0925b887f62974024d6f6dc741be6dfe11242f32b330a198ee203f296f3b8b21,.ts,server
server/auth.logout.test.ts,1630,407847d1cd1f3370aaacc9d8e4094e1d36f511cec7946c1599a079405b830d8f,.ts,server
server/b20WorkflowWiring.test.ts,20330,e8c07d9032807adb93832b6093bf9828e7561b687f65c3183f63b40d358381ee,.ts,server
server/bulkFuel.test.ts,18260,2b90c60098efb0d6254e46803217708eab52b732f547584545861a00ec8e4862,.ts,server
server/capitalAssets.test.ts,16146,7970747fb80053f0b79926ffe102065f30431b09cf3fff56f1aec08c5049514b,.ts,server
server/cash.test.ts,24111,38fc06013e22010c6059293ad17afd225759000e0935cce5b9bbccdbc0f90c49,.ts,server
server/cashRouter.ts,27274,20a8298d73fc14622242bde8987e098a2281f1aae09946164f9e996796944e6b,.ts,server
server/clientTruth.test.ts,7425,6f80e9d4b873e4d817301cd9371d91b7bd635fb0d4cd992a2bc8e12b99f23fac,.ts,server
server/closeoutRouter.ts,56630,d23c670d4a7c5c21ec960018d55c681377b142300cb284cda98d3cf3e9bbd53a,.ts,server
server/columnParity.test.ts,4295,cf23b969b95a3e7f5c0fcbea558f52fe78ea1f16fc0eb3c3d0a90e23e21657a3,.ts,server
server/commercialPortal.test.ts,23474,7ff601e73c3eb2c6b6270427a373919f606b776845660db84851dff91ba4a6f0,.ts,server
server/commercialProjects.test.ts,15973,3293533c253f252859e2b46ce6ce6537b544f3296d045aa5fac50f1e3c37aafa,.ts,server
server/commercialRouter.ts,18939,461ed5ead2cc882f3b585c6566868749d813e3545fc0cd73a796e0351725d05a,.ts,server
server/commercialSetup.test.ts,26621,1a5d2fba15d6c7dd2441aecd86eb81cc6a9b656761602a86c7cf85c34a9f3706,.ts,server
server/commercialSetupRouter.ts,32232,55075893d6e086ba73f5cfb06f08941fc0b7b44d9bbcda5bf4e0cf5386a58af0,.ts,server
server/compliancePassport.test.ts,20967,a38e24545709d11f186b9353ee2bae1b9f5837692d4da2290fb64d4bf7856382,.ts,server
server/complianceRouter.ts,17618,f9dd19d66854ff2b77100bd73005073a8cb1518feaea4ed107cb1025f6cc1fae,.ts,server
server/contractTerms.test.ts,14441,661e192c6ebb8cc6fbb00e16d78889871bc3020ba2612c7a46e3273f013c095a,.ts,server
server/customerAlertService.ts,2215,5fc5403440424c95cf2c1acfa0b0911944947f747ad06d3074e82ded86c68188,.ts,server
server/customerLiveView.test.ts,16844,57f814e82643643fd8f010b19987308f11f6546ea3c0ff3b58a01e9b6440a6f7,.ts,server
server/customerTransaction.test.ts,14273,5227d1a87aa6cf110233145b96ad7996041c5f9f155d9531e27d0a06bf663a17,.ts,server
server/db.ts,33775,5702f1a03af6ff6e979dc51c4246b79377f3a2b885d98dbcafef8729c0d7db35,.ts,server
server/deviceRouter.ts,18134,a8d95fb8b85a1ab77d869a10e3545a72eea6297bcc5513212ee7e37cfa799e07,.ts,server
server/dispatchConcurrency.test.ts,7642,f12f2d3099ff5f83f127f7280bfa82b7c7cf38e815489bc9dee2d709874619ba,.ts,server
server/dispatchEnforcement.test.ts,16870,105d3c43c15ec663de4a177802033d8e97cee5d079023092545044b4a76c0aac,.ts,server
server/dispatchEnforcementService.ts,5674,bd0feef5a61b9f7e63620207bef41b4b829adeb94ed24adb180f675426c00349,.ts,server
server/dispatchGate.test.ts,20096,f15b7c79686664b120337c3270d8b3821159000e8f6bcc9797ca42d9499db7c6,.ts,server
server/dispatchRouter.ts,13044,0e0ea74a47ae18c064f29e086ec0485291e75ecbd9c8e6e04af5495997308dc4,.ts,server
server/documentDedupDisposal.test.ts,13815,603ac20956e20c0202e7fa5bde7027c519f43e6ebd47913b126a64fbf156146f,.ts,server
server/documentationTruth.test.ts,6496,17301dfa735675d8cbea660440febb578621d9534973c1e3a5fcd808933d3a51,.ts,server
server/fieldDevice.test.ts,22158,70ce36522d5f38d453b48aed8b2c7f3e22fba767d98ec02a542f91cfce36dab0,.ts,server
server/fieldRuntime.test.ts,19760,38f48db444e07e24c06f22b60cae7fa0e61238a380ab18b6adfdadbde409cbb2,.ts,server
server/fieldroute.test.ts,14236,f10622aed86277ba86b71ba5901dcf699e0215fb7c962fecb1f740fc728ebd87,.ts,server
server/fixtures/geo/ats_54_18_w5_sec24.geojson,8992,a5be22331f9b45457cf95c1e0862ba1673c3ec77c3c71a079a75a7caa92c75db,.geojson,server
server/fixtures/geo/roads_54_18_w5.geojson,199792,d67498d12cbbd219133796efd63bc07005e65ec7edcb2803c3c5b3274fdf4bb4,.geojson,server
server/fleetShop.test.ts,19952,b7067e57afa28f5126d83234a30a0aa7f4c1641eceb36eadca0e68d03cc1af61,.ts,server
server/fuelLedger.test.ts,25145,7b60c489b3efabb92c7081f4ae5072a56ba219d38d693a547a6806d8e6b04137,.ts,server
server/fuelOpsRouter.ts,19608,3c8fca6e6ef9902060ceb2ec975c8323c29855017761726047560438b4157280,.ts,server
server/fundingService.ts,4599,e15d0e503b148bf1ee9405df1577eb930494a49fd8d66c8437f8b6baf65b5e33,.ts,server
server/geoImport.test.ts,13607,d4994e20cd7ae21253e881afd29de6b4cc2385b622504217dbbf4751ddd22494,.ts,server
server/geoRouter.ts,43346,0df7b175b49695e92f946f6931431a0485c00b91e9ef2b579140690352feaa50,.ts,server
server/gst.test.ts,15484,75315ca8a30e2788ef33c1f343d35e8fae0ffcabb8e84e531f3cd3c6f93193ed,.ts,server
server/gstRouter.ts,11831,589556d4558b136ccc42d952e0d3be7996fb102f43dc486913755e9e9e73a490,.ts,server
server/ifta.test.ts,19093,22b670e410232d40174fae45b457fb1b7c752aff308e4c47d49257ffb44c5e71,.ts,server
server/iftaRouter.ts,13454,52d994308dbb0543d1f7579c31da003cf66bbdcffd32242a00a4f900ef927914,.ts,server
server/insuranceRisk.test.ts,23770,2f8017cf3a45d926fcc5759d65765a180774ffa7c08ab95b450db31cf1bdb1b5,.ts,server
server/insuranceRouter.ts,20044,7a60a7822c79cb7caf610d40fcc2133c978256e1641a26edd4070d8e36fbcfe4,.ts,server
server/integrationGateway.test.ts,14255,4f3b50e3640c8070a958a0aedab2e27dd8689af0a8f05dc398231b271d530d22,.ts,server
server/integrationRouter.ts,18352,33160ba13126b8856499b12ca59f8e8ad291f31e7a0665122784ee137524c814,.ts,server
server/integrityClosure.test.ts,15550,b46fc85a2638cbccf6c6d959582f7fc45d9dee96d0384df2ca21ee9080649b5e,.ts,server
server/invoicing.test.ts,31550,af664c967e1a00fe9271d341ae16a0af3ce118a9b512d4b146fc4a192f0b891d,.ts,server
server/invoicingRouter.ts,25298,e487a0d898e9d5b94764c3e2b18d3f288c5b242c3804bcd753871ce9bc01679f,.ts,server
server/legalLand.test.ts,15582,564faed3b33315c6abcca155a9c7b5ada435bef906cb55f5a4fcf8c697d537db,.ts,server
server/linePricing.test.ts,9761,262e3ddc886b5c180dcff9476e745827a2b9576996895d593c331c84f2613b0c,.ts,server
server/merchantMemoryService.ts,4215,b5ab0eb83073839eccc39957017404c6c422a7bff0c392dc0d50ad14765806ea,.ts,server
server/operationalApiAuthorization.test.ts,17429,19d80d341eeac3fd0276eefeb9b9f4b3b4b87579d6d99fe6c950867d267820f8,.ts,server
server/operationalTruth.test.ts,15942,5ade1e26308ae96fd53d6f26aa929f0cf2f5cf9677f44ad2c3839266e4abfd4f,.ts,server
server/payrollApiAuthorization.test.ts,16565,f13a8cd0156477b8c126e27811ec1c47d5deda47546bb8df03202745d75217a5,.ts,server
server/payrollRouter.ts,32194,2bc732d2f8562ebfe62c0caa2d00af45190bb263be3ccb150db09120b2f664af,.ts,server
server/payrollService.ts,21669,85b714c52f304d3b915339d55f17dd10b8538479a5db51f2b12eee289a35d8eb,.ts,server
server/periodClose.test.ts,15271,a74df1558ab01b01fd3d82fee41d39e8444249e1759c14e1a2bf97d34a3b22cf,.ts,server
server/periodCloseService.ts,13995,1c9e349bba9e1c1a494f89e3e894a5ada121c50dd9fe44efa7c19d47082a9d58,.ts,server
server/periodRouter.ts,2715,897013ae043c5c515c369ce368acce8d1e5c1b3724a114fd1330367d45351bf3,.ts,server
server/portalFundingApi.test.ts,14069,5696a9dc637ed28f34c00a29e9d7e54e287346d8cdda23f0d2c6910fd2ada078,.ts,server
server/portalFundingRouter.ts,12150,0ac350613df6feabeefc3c70c9ef9c5227e0a9e250b77aadc747181b814bc437,.ts,server
server/portalHardening.test.ts,22466,84024e429627057f95112042b4f86247b3fb53c65c6d116ca55a93d0537c68f4,.ts,server
server/portalRouter.ts,67335,a4e3146fd452ba67913b4a685b6f485a6a5ee844243bd3368418a9180084a031,.ts,server
server/portalViewModels.test.ts,9156,316ed2df217c60c8e6938690869a58dbc81ceef1699ad578906a7558dd63fa73,.ts,server
server/procedureAuthorization.test.ts,14651,4e3725e5c8ed56d932a32c7a6f9417c3a3d14383382be181be10c24d0b02cb60,.ts,server
server/projectRouter.ts,16742,43ba5b9f4063261eb3efb65da1275c73054b4ccc28789606a51d8ee000452117,.ts,server
server/purchasingAp.test.ts,22700,d5120a69493a9489189b5b97e49674c35309ee6c7ac2caa18d31d7135352742f,.ts,server
server/purchasingRouter.ts,23643,5cf193ecba743e1a31eca1983a92b289078288af9023990a53b75353d559c4f2,.ts,server
server/questionQueueService.test.ts,4198,c1272d046bf85b8fce079a1f0ae521305b3ebc3f66c357da0a0e73238e949cc3,.ts,server
server/questionQueueService.ts,3711,3d18867876cc9814aaa228417ffc5381347513c428ee89acef7089ed2d2b8f34,.ts,server
server/readinessComposer.ts,20457,4094e37a6e2265796c794e56be53bb15a7bf02afe6870b71267d6846ae6b6e5f,.ts,server
server/recordsApiAuthorization.test.ts,15594,cc50c437bf65713dd4e085f46200f33874522704aff4a2e77a62140b5c10cbd8,.ts,server
server/recordsAuthorizationDb.test.ts,6334,04db93b2d192a94594228b623e567d9d0ffda2af89f67824a9d91eba06cdb4eb,.ts,server
server/recordsRouter.ts,34142,8a5a695f40482b14ccfc556616a3bf71576188637f53eaeb416ed71edca581b9,.ts,server
server/recordsService.ts,19044,47229f49d6fa680ab979922747019acfcca112863609b844e261846494247b80,.ts,server
server/requirementEngine.test.ts,20399,c6307f89eef0d25b66429343c6a2bbc14d72b678d94a9b24bd05c1ac02b6df1f,.ts,server
server/requirementRouter.ts,14666,8ea97b3f9831a7ead758973dcecafeda0c65c2d778d2a03af22259f8ea68347e,.ts,server
server/reservedWordColumns.test.ts,7610,e0bb95f304bf14e609e31dc89ebf15adff76e8df74e45d32b7b21764889ffdbd,.ts,server
server/roadGraph.test.ts,11369,4bcf2044539fba2ba902092ef41cc2e131f276bc3b557f875d7dec106c98c8e5,.ts,server
server/routers.ts,58381,b6c1a64bb5973847f34938af4e8e35b74a97b867a3535bf08872fcbd4c6962c8,.ts,server
server/shopRouter.ts,34106,727596e87ef5de3ed7852a4daf5bea09e47295efdc0c4cd6bb089fe42f6d8511,.ts,server
server/siteCloseout.test.ts,27584,f3ac38e23105d9f940cdfd047f48b100bbc1096b7afc0069d25566c0155601d6,.ts,server
server/spatialFoundation.test.ts,15919,f057781669b846ea9537953de9d21b4fc9dc67c7134271d66ea5691a7ccfe449,.ts,server
server/spatialRouter.ts,33549,76cc8d42228b33f7319a4249a1b34f0b77e4b829f190209c062b307d0cb795ce,.ts,server
server/storage.ts,3495,5a4948a5bdfe71176ef19b845c65ef0bea35a668b6b3287dd44194dea3cf9655,.ts,server
server/structures.test.ts,16229,15823d054b03bc62f91571a6f1d9312b16c56c3fbada45c1886a650a6d37c399,.ts,server
server/surfaces.test.ts,19249,2863bd0b836f40b14b8d2a81bd845b35f2786253c6806434d2f141c394ff92b7,.ts,server
server/surfacesRouter.ts,5411,f95efb0f0301f4f624d39e442e5a99afd4ed950d4c15442f70130e15b92e2754,.ts,server
server/surfacesService.ts,28679,71ec1774366300163664c223add9251bed96bee17b72446517a32c2472d5219b,.ts,server
server/telematics.test.ts,16368,96c15d4e450ce1c6f9eed0dafa29ac9a6bcc8e41950e689eff1271c2efbf4d0c,.ts,server
server/telematicsRouter.ts,9963,0ece34e1a6a48d38b9df4ea4b17b5a457a34816df0cadc0ab686c4a064b6e404,.ts,server
server/termsComplete.test.ts,13001,7e1d5d1fd4ab038c8b270f764517694e28d4ec2a22ecc0de48f63b175720bd1c,.ts,server
server/webhookDispatchService.ts,5051,8795c506ff51913e22660e0393dd92445c28212ac94d8541a2c14b7f8896ff9f,.ts,server
server/workflowEndToEnd.test.ts,10502,e7166c7ad66661816caf7645fedcd9f82332cbf80bfa10184cd4653d770fd7d0,.ts,server
server/workflowOrchestration.test.ts,10014,352ef5a3845063817e6449577534d7d20f8ce45bf67cd6e4e85c6d6130e28689,.ts,server
server/workforce.test.ts,18380,e0d54e58761a3bc55597b33a9e94aee705fec4b7144f06c614fa21e28e01ad4d,.ts,server
server/workforceRouter.ts,27969,10dfe006d29025646bacbc1d9eea9221bc0e089d5222998d40167a524838d084,.ts,server
server/zzMoneyPrecision.test.ts,11303,0e89f255e9972af6aefcec8058dec03932816541a8498071b9472cdb8f2531c8,.ts,server
shared/_core/errors.ts,601,52bee7d152045eaa009083e26a4cbc21d413c80b0403a23c4b5572141dec942a,.ts,shared
shared/const.ts,1549,30a4b7bfc3369a0f98f4af263dbf8ec5c6fee95cebe8922e347eeb03ab5afccc,.ts,shared
shared/types.ts,158,959aeb30b032e203677e278922e97988b7cbcb56485694458298859af5589974,.ts,shared
template.json,15371,e5eade0a8f9199ac3534b5c45114dfee5c0f72669dee93aca4586bd713c8956c,.json,root
todo.md,17925,d8cc83f0ec27920de4c3675a34b8b358836fe585c3341fb4ee4a7a654fee0f8e,.md,root
tsconfig.json,657,4bea0e0003e3c943f455346abc4854d1666d604adbaa6aa8eda11f94fb8f1396,.json,root
vite.config.ts,5765,1b4f11ec05e426ffb9b020cf18ed5bb979b7f042ad43bfd5d9043b569843afab,.ts,root
vite.config.ts.bak,847,6293502cedaba844c01a9958ade609d7523b4c3553a83804dab32dc571d498ec,.bak,root
vitest.config.ts,499,a0de83b3967226a98302bbb34aa2e1321890dba9ac1d1c8ce8a6b7989af87e44,.ts,root
