branch,target_snapshot,commit,source_doc,historical_precision
upgrade/b12-routing-evidence,v20,4186617a6a4cb599e47258c8723415c78ac00fef,LEASEOS_B12_ROUTING_EVIDENCE.md,first supplied complete snapshot containing checkpoint
upgrade/b13-data-governance,v20,4186617a6a4cb599e47258c8723415c78ac00fef,LEASEOS_B13_DATA_GOVERNANCE.md,first supplied complete snapshot containing checkpoint
upgrade/b14-dispatch,v20,4186617a6a4cb599e47258c8723415c78ac00fef,LEASEOS_B14_DISPATCH.md,first supplied complete snapshot containing checkpoint
upgrade/b15-transactional-dispatch,v20,4186617a6a4cb599e47258c8723415c78ac00fef,LEASEOS_B15_TRANSACTIONAL_DISPATCH.md,first supplied complete snapshot containing checkpoint
upgrade/b16-ci-database,v20,4186617a6a4cb599e47258c8723415c78ac00fef,LEASEOS_B16_CI_DATABASE.md,first supplied complete snapshot containing checkpoint
upgrade/b17-1-production-wiring,v20,4186617a6a4cb599e47258c8723415c78ac00fef,LEASEOS_B17_1_PRODUCTION_WIRING.md,first supplied complete snapshot containing checkpoint
upgrade/b17-workflow-core,v20,4186617a6a4cb599e47258c8723415c78ac00fef,LEASEOS_B17_WORKFLOW_CORE.md,first supplied complete snapshot containing checkpoint
upgrade/b18-billing-adjustments,v20,4186617a6a4cb599e47258c8723415c78ac00fef,LEASEOS_B18_BILLING_ADJUSTMENTS.md,first supplied complete snapshot containing checkpoint
upgrade/b19-end-to-end,v20,4186617a6a4cb599e47258c8723415c78ac00fef,LEASEOS_B19_END_TO_END.md,first supplied complete snapshot containing checkpoint
upgrade/b20-10-verified-source-registry,v22.16,af9adf5ce52fce7c793075a38cce63ab58db4aa8,LEASEOS_B20_10_VERIFIED_SOURCE_REGISTRY.md,first supplied complete snapshot containing checkpoint
upgrade/b20-11-p3-typed-commit,v22.16,af9adf5ce52fce7c793075a38cce63ab58db4aa8,LEASEOS_B20_11_P3_TYPED_COMMIT.md,first supplied complete snapshot containing checkpoint
upgrade/b20-12-v20-13-promotion,v22.16,af9adf5ce52fce7c793075a38cce63ab58db4aa8,LEASEOS_B20_12_V20_13_PROMOTION.md,first supplied complete snapshot containing checkpoint
upgrade/b20-13-portals-funding,v22.16,af9adf5ce52fce7c793075a38cce63ab58db4aa8,LEASEOS_B20_13_PORTALS_FUNDING.md,first supplied complete snapshot containing checkpoint
upgrade/b20-14-v20-15-extraction-queue,v22.16,af9adf5ce52fce7c793075a38cce63ab58db4aa8,LEASEOS_B20_14_V20_15_EXTRACTION_QUEUE.md,first supplied complete snapshot containing checkpoint
upgrade/b20-15-v20-16-fingerprint-disposal,v22.16,af9adf5ce52fce7c793075a38cce63ab58db4aa8,LEASEOS_B20_15_V20_16_FINGERPRINT_DISPOSAL.md,first supplied complete snapshot containing checkpoint
upgrade/b20-16-v20-17-integrity-closure,v22.16,af9adf5ce52fce7c793075a38cce63ab58db4aa8,LEASEOS_B20_16_V20_17_INTEGRITY_CLOSURE.md,first supplied complete snapshot containing checkpoint
upgrade/b20-17-v20-18-fuel-ledger,v22.16,af9adf5ce52fce7c793075a38cce63ab58db4aa8,LEASEOS_B20_17_V20_18_FUEL_LEDGER.md,first supplied complete snapshot containing checkpoint
upgrade/b20-18-v20-19-roadside-ap,v22.16,af9adf5ce52fce7c793075a38cce63ab58db4aa8,LEASEOS_B20_18_V20_19_ROADSIDE_AP.md,first supplied complete snapshot containing checkpoint
upgrade/b20-19-v20-20-secure-field-runtime,v22.16,af9adf5ce52fce7c793075a38cce63ab58db4aa8,LEASEOS_B20_19_V20_20_SECURE_FIELD_RUNTIME.md,first supplied complete snapshot containing checkpoint
upgrade/b20-1-workflow-wiring,v22.16,af9adf5ce52fce7c793075a38cce63ab58db4aa8,LEASEOS_B20_1_WORKFLOW_WIRING.md,first supplied complete snapshot containing checkpoint
upgrade/b20-20-v20-21-compliance-registry,v22.16,af9adf5ce52fce7c793075a38cce63ab58db4aa8,LEASEOS_B20_20_V20_21_COMPLIANCE_REGISTRY.md,first supplied complete snapshot containing checkpoint
upgrade/b20-21-v20-22-requirement-engine,v22.16,af9adf5ce52fce7c793075a38cce63ab58db4aa8,LEASEOS_B20_21_V20_22_REQUIREMENT_ENGINE.md,first supplied complete snapshot containing checkpoint
upgrade/b20-22-v20-23-insurance-risk,v22.16,af9adf5ce52fce7c793075a38cce63ab58db4aa8,LEASEOS_B20_22_V20_23_INSURANCE_RISK.md,first supplied complete snapshot containing checkpoint
upgrade/b20-2-authorization,v22.16,af9adf5ce52fce7c793075a38cce63ab58db4aa8,LEASEOS_B20_2_AUTHORIZATION.md,first supplied complete snapshot containing checkpoint
upgrade/b20-3-authorization-enforcement,v22.16,af9adf5ce52fce7c793075a38cce63ab58db4aa8,LEASEOS_B20_3_AUTHORIZATION_ENFORCEMENT.md,first supplied complete snapshot containing checkpoint
upgrade/b20-4-api-migration,v22.16,af9adf5ce52fce7c793075a38cce63ab58db4aa8,LEASEOS_B20_4_API_MIGRATION.md,first supplied complete snapshot containing checkpoint
upgrade/b20-5-payroll-finance-tax,v22.16,af9adf5ce52fce7c793075a38cce63ab58db4aa8,LEASEOS_B20_5_PAYROLL_FINANCE_TAX.md,first supplied complete snapshot containing checkpoint
upgrade/b20-6-authorization-complete,v22.16,af9adf5ce52fce7c793075a38cce63ab58db4aa8,LEASEOS_B20_6_AUTHORIZATION_COMPLETE.md,first supplied complete snapshot containing checkpoint
upgrade/b20-7-payroll-finance-api,v22.16,af9adf5ce52fce7c793075a38cce63ab58db4aa8,LEASEOS_B20_7_PAYROLL_FINANCE_API.md,first supplied complete snapshot containing checkpoint
upgrade/b20-8-external-data-routing,v22.16,af9adf5ce52fce7c793075a38cce63ab58db4aa8,LEASEOS_B20_8_EXTERNAL_DATA_ROUTING.md,first supplied complete snapshot containing checkpoint
upgrade/b20-9-universal-permissions,v22.16,af9adf5ce52fce7c793075a38cce63ab58db4aa8,LEASEOS_B20_9_UNIVERSAL_PERMISSIONS.md,first supplied complete snapshot containing checkpoint
upgrade/b20-measurement-ladder,v22.16,af9adf5ce52fce7c793075a38cce63ab58db4aa8,LEASEOS_B20_MEASUREMENT_LADDER.md,first supplied complete snapshot containing checkpoint
upgrade/b20-records-vault,v22.16,af9adf5ce52fce7c793075a38cce63ab58db4aa8,LEASEOS_B20_RECORDS_VAULT.md,first supplied complete snapshot containing checkpoint
upgrade/b21-0-universal-surfaces,v22.16,af9adf5ce52fce7c793075a38cce63ab58db4aa8,LEASEOS_B21_0_UNIVERSAL_SURFACES.md,first supplied complete snapshot containing checkpoint
upgrade/b21-10-commercial-portals,v22.16,af9adf5ce52fce7c793075a38cce63ab58db4aa8,LEASEOS_B21_10_COMMERCIAL_PORTALS.md,first supplied complete snapshot containing checkpoint
upgrade/b21-11-site-signoff-chain,v22.16,af9adf5ce52fce7c793075a38cce63ab58db4aa8,LEASEOS_B21_11_SITE_SIGNOFF_CHAIN.md,first supplied complete snapshot containing checkpoint
upgrade/b21-12-portal-hardening,v22.16,af9adf5ce52fce7c793075a38cce63ab58db4aa8,LEASEOS_B21_12_PORTAL_HARDENING.md,first supplied complete snapshot containing checkpoint
upgrade/b21-13-customer-live-view,v22.16,af9adf5ce52fce7c793075a38cce63ab58db4aa8,LEASEOS_B21_13_CUSTOMER_LIVE_VIEW.md,first supplied complete snapshot containing checkpoint
upgrade/b21-14-customer-transaction,v22.16,af9adf5ce52fce7c793075a38cce63ab58db4aa8,LEASEOS_B21_14_CUSTOMER_TRANSACTION.md,first supplied complete snapshot containing checkpoint
upgrade/b21-15-fleet-shop,v22.16,af9adf5ce52fce7c793075a38cce63ab58db4aa8,LEASEOS_B21_15_FLEET_SHOP.md,first supplied complete snapshot containing checkpoint
upgrade/b21-16-capital-assets,v22.16,af9adf5ce52fce7c793075a38cce63ab58db4aa8,LEASEOS_B21_16_CAPITAL_ASSETS.md,first supplied complete snapshot containing checkpoint
upgrade/b21-17-commercial-projects,v22.16,af9adf5ce52fce7c793075a38cce63ab58db4aa8,LEASEOS_B21_17_COMMERCIAL_PROJECTS.md,first supplied complete snapshot containing checkpoint
upgrade/b21-18-integration-gateway,v22.16,af9adf5ce52fce7c793075a38cce63ab58db4aa8,LEASEOS_B21_18_INTEGRATION_GATEWAY.md,first supplied complete snapshot containing checkpoint
upgrade/b21-19-telematics,v22.16,af9adf5ce52fce7c793075a38cce63ab58db4aa8,LEASEOS_B21_19_TELEMATICS.md,first supplied complete snapshot containing checkpoint
upgrade/b21-1-dispatch-gate,v22.16,af9adf5ce52fce7c793075a38cce63ab58db4aa8,LEASEOS_B21_1_DISPATCH_GATE.md,first supplied complete snapshot containing checkpoint
upgrade/b21-20-workforce,v22.16,af9adf5ce52fce7c793075a38cce63ab58db4aa8,LEASEOS_B21_20_WORKFORCE.md,first supplied complete snapshot containing checkpoint
upgrade/b21-21-audit-packages,v22.16,af9adf5ce52fce7c793075a38cce63ab58db4aa8,LEASEOS_B21_21_AUDIT_PACKAGES.md,first supplied complete snapshot containing checkpoint
upgrade/b21-2-dispatch-enforcement,v22.16,af9adf5ce52fce7c793075a38cce63ab58db4aa8,LEASEOS_B21_2_DISPATCH_ENFORCEMENT.md,first supplied complete snapshot containing checkpoint
upgrade/b21-3-ifta,v22.16,af9adf5ce52fce7c793075a38cce63ab58db4aa8,LEASEOS_B21_3_IFTA.md,first supplied complete snapshot containing checkpoint
upgrade/b21-4-bulk-fuel-statements,v22.16,af9adf5ce52fce7c793075a38cce63ab58db4aa8,LEASEOS_B21_4_BULK_FUEL_STATEMENTS.md,first supplied complete snapshot containing checkpoint
upgrade/b21-5-period-close,v22.16,af9adf5ce52fce7c793075a38cce63ab58db4aa8,LEASEOS_B21_5_PERIOD_CLOSE.md,first supplied complete snapshot containing checkpoint
upgrade/b21-6-field-runtime,v22.16,af9adf5ce52fce7c793075a38cce63ab58db4aa8,LEASEOS_B21_6_FIELD_RUNTIME.md,first supplied complete snapshot containing checkpoint
upgrade/b21-7-portal-experience,v22.16,af9adf5ce52fce7c793075a38cce63ab58db4aa8,LEASEOS_B21_7_PORTAL_EXPERIENCE.md,first supplied complete snapshot containing checkpoint
upgrade/b21-8-gst-hst,v22.16,af9adf5ce52fce7c793075a38cce63ab58db4aa8,LEASEOS_B21_8_GST_HST.md,first supplied complete snapshot containing checkpoint
upgrade/b21-9-1-integrity-hotfix,v22.16,af9adf5ce52fce7c793075a38cce63ab58db4aa8,LEASEOS_B21_9_1_INTEGRITY_HOTFIX.md,first supplied complete snapshot containing checkpoint
upgrade/b21-9-bank-and-ar,v22.16,af9adf5ce52fce7c793075a38cce63ab58db4aa8,LEASEOS_B21_9_BANK_AND_AR.md,first supplied complete snapshot containing checkpoint
upgrade/b22-0-spatial-foundation,v22.16,af9adf5ce52fce7c793075a38cce63ab58db4aa8,LEASEOS_B22_0_SPATIAL_FOUNDATION.md,first supplied complete snapshot containing checkpoint
upgrade/b22-10-invoice-to-customer,v22.16,af9adf5ce52fce7c793075a38cce63ab58db4aa8,LEASEOS_B22_10_INVOICE_TO_CUSTOMER.md,first supplied complete snapshot containing checkpoint
upgrade/b22-11-credits-voids,v22.16,af9adf5ce52fce7c793075a38cce63ab58db4aa8,LEASEOS_B22_11_CREDITS_VOIDS.md,first supplied complete snapshot containing checkpoint
upgrade/b22-12-setup-wizard,v22.16,af9adf5ce52fce7c793075a38cce63ab58db4aa8,LEASEOS_B22_12_SETUP_WIZARD.md,first supplied complete snapshot containing checkpoint
upgrade/b22-13-mapping-foundation,v22.16,af9adf5ce52fce7c793075a38cce63ab58db4aa8,LEASEOS_B22_13_MAPPING_FOUNDATION.md,first supplied complete snapshot containing checkpoint
upgrade/b22-14-legal-land,v22.16,af9adf5ce52fce7c793075a38cce63ab58db4aa8,LEASEOS_B22_14_LEGAL_LAND.md,first supplied complete snapshot containing checkpoint
upgrade/b22-15-structures-staleness,v22.16,af9adf5ce52fce7c793075a38cce63ab58db4aa8,LEASEOS_B22_15_STRUCTURES_STALENESS.md,first supplied complete snapshot containing checkpoint
upgrade/b22-16-routing-graph,v22.16,af9adf5ce52fce7c793075a38cce63ab58db4aa8,LEASEOS_B22_16_ROUTING_GRAPH.md,first supplied complete snapshot containing checkpoint
upgrade/b22-1-contract-terms,v22.16,af9adf5ce52fce7c793075a38cce63ab58db4aa8,LEASEOS_B22_1_CONTRACT_TERMS.md,first supplied complete snapshot containing checkpoint
upgrade/b22-2-terms-complete,v22.16,af9adf5ce52fce7c793075a38cce63ab58db4aa8,LEASEOS_B22_2_TERMS_COMPLETE.md,first supplied complete snapshot containing checkpoint
upgrade/b22-3-money-precision,v22.16,af9adf5ce52fce7c793075a38cce63ab58db4aa8,LEASEOS_B22_3_MONEY_PRECISION.md,first supplied complete snapshot containing checkpoint
upgrade/b22-4-shadows-everywhere,v22.16,af9adf5ce52fce7c793075a38cce63ab58db4aa8,LEASEOS_B22_4_SHADOWS_EVERYWHERE.md,first supplied complete snapshot containing checkpoint
upgrade/b22-5-1-operational-truth,v22.16,af9adf5ce52fce7c793075a38cce63ab58db4aa8,LEASEOS_B22_5_1_OPERATIONAL_TRUTH.md,first supplied complete snapshot containing checkpoint
upgrade/b22-5-first-ledger-retired,v22.16,af9adf5ce52fce7c793075a38cce63ab58db4aa8,LEASEOS_B22_5_FIRST_LEDGER_RETIRED.md,first supplied complete snapshot containing checkpoint
upgrade/b22-6-fuel-retired,v22.16,af9adf5ce52fce7c793075a38cce63ab58db4aa8,LEASEOS_B22_6_FUEL_RETIRED.md,first supplied complete snapshot containing checkpoint
upgrade/b22-7-commercial-setup,v22.16,af9adf5ce52fce7c793075a38cce63ab58db4aa8,LEASEOS_B22_7_COMMERCIAL_SETUP.md,first supplied complete snapshot containing checkpoint
upgrade/b22-8-lines-priced,v22.16,af9adf5ce52fce7c793075a38cce63ab58db4aa8,LEASEOS_B22_8_LINES_PRICED.md,first supplied complete snapshot containing checkpoint
upgrade/b22-9-invoice-path,v22.16,af9adf5ce52fce7c793075a38cce63ab58db4aa8,LEASEOS_B22_9_INVOICE_PATH.md,first supplied complete snapshot containing checkpoint
upgrade/b22-17-communications,cal05a-v22.20,845bd782fac58ffa16b5758833a610635ee8816f,LEASEOS_B22_17_COMMUNICATIONS.md,first supplied complete snapshot containing checkpoint
upgrade/b22-18-comms-dispatch,cal05a-v22.20,845bd782fac58ffa16b5758833a610635ee8816f,LEASEOS_B22_18_COMMS_DISPATCH.md,first supplied complete snapshot containing checkpoint
upgrade/b22-19-offline-package,cal05a-v22.20,845bd782fac58ffa16b5758833a610635ee8816f,LEASEOS_B22_19_OFFLINE_PACKAGE.md,first supplied complete snapshot containing checkpoint
candidate/unreleased-0079-cdef,cal05a-v22.20,845bd782fac58ffa16b5758833a610635ee8816f,LEASEOS_UNRELEASED_0079_CDEF.md,first supplied complete snapshot containing checkpoint
upgrade/b23-widget-engine,b28h-widget-engine,bc91356912eb0e24d655c451fe7c96b35da8aa9b,docs/LEASEOS_B23_WIDGET_ENGINE.md,first supplied complete snapshot containing checkpoint
upgrade/b24-widget-runtime-integration,b28h-widget-engine,bc91356912eb0e24d655c451fe7c96b35da8aa9b,docs/LEASEOS_B24_WIDGET_RUNTIME_INTEGRATION.md,first supplied complete snapshot containing checkpoint
upgrade/b25-widget-client-runtime,b28h-widget-engine,bc91356912eb0e24d655c451fe7c96b35da8aa9b,docs/LEASEOS_B25_WIDGET_CLIENT_RUNTIME.md,first supplied complete snapshot containing checkpoint
upgrade/b26-widget-board-ux,b28h-widget-engine,bc91356912eb0e24d655c451fe7c96b35da8aa9b,docs/LEASEOS_B26_WIDGET_BOARD_UX.md,first supplied complete snapshot containing checkpoint
upgrade/b27-production-widget-catalogue,b28h-widget-engine,bc91356912eb0e24d655c451fe7c96b35da8aa9b,docs/LEASEOS_B27_PRODUCTION_WIDGET_CATALOGUE.md,first supplied complete snapshot containing checkpoint
upgrade/b28a-branchless-reconciliation,b28h-widget-engine,bc91356912eb0e24d655c451fe7c96b35da8aa9b,docs/LEASEOS_B28A_BRANCHLESS_RECONCILIATION.md,first supplied complete snapshot containing checkpoint
upgrade/b28b-source-contracts,b28h-widget-engine,bc91356912eb0e24d655c451fe7c96b35da8aa9b,docs/LEASEOS_B28B_SOURCE_CONTRACTS.md,first supplied complete snapshot containing checkpoint
upgrade/b28c-composition-semantics,b28h-widget-engine,bc91356912eb0e24d655c451fe7c96b35da8aa9b,docs/LEASEOS_B28C_COMPOSITION_SEMANTICS.md,first supplied complete snapshot containing checkpoint
upgrade/b28d-semantic-contracts,b28h-widget-engine,bc91356912eb0e24d655c451fe7c96b35da8aa9b,docs/LEASEOS_B28D_SEMANTIC_CONTRACTS.md,first supplied complete snapshot containing checkpoint
upgrade/b28e-registry-v2-migration,b28h-widget-engine,bc91356912eb0e24d655c451fe7c96b35da8aa9b,docs/LEASEOS_B28E_REGISTRY_V2_MIGRATION.md,first supplied complete snapshot containing checkpoint
upgrade/b28f-guard-integrity,b28h-widget-engine,bc91356912eb0e24d655c451fe7c96b35da8aa9b,docs/LEASEOS_B28F_GUARD_INTEGRITY.md,first supplied complete snapshot containing checkpoint
upgrade/b28g-guard-hardening,b28h-widget-engine,bc91356912eb0e24d655c451fe7c96b35da8aa9b,docs/LEASEOS_B28G_GUARD_HARDENING.md,first supplied complete snapshot containing checkpoint
upgrade/b28h-branch-arrival-rc,b28h-widget-engine,bc91356912eb0e24d655c451fe7c96b35da8aa9b,LEASEOS_B28H_BRANCH_ARRIVAL_RC.md,first supplied complete snapshot containing checkpoint
upgrade/b28-real-branch-widget-integration,b28h-widget-engine,bc91356912eb0e24d655c451fe7c96b35da8aa9b,docs/LEASEOS_B28_REAL_BRANCH_WIDGET_INTEGRATION.md,first supplied complete snapshot containing checkpoint
