archive,canonical,filename,sha256,status
Chat1,leaseos-assistant-app-3.html,leaseos-assistant-app-4.html,8e6a72d37285bc9c37c7afccb3bdb5e4584c9f0b1145c0b7bf80e44d4587be90,EXACT_DUPLICATE
Chat1,leaseos-assistant-app-3.html,leaseos-assistant-app-3.html,8e6a72d37285bc9c37c7afccb3bdb5e4584c9f0b1145c0b7bf80e44d4587be90,KEEP
Chat1,leaseos-design-system-3.html,leaseos-design-system-4.html,a61cc049efd506846463b78c3cd1370d845f4ff8bf49dc3bd235133d76472e99,EXACT_DUPLICATE
Chat1,leaseos-design-system-3.html,leaseos-design-system-3.html,a61cc049efd506846463b78c3cd1370d845f4ff8bf49dc3bd235133d76472e99,KEEP
Chat1,leaseos-fieldroute-v20.zip,leaseos-fieldroute-v20.zip,849f58d3441c21c931b50b42510a61c15be193f2c583a94dff59544644e64bea,KEEP
Chat1,leaseos-fieldroute-v20.zip,leaseos-fieldroute-v20-1.zip,849f58d3441c21c931b50b42510a61c15be193f2c583a94dff59544644e64bea,EXACT_DUPLICATE
Chat1,leaseos-prototype-3.html,leaseos-prototype-4.html,985733ac86c09b2e4b6bd889c3ce701dd47e9276417c20c01864bdec140198fe,EXACT_DUPLICATE
Chat1,leaseos-prototype-3.html,leaseos-prototype-3.html,985733ac86c09b2e4b6bd889c3ce701dd47e9276417c20c01864bdec140198fe,KEEP
Chat1,LEASEOS_ASSISTANT_ENGINE-2.md,LEASEOS_ASSISTANT_ENGINE-2.md,16c320de046162cd84395980a3c6e25842dc4598cce54c2ec6742241be7102a3,KEEP
Chat1,LEASEOS_ASSISTANT_ENGINE-2.md,LEASEOS_ASSISTANT_ENGINE-3.md,16c320de046162cd84395980a3c6e25842dc4598cce54c2ec6742241be7102a3,EXACT_DUPLICATE
Chat1,LEASEOS_ASSISTANT_WIRING-3.md,LEASEOS_ASSISTANT_WIRING-4.md,b9e14d058b95cbcd36c288565d11660b41d54163426e0a98fb9e436a3396eeca,EXACT_DUPLICATE
Chat1,LEASEOS_ASSISTANT_WIRING-3.md,LEASEOS_ASSISTANT_WIRING-3.md,b9e14d058b95cbcd36c288565d11660b41d54163426e0a98fb9e436a3396eeca,KEEP
Chat1,LEASEOS_B12_ROUTING_EVIDENCE-2.md,LEASEOS_B12_ROUTING_EVIDENCE-3.md,97c9a3928e8d91aface5541505dd0f8789138ab1ad1be5fb460112f2931d9c4b,EXACT_DUPLICATE
Chat1,LEASEOS_B12_ROUTING_EVIDENCE-2.md,LEASEOS_B12_ROUTING_EVIDENCE-2.md,97c9a3928e8d91aface5541505dd0f8789138ab1ad1be5fb460112f2931d9c4b,KEEP
Chat1,LEASEOS_B13_DATA_GOVERNANCE-2.md,LEASEOS_B13_DATA_GOVERNANCE-2.md,aff1a2fae656f5bd2915ed9127531d713d5af894976ccb4d4229375f8e83879d,KEEP
Chat1,LEASEOS_B13_DATA_GOVERNANCE-2.md,LEASEOS_B13_DATA_GOVERNANCE-3.md,aff1a2fae656f5bd2915ed9127531d713d5af894976ccb4d4229375f8e83879d,EXACT_DUPLICATE
Chat1,LEASEOS_B14_DISPATCH-2.md,LEASEOS_B14_DISPATCH-3.md,3083f073bbf61cb29b6a090069ec105370632d6e60f16ede205235c91d2f9f28,EXACT_DUPLICATE
Chat1,LEASEOS_B14_DISPATCH-2.md,LEASEOS_B14_DISPATCH-2.md,3083f073bbf61cb29b6a090069ec105370632d6e60f16ede205235c91d2f9f28,KEEP
Chat1,LEASEOS_B15_TRANSACTIONAL_DISPATCH-2.md,LEASEOS_B15_TRANSACTIONAL_DISPATCH-3.md,8f66ea89bebb3a3634dbfb3243fbee40920e40d09c8d2d2362c26ac2a70c15d8,EXACT_DUPLICATE
Chat1,LEASEOS_B15_TRANSACTIONAL_DISPATCH-2.md,LEASEOS_B15_TRANSACTIONAL_DISPATCH-2.md,8f66ea89bebb3a3634dbfb3243fbee40920e40d09c8d2d2362c26ac2a70c15d8,KEEP
Chat1,LEASEOS_B16_CI_DATABASE-1.md,LEASEOS_B16_CI_DATABASE-2.md,3149372956f14f6280763bef8ed6ade36aa2f49170e90c6789c7415d63b0e4df,EXACT_DUPLICATE
Chat1,LEASEOS_B16_CI_DATABASE-1.md,LEASEOS_B16_CI_DATABASE-1.md,3149372956f14f6280763bef8ed6ade36aa2f49170e90c6789c7415d63b0e4df,KEEP
Chat1,LEASEOS_B17_1_PRODUCTION_WIRING.md,LEASEOS_B17_1_PRODUCTION_WIRING-1.md,b8c057c46268f209473a6fed2ab24c6a65dd321a14593b07dd4290f6f4a65a97,EXACT_DUPLICATE
Chat1,LEASEOS_B17_1_PRODUCTION_WIRING.md,LEASEOS_B17_1_PRODUCTION_WIRING.md,b8c057c46268f209473a6fed2ab24c6a65dd321a14593b07dd4290f6f4a65a97,KEEP
Chat1,LEASEOS_B17_WORKFLOW_CORE-1.md,LEASEOS_B17_WORKFLOW_CORE-2.md,56891b3395f085203ad18cd45149ad33e64fe42ac06b8861f2c554b3ff0ee67e,EXACT_DUPLICATE
Chat1,LEASEOS_B17_WORKFLOW_CORE-1.md,LEASEOS_B17_WORKFLOW_CORE-1.md,56891b3395f085203ad18cd45149ad33e64fe42ac06b8861f2c554b3ff0ee67e,KEEP
Chat1,LEASEOS_B18_BILLING_ADJUSTMENTS.md,LEASEOS_B18_BILLING_ADJUSTMENTS-1.md,894d2d6f33a38753c1829de356e2ea3d3f95afd89aba24b4ed058a2a3f93a917,EXACT_DUPLICATE
Chat1,LEASEOS_B18_BILLING_ADJUSTMENTS.md,LEASEOS_B18_BILLING_ADJUSTMENTS.md,894d2d6f33a38753c1829de356e2ea3d3f95afd89aba24b4ed058a2a3f93a917,KEEP
Chat1,LEASEOS_B19_END_TO_END.md,LEASEOS_B19_END_TO_END.md,ff78b46bb1f4f8bd12563d73b6b2772359b44f703bd1044ecdd014f0ad287f3d,KEEP
Chat1,LEASEOS_B19_END_TO_END.md,LEASEOS_B19_END_TO_END-1.md,ff78b46bb1f4f8bd12563d73b6b2772359b44f703bd1044ecdd014f0ad287f3d,EXACT_DUPLICATE
Chat1,LEASEOS_BILLING_RECORDS_CHAIN-2.md,LEASEOS_BILLING_RECORDS_CHAIN-3.md,db5e5c58a5917cd80a855fe19bcfdf2df0c762440934063fefab64440c79c9ad,EXACT_DUPLICATE
Chat1,LEASEOS_BILLING_RECORDS_CHAIN-2.md,LEASEOS_BILLING_RECORDS_CHAIN-2.md,db5e5c58a5917cd80a855fe19bcfdf2df0c762440934063fefab64440c79c9ad,KEEP
Chat1,LEASEOS_BRANCH_RECONCILIATION.md,LEASEOS_BRANCH_RECONCILIATION.md,8ece29acc8b0eab62ab381885f2fb8799524321d1469e70c9fcb0c040f2e8920,KEEP
Chat1,LEASEOS_BRANCH_RECONCILIATION.md,LEASEOS_BRANCH_RECONCILIATION-1.md,8ece29acc8b0eab62ab381885f2fb8799524321d1469e70c9fcb0c040f2e8920,EXACT_DUPLICATE
Chat1,LEASEOS_BUILD_PLAN-2.md,LEASEOS_BUILD_PLAN-3.md,c9927ca056aadccac975e1350463c3f792002a5580fc87dda945ecbf0b1bdfbe,EXACT_DUPLICATE
Chat1,LEASEOS_BUILD_PLAN-2.md,LEASEOS_BUILD_PLAN-2.md,c9927ca056aadccac975e1350463c3f792002a5580fc87dda945ecbf0b1bdfbe,KEEP
Chat1,LEASEOS_BUILD_SPEC-2.md,LEASEOS_BUILD_SPEC-3.md,e36c1aa29bf650a5042e3fab972c6a4412fbd2480474154fa9020671e42dbd4b,EXACT_DUPLICATE
Chat1,LEASEOS_BUILD_SPEC-2.md,LEASEOS_BUILD_SPEC-2.md,e36c1aa29bf650a5042e3fab972c6a4412fbd2480474154fa9020671e42dbd4b,KEEP
Chat1,LEASEOS_DESIGN_SYSTEM-2.md,LEASEOS_DESIGN_SYSTEM-3.md,8cb911299f820d77463ee37cbff2e43a5c2d13d8e7d859f2052c2d89fb0090f4,EXACT_DUPLICATE
Chat1,LEASEOS_DESIGN_SYSTEM-2.md,LEASEOS_DESIGN_SYSTEM-2.md,8cb911299f820d77463ee37cbff2e43a5c2d13d8e7d859f2052c2d89fb0090f4,KEEP
Chat1,LEASEOS_TAXONOMY_ROUTING-2.md,LEASEOS_TAXONOMY_ROUTING-2.md,3aca031bc9bddd5a396e3b659e95d2c9aea6bcda3fb16a7a8623ea38bc251f95,KEEP
Chat1,LEASEOS_TAXONOMY_ROUTING-2.md,LEASEOS_TAXONOMY_ROUTING-3.md,3aca031bc9bddd5a396e3b659e95d2c9aea6bcda3fb16a7a8623ea38bc251f95,EXACT_DUPLICATE
Chat2,leaseos-fieldroute-v22.16-routing-graph-1.zip,leaseos-fieldroute-v22.16-routing-graph-2.zip,875b18f475857f46180b524d88bd059a5dcf774ce6bae3157c68276e98885703,EXACT_DUPLICATE
Chat2,leaseos-fieldroute-v22.16-routing-graph-1.zip,leaseos-fieldroute-v22.16-routing-graph-1.zip,875b18f475857f46180b524d88bd059a5dcf774ce6bae3157c68276e98885703,KEEP
Chat2,LEASEOS_B20_12_V20_13_PROMOTION-1.md,LEASEOS_B20_12_V20_13_PROMOTION-1.md,8f4caa415cc9735fd8fc13adc822c0202063b3be308951438b678eb38183da12,KEEP
Chat2,LEASEOS_B20_12_V20_13_PROMOTION-1.md,LEASEOS_B20_12_V20_13_PROMOTION-2.md,8f4caa415cc9735fd8fc13adc822c0202063b3be308951438b678eb38183da12,EXACT_DUPLICATE
Chat2,LEASEOS_B20_13_PORTALS_FUNDING.md,LEASEOS_B20_13_PORTALS_FUNDING-1.md,1f484e4ea28a0d2e4fdb6d8e038f230161740d33259ead01903ad1c4ef87a684,EXACT_DUPLICATE
Chat2,LEASEOS_B20_13_PORTALS_FUNDING.md,LEASEOS_B20_13_PORTALS_FUNDING.md,1f484e4ea28a0d2e4fdb6d8e038f230161740d33259ead01903ad1c4ef87a684,KEEP
Chat2,LEASEOS_B20_9_UNIVERSAL_PERMISSIONS-1.md,LEASEOS_B20_9_UNIVERSAL_PERMISSIONS-1.md,dfce81f1178e50351f4e4514105e4388608906ccdce6a9d76daa1429d0c4cc9d,KEEP
Chat2,LEASEOS_B20_9_UNIVERSAL_PERMISSIONS-1.md,LEASEOS_B20_9_UNIVERSAL_PERMISSIONS-2.md,dfce81f1178e50351f4e4514105e4388608906ccdce6a9d76daa1429d0c4cc9d,EXACT_DUPLICATE
Chat2,LEASEOS_B21_17_COMMERCIAL_PROJECTS.md,LEASEOS_B21_17_COMMERCIAL_PROJECTS-1.md,a2e558278788dfc0a3b18c97f4d6b9fc8096a09d7c00806ec437be1fb7d73cfa,EXACT_DUPLICATE
Chat2,LEASEOS_B21_17_COMMERCIAL_PROJECTS.md,LEASEOS_B21_17_COMMERCIAL_PROJECTS.md,a2e558278788dfc0a3b18c97f4d6b9fc8096a09d7c00806ec437be1fb7d73cfa,KEEP
Chat2,LEASEOS_B21_18_INTEGRATION_GATEWAY.md,LEASEOS_B21_18_INTEGRATION_GATEWAY.md,86f08bbe42b6789378276fcf8e5d1ffdf0c9cf84f7eac9c61eb2d771595d1262,KEEP
Chat2,LEASEOS_B21_18_INTEGRATION_GATEWAY.md,LEASEOS_B21_18_INTEGRATION_GATEWAY-1.md,86f08bbe42b6789378276fcf8e5d1ffdf0c9cf84f7eac9c61eb2d771595d1262,EXACT_DUPLICATE
Chat2,LEASEOS_B21_19_TELEMATICS.md,LEASEOS_B21_19_TELEMATICS.md,04052279c7e37cbe7184198af0062a75c3e673df1ed900de52b6d435a722e13e,KEEP
Chat2,LEASEOS_B21_19_TELEMATICS.md,LEASEOS_B21_19_TELEMATICS-1.md,04052279c7e37cbe7184198af0062a75c3e673df1ed900de52b6d435a722e13e,EXACT_DUPLICATE
Chat2,LEASEOS_B21_20_WORKFORCE.md,LEASEOS_B21_20_WORKFORCE-1.md,cac35bcf11f836e88cf8b567878aace6a3d7df84d611e305cd001da933334fa9,EXACT_DUPLICATE
Chat2,LEASEOS_B21_20_WORKFORCE.md,LEASEOS_B21_20_WORKFORCE.md,cac35bcf11f836e88cf8b567878aace6a3d7df84d611e305cd001da933334fa9,KEEP
Chat2,LEASEOS_B21_21_AUDIT_PACKAGES.md,LEASEOS_B21_21_AUDIT_PACKAGES.md,acc696118dae0bba6feca6026fe8105f437e87dd2d9289d4a04c440d91f55fe4,KEEP
Chat2,LEASEOS_B21_21_AUDIT_PACKAGES.md,LEASEOS_B21_21_AUDIT_PACKAGES-1.md,acc696118dae0bba6feca6026fe8105f437e87dd2d9289d4a04c440d91f55fe4,EXACT_DUPLICATE
Chat2,LEASEOS_B22_0_SPATIAL_FOUNDATION.md,LEASEOS_B22_0_SPATIAL_FOUNDATION-1.md,31d71f238972569a107803e9e35c2a9449301a4bc453ba369b750c316fd47a96,EXACT_DUPLICATE
Chat2,LEASEOS_B22_0_SPATIAL_FOUNDATION.md,LEASEOS_B22_0_SPATIAL_FOUNDATION.md,31d71f238972569a107803e9e35c2a9449301a4bc453ba369b750c316fd47a96,KEEP
Chat2,LEASEOS_B22_10_INVOICE_TO_CUSTOMER.md,LEASEOS_B22_10_INVOICE_TO_CUSTOMER.md,b1bf177fbfe1fa49218508aa10f17bce48ab773812127cd85d74e4f69713c349,KEEP
Chat2,LEASEOS_B22_10_INVOICE_TO_CUSTOMER.md,LEASEOS_B22_10_INVOICE_TO_CUSTOMER-1.md,b1bf177fbfe1fa49218508aa10f17bce48ab773812127cd85d74e4f69713c349,EXACT_DUPLICATE
Chat2,LEASEOS_B22_11_CREDITS_VOIDS.md,LEASEOS_B22_11_CREDITS_VOIDS.md,a9383ef1748ea13bda288fd5ceb3ff213086225bc9a8f95bacfc92eed37b22c4,KEEP
Chat2,LEASEOS_B22_11_CREDITS_VOIDS.md,LEASEOS_B22_11_CREDITS_VOIDS-1.md,a9383ef1748ea13bda288fd5ceb3ff213086225bc9a8f95bacfc92eed37b22c4,EXACT_DUPLICATE
Chat2,LEASEOS_B22_12_SETUP_WIZARD.md,LEASEOS_B22_12_SETUP_WIZARD-1.md,796d7de59d0f67c821eb219d96f2077e0973bb145a554231a36f78286b4c27bb,EXACT_DUPLICATE
Chat2,LEASEOS_B22_12_SETUP_WIZARD.md,LEASEOS_B22_12_SETUP_WIZARD-2.md,796d7de59d0f67c821eb219d96f2077e0973bb145a554231a36f78286b4c27bb,EXACT_DUPLICATE
Chat2,LEASEOS_B22_12_SETUP_WIZARD.md,LEASEOS_B22_12_SETUP_WIZARD.md,796d7de59d0f67c821eb219d96f2077e0973bb145a554231a36f78286b4c27bb,KEEP
Chat2,LEASEOS_B22_13_MAPPING_FOUNDATION.md,LEASEOS_B22_13_MAPPING_FOUNDATION-1.md,9831feef45eed11e9efc9b1010f0a8c84bf9c13b32a95165cba05b5107ed2f40,EXACT_DUPLICATE
Chat2,LEASEOS_B22_13_MAPPING_FOUNDATION.md,LEASEOS_B22_13_MAPPING_FOUNDATION.md,9831feef45eed11e9efc9b1010f0a8c84bf9c13b32a95165cba05b5107ed2f40,KEEP
Chat2,LEASEOS_B22_14_LEGAL_LAND.md,LEASEOS_B22_14_LEGAL_LAND.md,c19f309f5a5bc13fefdf5738a3f318a089f76c1643373fcd2b3a42484d4f1878,KEEP
Chat2,LEASEOS_B22_14_LEGAL_LAND.md,LEASEOS_B22_14_LEGAL_LAND-1.md,c19f309f5a5bc13fefdf5738a3f318a089f76c1643373fcd2b3a42484d4f1878,EXACT_DUPLICATE
Chat2,LEASEOS_B22_15_STRUCTURES_STALENESS.md,LEASEOS_B22_15_STRUCTURES_STALENESS-1.md,45a511d069fc1f2365cf9c74c0882c273d6076a5c06ecd47541878dd5af71ae8,EXACT_DUPLICATE
Chat2,LEASEOS_B22_15_STRUCTURES_STALENESS.md,LEASEOS_B22_15_STRUCTURES_STALENESS.md,45a511d069fc1f2365cf9c74c0882c273d6076a5c06ecd47541878dd5af71ae8,KEEP
Chat2,LEASEOS_B22_16_ROUTING_GRAPH-1.md,LEASEOS_B22_16_ROUTING_GRAPH-2.md,d4ec52d9ec5e61054c626cf418ddeaa8161a0fe1f96f412401c3d485fe156c6b,EXACT_DUPLICATE
Chat2,LEASEOS_B22_16_ROUTING_GRAPH-1.md,LEASEOS_B22_16_ROUTING_GRAPH-1.md,d4ec52d9ec5e61054c626cf418ddeaa8161a0fe1f96f412401c3d485fe156c6b,KEEP
Chat2,LEASEOS_B22_1_CONTRACT_TERMS.md,LEASEOS_B22_1_CONTRACT_TERMS-1.md,c46c669abeb96570a146883803ba66d517bcd480a85efd19a486920814289933,EXACT_DUPLICATE
Chat2,LEASEOS_B22_1_CONTRACT_TERMS.md,LEASEOS_B22_1_CONTRACT_TERMS.md,c46c669abeb96570a146883803ba66d517bcd480a85efd19a486920814289933,KEEP
Chat2,LEASEOS_B22_2_TERMS_COMPLETE.md,LEASEOS_B22_2_TERMS_COMPLETE.md,bf2008f7e865808c0bff6506a495f284f8431ca23e0466b71f95c9cd5306ce53,KEEP
Chat2,LEASEOS_B22_2_TERMS_COMPLETE.md,LEASEOS_B22_2_TERMS_COMPLETE-1.md,bf2008f7e865808c0bff6506a495f284f8431ca23e0466b71f95c9cd5306ce53,EXACT_DUPLICATE
Chat2,LEASEOS_B22_3_MONEY_PRECISION.md,LEASEOS_B22_3_MONEY_PRECISION.md,7b43a8b8aa70540c4556b37eb579d92ad685966aa7aca16ab43dba06f73ecc00,KEEP
Chat2,LEASEOS_B22_3_MONEY_PRECISION.md,LEASEOS_B22_3_MONEY_PRECISION-1.md,7b43a8b8aa70540c4556b37eb579d92ad685966aa7aca16ab43dba06f73ecc00,EXACT_DUPLICATE
Chat2,LEASEOS_B22_4_SHADOWS_EVERYWHERE.md,LEASEOS_B22_4_SHADOWS_EVERYWHERE.md,c2bfe8ed170c34e3aa473a843e56512ed95359d3e02faa05117fe7da45d4ed69,KEEP
Chat2,LEASEOS_B22_4_SHADOWS_EVERYWHERE.md,LEASEOS_B22_4_SHADOWS_EVERYWHERE-1.md,c2bfe8ed170c34e3aa473a843e56512ed95359d3e02faa05117fe7da45d4ed69,EXACT_DUPLICATE
Chat2,LEASEOS_B22_5_FIRST_LEDGER_RETIRED.md,LEASEOS_B22_5_FIRST_LEDGER_RETIRED.md,cf7e9b953be8f654cf6ebe2074a3ea03377874b0931b4bbfaaf01da0490af976,KEEP
Chat2,LEASEOS_B22_5_FIRST_LEDGER_RETIRED.md,LEASEOS_B22_5_FIRST_LEDGER_RETIRED-1.md,cf7e9b953be8f654cf6ebe2074a3ea03377874b0931b4bbfaaf01da0490af976,EXACT_DUPLICATE
Chat2,LEASEOS_B22_6_FUEL_RETIRED.md,LEASEOS_B22_6_FUEL_RETIRED.md,5fac404fe6c48c92eefd7ff844d6fc703cac4bdb549c182fc6da601f5a0d2092,KEEP
Chat2,LEASEOS_B22_6_FUEL_RETIRED.md,LEASEOS_B22_6_FUEL_RETIRED-1.md,5fac404fe6c48c92eefd7ff844d6fc703cac4bdb549c182fc6da601f5a0d2092,EXACT_DUPLICATE
Chat2,LEASEOS_B22_7_COMMERCIAL_SETUP.md,LEASEOS_B22_7_COMMERCIAL_SETUP.md,ee0c9ad8325637a652e9d8073f507bf861c259741f9eaaf77ecbe9dc2eb1c3f6,KEEP
Chat2,LEASEOS_B22_7_COMMERCIAL_SETUP.md,LEASEOS_B22_7_COMMERCIAL_SETUP-1.md,ee0c9ad8325637a652e9d8073f507bf861c259741f9eaaf77ecbe9dc2eb1c3f6,EXACT_DUPLICATE
Chat2,LEASEOS_B22_8_LINES_PRICED.md,LEASEOS_B22_8_LINES_PRICED-1.md,735cf4742624967dec5b03566c07606c23017155279b65b350060a430aaad750,EXACT_DUPLICATE
Chat2,LEASEOS_B22_8_LINES_PRICED.md,LEASEOS_B22_8_LINES_PRICED.md,735cf4742624967dec5b03566c07606c23017155279b65b350060a430aaad750,KEEP
Chat2,LEASEOS_B22_9_INVOICE_PATH.md,LEASEOS_B22_9_INVOICE_PATH-1.md,1c04f0fff9a3cc76616967a3d049fae3abe608f92ea3df98b80922766a1945ec,EXACT_DUPLICATE
Chat2,LEASEOS_B22_9_INVOICE_PATH.md,LEASEOS_B22_9_INVOICE_PATH.md,1c04f0fff9a3cc76616967a3d049fae3abe608f92ea3df98b80922766a1945ec,KEEP
Chat2,LEASEOS_CURRENT_STATE-9.md,LEASEOS_CURRENT_STATE-10.md,0854cad922b52a40bb7cf80b7fded1ee30055c4b658fa129785f8c5a5a073331,EXACT_DUPLICATE
Chat2,LEASEOS_CURRENT_STATE-9.md,LEASEOS_CURRENT_STATE-9.md,0854cad922b52a40bb7cf80b7fded1ee30055c4b658fa129785f8c5a5a073331,KEEP
Chat2,PROCEDURE_AUTHORIZATION_INVENTORY-10.md,PROCEDURE_AUTHORIZATION_INVENTORY-10.md,075c8637eca0a766c0f8825f1df431777a4f1fb2358fa71d1d472436eaab0382,KEEP
Chat2,PROCEDURE_AUTHORIZATION_INVENTORY-10.md,PROCEDURE_AUTHORIZATION_INVENTORY-11.md,075c8637eca0a766c0f8825f1df431777a4f1fb2358fa71d1d472436eaab0382,EXACT_DUPLICATE
Chat2,v20_2-to-v22_16-1.diff,v20_2-to-v22_16-1.diff,af5f258449ef377040e2a00b40551e9d085dee9e487b9311ebb57b2c1b056a8b,KEEP
Chat2,v20_2-to-v22_16-1.diff,v20_2-to-v22_16-2.diff,af5f258449ef377040e2a00b40551e9d085dee9e487b9311ebb57b2c1b056a8b,EXACT_DUPLICATE
Chat3,leaseos-CAL05a-GATE-VERIFIED-UNRELEASED-2.zip,leaseos-CAL05a-GATE-VERIFIED-UNRELEASED-2.zip,b14afc7890aa06cbd9670cc9b0add9e9cf4756aa7615930687ef9bae94b97e4a,KEEP
Chat3,leaseos-CAL05a-GATE-VERIFIED-UNRELEASED-2.zip,leaseos-CAL05a-GATE-VERIFIED-UNRELEASED-3.zip,b14afc7890aa06cbd9670cc9b0add9e9cf4756aa7615930687ef9bae94b97e4a,EXACT_DUPLICATE
Chat3,LEASEOS_B22_17_COMMUNICATIONS-2.md,LEASEOS_B22_17_COMMUNICATIONS-9.md,f0b3cbcb8dda6d952eab3768dd0306f23d2277fd703e6ba682e9d8fee7110482,EXACT_DUPLICATE
Chat3,LEASEOS_B22_17_COMMUNICATIONS-2.md,LEASEOS_B22_17_COMMUNICATIONS-6.md,f0b3cbcb8dda6d952eab3768dd0306f23d2277fd703e6ba682e9d8fee7110482,EXACT_DUPLICATE
Chat3,LEASEOS_B22_17_COMMUNICATIONS-2.md,LEASEOS_B22_17_COMMUNICATIONS-3.md,f0b3cbcb8dda6d952eab3768dd0306f23d2277fd703e6ba682e9d8fee7110482,EXACT_DUPLICATE
Chat3,LEASEOS_B22_17_COMMUNICATIONS-2.md,LEASEOS_B22_17_COMMUNICATIONS-5.md,f0b3cbcb8dda6d952eab3768dd0306f23d2277fd703e6ba682e9d8fee7110482,EXACT_DUPLICATE
Chat3,LEASEOS_B22_17_COMMUNICATIONS-2.md,LEASEOS_B22_17_COMMUNICATIONS-10.md,f0b3cbcb8dda6d952eab3768dd0306f23d2277fd703e6ba682e9d8fee7110482,EXACT_DUPLICATE
Chat3,LEASEOS_B22_17_COMMUNICATIONS-2.md,LEASEOS_B22_17_COMMUNICATIONS-7.md,f0b3cbcb8dda6d952eab3768dd0306f23d2277fd703e6ba682e9d8fee7110482,EXACT_DUPLICATE
Chat3,LEASEOS_B22_17_COMMUNICATIONS-2.md,LEASEOS_B22_17_COMMUNICATIONS-2.md,f0b3cbcb8dda6d952eab3768dd0306f23d2277fd703e6ba682e9d8fee7110482,KEEP
Chat3,LEASEOS_B22_17_COMMUNICATIONS-2.md,LEASEOS_B22_17_COMMUNICATIONS-8.md,f0b3cbcb8dda6d952eab3768dd0306f23d2277fd703e6ba682e9d8fee7110482,EXACT_DUPLICATE
Chat3,LEASEOS_B22_17_COMMUNICATIONS-2.md,LEASEOS_B22_17_COMMUNICATIONS-4.md,f0b3cbcb8dda6d952eab3768dd0306f23d2277fd703e6ba682e9d8fee7110482,EXACT_DUPLICATE
Chat3,LEASEOS_B22_18_COMMS_DISPATCH-2.md,LEASEOS_B22_18_COMMS_DISPATCH-9.md,ff9a68e94b16478c45f38e1b40ba46cde2c80cf18a537d2738b4369612911997,EXACT_DUPLICATE
Chat3,LEASEOS_B22_18_COMMS_DISPATCH-2.md,LEASEOS_B22_18_COMMS_DISPATCH-4.md,ff9a68e94b16478c45f38e1b40ba46cde2c80cf18a537d2738b4369612911997,EXACT_DUPLICATE
Chat3,LEASEOS_B22_18_COMMS_DISPATCH-2.md,LEASEOS_B22_18_COMMS_DISPATCH-7.md,ff9a68e94b16478c45f38e1b40ba46cde2c80cf18a537d2738b4369612911997,EXACT_DUPLICATE
Chat3,LEASEOS_B22_18_COMMS_DISPATCH-2.md,LEASEOS_B22_18_COMMS_DISPATCH-10.md,ff9a68e94b16478c45f38e1b40ba46cde2c80cf18a537d2738b4369612911997,EXACT_DUPLICATE
Chat3,LEASEOS_B22_18_COMMS_DISPATCH-2.md,LEASEOS_B22_18_COMMS_DISPATCH-5.md,ff9a68e94b16478c45f38e1b40ba46cde2c80cf18a537d2738b4369612911997,EXACT_DUPLICATE
Chat3,LEASEOS_B22_18_COMMS_DISPATCH-2.md,LEASEOS_B22_18_COMMS_DISPATCH-8.md,ff9a68e94b16478c45f38e1b40ba46cde2c80cf18a537d2738b4369612911997,EXACT_DUPLICATE
Chat3,LEASEOS_B22_18_COMMS_DISPATCH-2.md,LEASEOS_B22_18_COMMS_DISPATCH-6.md,ff9a68e94b16478c45f38e1b40ba46cde2c80cf18a537d2738b4369612911997,EXACT_DUPLICATE
Chat3,LEASEOS_B22_18_COMMS_DISPATCH-2.md,LEASEOS_B22_18_COMMS_DISPATCH-2.md,ff9a68e94b16478c45f38e1b40ba46cde2c80cf18a537d2738b4369612911997,KEEP
Chat3,LEASEOS_B22_18_COMMS_DISPATCH-2.md,LEASEOS_B22_18_COMMS_DISPATCH-3.md,ff9a68e94b16478c45f38e1b40ba46cde2c80cf18a537d2738b4369612911997,EXACT_DUPLICATE
Chat3,LEASEOS_B22_19_OFFLINE_PACKAGE-2.md,LEASEOS_B22_19_OFFLINE_PACKAGE-3.md,9e0407ccf458d9568457bbef75418e5a81bbc5a2a86451f55445037b75fc1d17,EXACT_DUPLICATE
Chat3,LEASEOS_B22_19_OFFLINE_PACKAGE-2.md,LEASEOS_B22_19_OFFLINE_PACKAGE-2.md,9e0407ccf458d9568457bbef75418e5a81bbc5a2a86451f55445037b75fc1d17,KEEP
Chat3,LEASEOS_B22_19_OFFLINE_PACKAGE-2.md,LEASEOS_B22_19_OFFLINE_PACKAGE-9.md,9e0407ccf458d9568457bbef75418e5a81bbc5a2a86451f55445037b75fc1d17,EXACT_DUPLICATE
Chat3,LEASEOS_B22_19_OFFLINE_PACKAGE-2.md,LEASEOS_B22_19_OFFLINE_PACKAGE-4.md,9e0407ccf458d9568457bbef75418e5a81bbc5a2a86451f55445037b75fc1d17,EXACT_DUPLICATE
Chat3,LEASEOS_B22_19_OFFLINE_PACKAGE-2.md,LEASEOS_B22_19_OFFLINE_PACKAGE-6.md,9e0407ccf458d9568457bbef75418e5a81bbc5a2a86451f55445037b75fc1d17,EXACT_DUPLICATE
Chat3,LEASEOS_B22_19_OFFLINE_PACKAGE-2.md,LEASEOS_B22_19_OFFLINE_PACKAGE-5.md,9e0407ccf458d9568457bbef75418e5a81bbc5a2a86451f55445037b75fc1d17,EXACT_DUPLICATE
Chat3,LEASEOS_B22_19_OFFLINE_PACKAGE-2.md,LEASEOS_B22_19_OFFLINE_PACKAGE-8.md,9e0407ccf458d9568457bbef75418e5a81bbc5a2a86451f55445037b75fc1d17,EXACT_DUPLICATE
Chat3,LEASEOS_B22_19_OFFLINE_PACKAGE-2.md,LEASEOS_B22_19_OFFLINE_PACKAGE-7.md,9e0407ccf458d9568457bbef75418e5a81bbc5a2a86451f55445037b75fc1d17,EXACT_DUPLICATE
Chat3,LEASEOS_UNRELEASED_0079_CDEF-4.md,LEASEOS_UNRELEASED_0079_CDEF-10.md,28f7303e09744ee442cbc398939346f254d5c514211aa37c82de880a8b7e72d3,EXACT_DUPLICATE
Chat3,LEASEOS_UNRELEASED_0079_CDEF-4.md,LEASEOS_UNRELEASED_0079_CDEF-7.md,28f7303e09744ee442cbc398939346f254d5c514211aa37c82de880a8b7e72d3,EXACT_DUPLICATE
Chat3,LEASEOS_UNRELEASED_0079_CDEF-4.md,LEASEOS_UNRELEASED_0079_CDEF-4.md,28f7303e09744ee442cbc398939346f254d5c514211aa37c82de880a8b7e72d3,KEEP
Chat3,LEASEOS_UNRELEASED_0079_CDEF-4.md,LEASEOS_UNRELEASED_0079_CDEF-5.md,28f7303e09744ee442cbc398939346f254d5c514211aa37c82de880a8b7e72d3,EXACT_DUPLICATE
Chat3,LEASEOS_UNRELEASED_0079_CDEF-4.md,LEASEOS_UNRELEASED_0079_CDEF-6.md,28f7303e09744ee442cbc398939346f254d5c514211aa37c82de880a8b7e72d3,EXACT_DUPLICATE
Chat3,LEASEOS_UNRELEASED_0079_CDEF-4.md,LEASEOS_UNRELEASED_0079_CDEF-9.md,28f7303e09744ee442cbc398939346f254d5c514211aa37c82de880a8b7e72d3,EXACT_DUPLICATE
Chat3,LEASEOS_UNRELEASED_0079_CDEF-4.md,LEASEOS_UNRELEASED_0079_CDEF-8.md,28f7303e09744ee442cbc398939346f254d5c514211aa37c82de880a8b7e72d3,EXACT_DUPLICATE
Chat3,v22_16-to-CAL05a-worktree-2.diff,v22_16-to-CAL05a-worktree-3.diff,1e4bc45bcba0a9b18ea9981b77ac13ae933d77d4e8fd32e18a246d3ae4bc8d4a,EXACT_DUPLICATE
Chat3,v22_16-to-CAL05a-worktree-2.diff,v22_16-to-CAL05a-worktree-2.diff,1e4bc45bcba0a9b18ea9981b77ac13ae933d77d4e8fd32e18a246d3ae4bc8d4a,KEEP
