source_collection,file_count,total_bytes
LeaseOS-Daily-Safety-and-Site-Inspection-Templates,6,387613
LeaseOS-Freight-and-Transportation-Templates,12,680609
LeaseOS-Incident-Injury-NearMiss-Templates,8,482154
LeaseOS-JSA-Hazard-PreJob-Templates,6,396379
LeaseOS-Safety-Templates,6,376011
LeaseOS_Niche_Forms_PDF_Templates,4,344167
leaseos_compliance_all_paperwork_templates,19,55635
leaseos_compliance_pdf_templates,5,17515
leaseos_compliance_templates,10,59771
leaseos_oilfield_specific_forms,5,14619
