source_archive_dir,source_path,file_name,extension,size_bytes,sha256,role,title_candidate,template_code_or_doc_ref,revision_detected,pages
LeaseOS-Daily-Safety-and-Site-Inspection-Templates,LeaseOS-Daily-Safety-and-Site-Inspection-Templates/Daily-Safety-Report.docx,Daily-Safety-Report.docx,docx,40074,794359177d8a12025c941f09edd3cc18a2091493ebc5efa48255cb3615e42284,editable_template_source,Daily Safety Report,,,
LeaseOS-Daily-Safety-and-Site-Inspection-Templates,LeaseOS-Daily-Safety-and-Site-Inspection-Templates/Daily-Safety-Report.pdf,Daily-Safety-Report.pdf,pdf,87512,4b156853221d66c7ebab4bfa3d2972694fd7356c291e93778e5e635e107d7c37,printable_template,Daily Safety Report,DSR,1.0,2
LeaseOS-Daily-Safety-and-Site-Inspection-Templates,LeaseOS-Daily-Safety-and-Site-Inspection-Templates/Site-Safety-Checklist.docx,Site-Safety-Checklist.docx,docx,40669,35a36ada6fbe79759602382f39b5312787382bf14fe12f5771aeda2f64e38cb0,editable_template_source,Site Safety Checklist,,,
LeaseOS-Daily-Safety-and-Site-Inspection-Templates,LeaseOS-Daily-Safety-and-Site-Inspection-Templates/Site-Safety-Checklist.pdf,Site-Safety-Checklist.pdf,pdf,96659,d9da0a6815d13021b23eb37bc7c9a14c3d33d7afff6ed4199f14515219a21250,printable_template,Site Safety Checklist,SSC,1.0,2
LeaseOS-Daily-Safety-and-Site-Inspection-Templates,LeaseOS-Daily-Safety-and-Site-Inspection-Templates/Worksite-Inspection-Report.docx,Worksite-Inspection-Report.docx,docx,39890,53d64e55d8a96c3d0104d18d6e30038ad328a625b5ce65b8862423ab77fce7dd,editable_template_source,Worksite Inspection Report,,,
LeaseOS-Daily-Safety-and-Site-Inspection-Templates,LeaseOS-Daily-Safety-and-Site-Inspection-Templates/Worksite-Inspection-Report.pdf,Worksite-Inspection-Report.pdf,pdf,82809,dc88fff03ef33f4f8353c1a901c5fdfc27d3c825a811cf863386bd0615ac53e7,printable_template,Worksite Inspection Report,WIR,1.0,2
LeaseOS-Freight-and-Transportation-Templates,LeaseOS-Freight-and-Transportation-Templates/Bill-of-Lading.docx,Bill-of-Lading.docx,docx,39523,797e45a0e0b84e70f8ff6edfe352514cca9a9e2954c191c6e92de2bce5e757cd,editable_template_source,Bill of Lading,,,
LeaseOS-Freight-and-Transportation-Templates,LeaseOS-Freight-and-Transportation-Templates/Bill-of-Lading.pdf,Bill-of-Lading.pdf,pdf,67784,0020eaea29470ab0cf1e8cc88f8df01f18aa0c048556093700c6ce618cc7fe8b,printable_template,Bill Of Lading,BOL,1.0,2
LeaseOS-Freight-and-Transportation-Templates,LeaseOS-Freight-and-Transportation-Templates/Commercial-Invoice.docx,Commercial-Invoice.docx,docx,39753,77a00e4d8b63f4d2d3d0d6aba35bf3a200faeec49652b1f877196e5ae368e795,editable_template_source,Commercial Invoice,,,
LeaseOS-Freight-and-Transportation-Templates,LeaseOS-Freight-and-Transportation-Templates/Commercial-Invoice.pdf,Commercial-Invoice.pdf,pdf,76086,85664f88a987d3fce9a6ff20a0d31c1c85b0a0844f0458b0bc1941407ee454dd,printable_template,Commercial Invoice,INV,1.0,2
LeaseOS-Freight-and-Transportation-Templates,LeaseOS-Freight-and-Transportation-Templates/Freight-and-Oilfield-Manifest.docx,Freight-and-Oilfield-Manifest.docx,docx,39702,c62950ef8b59217274ed6f423c8ff95a62efccc1dacd6ba45090fd5232f0a745,editable_template_source,Freight and Oilfield Manifest,,,
LeaseOS-Freight-and-Transportation-Templates,LeaseOS-Freight-and-Transportation-Templates/Freight-and-Oilfield-Manifest.pdf,Freight-and-Oilfield-Manifest.pdf,pdf,78582,2954f61ef79aacfbd41e189cc12ffc6cc9036ab6af9413fa4b384ea8b0be9e2e,printable_template,Freight And Oilfield Manifest,MAN,1.0,2
LeaseOS-Freight-and-Transportation-Templates,LeaseOS-Freight-and-Transportation-Templates/Proof-of-Delivery.docx,Proof-of-Delivery.docx,docx,39540,748e707609d9ba895de66fc91ddf93317582668dc72719b519324bd1d1668365,editable_template_source,Proof of Delivery,,,
LeaseOS-Freight-and-Transportation-Templates,LeaseOS-Freight-and-Transportation-Templates/Proof-of-Delivery.pdf,Proof-of-Delivery.pdf,pdf,72833,45d2149cf16f602d20d5a10378f450315399eeee8c3c17ac28603c09b52cf31a,printable_template,Proof Of Delivery,POD,1.0,2
LeaseOS-Freight-and-Transportation-Templates,LeaseOS-Freight-and-Transportation-Templates/Rate-and-Load-Confirmation.docx,Rate-and-Load-Confirmation.docx,docx,39424,8afbe38fd9104d29cfde7c5936ea15ca8a272f8443813f52cd878c240ae705b5,editable_template_source,Rate and Load Confirmation,,,
LeaseOS-Freight-and-Transportation-Templates,LeaseOS-Freight-and-Transportation-Templates/Rate-and-Load-Confirmation.pdf,Rate-and-Load-Confirmation.pdf,pdf,66456,8fe98601e7b28258b71eab172d1d5ee55e289d7af32b7ea948da2bf4b8cae4ed,printable_template,Rate And Load Confirmation,RATE,1.0,2
LeaseOS-Freight-and-Transportation-Templates,LeaseOS-Freight-and-Transportation-Templates/Weighing-and-Inspection-Report.docx,Weighing-and-Inspection-Report.docx,docx,39776,3cce915ee127b59f2b7b2b133d7cb2a2cd6cd5a9832a38e62576c5aa8f6f7f89,editable_template_source,Weighing and Inspection Report,,,
LeaseOS-Freight-and-Transportation-Templates,LeaseOS-Freight-and-Transportation-Templates/Weighing-and-Inspection-Report.pdf,Weighing-and-Inspection-Report.pdf,pdf,81150,eb6eff31b9b138f472ac964969dfd037e69822945b84693bc3afdb31a305c07f,printable_template,Weighing And Inspection Report,WEIGH,1.0,2
LeaseOS-Incident-Injury-NearMiss-Templates,LeaseOS-Incident-Injury-NearMiss-Templates/Accident-Investigation-Report.docx,Accident-Investigation-Report.docx,docx,39888,e49acb6eae97c198ccd8368de12809d6627d2c92d9f4cad614035e2e00f15cc0,editable_template_source,Accident Investigation Report,,,
LeaseOS-Incident-Injury-NearMiss-Templates,LeaseOS-Incident-Injury-NearMiss-Templates/Accident-Investigation-Report.pdf,Accident-Investigation-Report.pdf,pdf,85625,6b7bf742650a9bb0296dac78b972d1481aa64d573634a49a5c04c637f6863c8a,printable_template,Accident Investigation Report,AI,1.0,2
LeaseOS-Incident-Injury-NearMiss-Templates,LeaseOS-Incident-Injury-NearMiss-Templates/Incident-Report.docx,Incident-Report.docx,docx,39691,c17555bf045c695f4557541573f795be5a8d5ac9476f9892f341725774a86230,editable_template_source,Incident Report,,,
LeaseOS-Incident-Injury-NearMiss-Templates,LeaseOS-Incident-Injury-NearMiss-Templates/Incident-Report.pdf,Incident-Report.pdf,pdf,77868,0db733ed835504b409101485acd4f0f5af6bea9b90a1c7e0231b1799268f2ec9,printable_template,Incident Report,IR,1.0,2
LeaseOS-Incident-Injury-NearMiss-Templates,LeaseOS-Incident-Injury-NearMiss-Templates/Injury-Report.docx,Injury-Report.docx,docx,39926,567399e4d6c4114b8a4809bec1ea93ceef2fe0141a1421b74784ac7862b4a8e2,editable_template_source,Injury Report,,,
LeaseOS-Incident-Injury-NearMiss-Templates,LeaseOS-Incident-Injury-NearMiss-Templates/Injury-Report.pdf,Injury-Report.pdf,pdf,80794,aca7614d8723e2904b205283e4124ba0c4473c73dbff92565eef6f4bea0bb0a9,printable_template,Injury Report,INJ,1.0,2
LeaseOS-Incident-Injury-NearMiss-Templates,LeaseOS-Incident-Injury-NearMiss-Templates/Near-Miss-Report.docx,Near-Miss-Report.docx,docx,39746,678df05a7f8bfc24e14cc0fc5e7f7a820d3f51dcccdb5f49e25d032bd9f44d1c,editable_template_source,Near Miss Report,,,
LeaseOS-Incident-Injury-NearMiss-Templates,LeaseOS-Incident-Injury-NearMiss-Templates/Near-Miss-Report.pdf,Near-Miss-Report.pdf,pdf,78616,bbf8c8762d9f5a3f95e551b792154dfb8fc6ad69316a26772385352c40fd5e93,printable_template,Near Miss Report,NM,1.0,2
LeaseOS-JSA-Hazard-PreJob-Templates,LeaseOS-JSA-Hazard-PreJob-Templates/Hazard-Assessment.docx,Hazard-Assessment.docx,docx,40115,70a0f1993229706892542bfa020c3e5a16e2b0287d87880838ff2e25f0bb5cc6,editable_template_source,Hazard Assessment,,,
LeaseOS-JSA-Hazard-PreJob-Templates,LeaseOS-JSA-Hazard-PreJob-Templates/Hazard-Assessment.pdf,Hazard-Assessment.pdf,pdf,88953,3f8fff27d5252c04ab6076011b90c3cd3dc09f1a41d37d465d1879d74ad07154,printable_template,Hazard Assessment,HA,1.0,2
LeaseOS-JSA-Hazard-PreJob-Templates,LeaseOS-JSA-Hazard-PreJob-Templates/Job-Safety-Analysis.docx,Job-Safety-Analysis.docx,docx,39994,bd8640b0014286162dce068ad37e7614b30f7976db22e4ebbf5309e8a1c32476,editable_template_source,Job Safety Analysis,,,
LeaseOS-JSA-Hazard-PreJob-Templates,LeaseOS-JSA-Hazard-PreJob-Templates/Job-Safety-Analysis.pdf,Job-Safety-Analysis.pdf,pdf,89389,27e85e2b7e6e5ee1050f0de393b73f4d9771c4b29b9afe6df86e1165fc9325ec,printable_template,Job Safety Analysis,JSA,1.0,2
LeaseOS-JSA-Hazard-PreJob-Templates,LeaseOS-JSA-Hazard-PreJob-Templates/Pre-Job-Safety-Checklist.docx,Pre-Job-Safety-Checklist.docx,docx,40384,0b242ecc95076e5bc3f11da3847e85a9ff7342116d579f5f19312f68b69133a5,editable_template_source,Pre Job Safety Checklist,,,
LeaseOS-JSA-Hazard-PreJob-Templates,LeaseOS-JSA-Hazard-PreJob-Templates/Pre-Job-Safety-Checklist.pdf,Pre-Job-Safety-Checklist.pdf,pdf,97544,aaf6c055a39a4676741897f6f10ff5495221d7a406a5969961a02223b9230a74,printable_template,Pre Job Safety Checklist,PJ,1.0,2
LeaseOS-Safety-Templates,LeaseOS-Safety-Templates/Safety-Meeting-Minutes.docx,Safety-Meeting-Minutes.docx,docx,39694,c211744fe041272f65eec93d888546ab3aa6a4ae04317cd989d703eb6c1586ce,editable_template_source,Safety Meeting Minutes,,,
LeaseOS-Safety-Templates,LeaseOS-Safety-Templates/Safety-Meeting-Minutes.pdf,Safety-Meeting-Minutes.pdf,pdf,85265,e6bcaf5058f3cf70b959430f0d3472cb16f7d7f1483388474c5b68d986b0c366,printable_template,Safety Meeting Minutes,SM,1.0,2
LeaseOS-Safety-Templates,LeaseOS-Safety-Templates/Tailgate-Meeting-Log.docx,Tailgate-Meeting-Log.docx,docx,39842,8bbd742fef60f70bb38ee0abab07c9f9772cdc9ea58aaf31088b31b69531894a,editable_template_source,Tailgate Meeting Log,,,
LeaseOS-Safety-Templates,LeaseOS-Safety-Templates/Tailgate-Meeting-Log.pdf,Tailgate-Meeting-Log.pdf,pdf,86990,c08a3ef74c3298bc97e52d8ccfbcee6b083a214dbb08e7ebb3ef7c6c7f0f0323,printable_template,Tailgate Meeting Log,TG,1.0,2
LeaseOS-Safety-Templates,LeaseOS-Safety-Templates/Toolbox-Talk.docx,Toolbox-Talk.docx,docx,39675,7b4603aaecfee5dcc8e7438338341846364cf6a9157bd2b500e4cdfd1b4f4bee,editable_template_source,Toolbox Talk,,,
LeaseOS-Safety-Templates,LeaseOS-Safety-Templates/Toolbox-Talk.pdf,Toolbox-Talk.pdf,pdf,84545,f3fffd283b23c0d08ab8e8287487a9042f0ec2fe725122fe134c28aa254b5b44,printable_template,Toolbox Talk,TT,1.0,2
LeaseOS_Niche_Forms_PDF_Templates,LeaseOS_Niche_Forms_PDF_Templates/LeaseOS_Equipment_Rental_Contract_and_Inventory_Log.pdf,LeaseOS_Equipment_Rental_Contract_and_Inventory_Log.pdf,pdf,103745,4e85e53446ce90bb3c0177427f5064a1f08a80e157d6a82989492b60b9196fdf,printable_template,Equipment Rental Contract and Inventory Log,FRM-COM-RNT-001,1.0,2
LeaseOS_Niche_Forms_PDF_Templates,LeaseOS_Niche_Forms_PDF_Templates/LeaseOS_HazCom_SDS_Acknowledgment.pdf,LeaseOS_HazCom_SDS_Acknowledgment.pdf,pdf,56380,b55dcd15c24449525d8787541ffe4ff2ac3a6e07587d5bb1fc6035ffa5a31e94,printable_template,Hazard Communication / SDS Acknowledgment,FRM-SFT-HC-001,1.0,2
LeaseOS_Niche_Forms_PDF_Templates,LeaseOS_Niche_Forms_PDF_Templates/LeaseOS_Hotshot_Delivery_Ticket.pdf,LeaseOS_Hotshot_Delivery_Ticket.pdf,pdf,69158,345a831888df391ff3b8c3d8cfa5b6a6a5c2f56320a704e3744ef9909125d178,printable_template,Lumber / Hotshot Delivery Ticket,FRM-DSP-HTS-001,1.0,1
LeaseOS_Niche_Forms_PDF_Templates,LeaseOS_Niche_Forms_PDF_Templates/LeaseOS_Returnable_Asset_Tracking_and_Rental_Receipt.pdf,LeaseOS_Returnable_Asset_Tracking_and_Rental_Receipt.pdf,pdf,114884,2bce6e32b42145baefac3efa328abb9c699d71afd375d68e7d9d41a806925f2a,printable_template,Returnable Asset Tracking / Rental Receipt,FRM-AST-RET-001,1.0,2
leaseos_compliance_all_paperwork_templates,leaseos_compliance_all_paperwork_templates/00_Compliance_Paperwork_Master_Index.pdf,00_Compliance_Paperwork_Master_Index.pdf,pdf,3625,441d9ba0d67d13ce51cc408b6d5c78220a689998999e6469220e9bf103d5fa8f,reference,Compliance & Permits Paperwork Master Index,,,2
leaseos_compliance_all_paperwork_templates,leaseos_compliance_all_paperwork_templates/01_DOT_FMCSA_Registration_Authority_Record.pdf,01_DOT_FMCSA_Registration_Authority_Record.pdf,pdf,3500,db27a47e4f6ec28b1b90d0e4ff4b4c18a345986940d4b332e55afdf399831a67,printable_template,DOT / FMCSA Registration & Authority Record,,,2
leaseos_compliance_all_paperwork_templates,leaseos_compliance_all_paperwork_templates/02_Carrier_Credential_Checklist.pdf,02_Carrier_Credential_Checklist.pdf,pdf,2552,3f14f5fb7762e8fb365679a8fb3b7d2fc54771896a7ca0376c9d79728982bb00,printable_template,Carrier Credential & Permit Checklist,,,1
leaseos_compliance_all_paperwork_templates,leaseos_compliance_all_paperwork_templates/03_Carrier_Insurance_Evidence_Record.pdf,03_Carrier_Insurance_Evidence_Record.pdf,pdf,2522,37e3586e2c46d63083a474582ad4cc12f607ae026e45a643fdf6b7699785e2cb,printable_template,Carrier Insurance Evidence Record,,,1
leaseos_compliance_all_paperwork_templates,leaseos_compliance_all_paperwork_templates/04_BOC3_Process_Agent_Record.pdf,04_BOC3_Process_Agent_Record.pdf,pdf,2399,e11525b0748e24e6c3fcc863927f482f9c9b4b6a4ad1ac99753562d3f09af16c,printable_template,BOC-3 / Process Agent Record,,,1
leaseos_compliance_all_paperwork_templates,leaseos_compliance_all_paperwork_templates/05_DOT_Inspection_Compliance_Record.pdf,05_DOT_Inspection_Compliance_Record.pdf,pdf,3017,bae7a3c197aee429729d8a1d39532614ef65a0abb6789a6597ab40b6a1d2ffea,printable_template,DOT / Roadside Inspection Compliance Record,,,2
leaseos_compliance_all_paperwork_templates,leaseos_compliance_all_paperwork_templates/06_Oilfield_Waste_Profile_Record.pdf,06_Oilfield_Waste_Profile_Record.pdf,pdf,3280,219ae61c41db06a8f2a01a274cc9d1982a49416a0057018adcad25743d43267b,printable_template,Oilfield Waste Profile & Characterization Record,,,2
leaseos_compliance_all_paperwork_templates,leaseos_compliance_all_paperwork_templates/07_Waste_Pickup_Transfer_Ticket.pdf,07_Waste_Pickup_Transfer_Ticket.pdf,pdf,3203,2298a21ee6e4d42f2d86f77ed0e52c3ace1b568052ce02fc0764b1eb83e5b5e5,printable_template,Waste Pickup / Transfer Ticket,,,2
leaseos_compliance_all_paperwork_templates,leaseos_compliance_all_paperwork_templates/08_Waste_Manifest_Tracking_Log.pdf,08_Waste_Manifest_Tracking_Log.pdf,pdf,3204,c0e1dded646225bd3434825f331844c4163f0c8eff7d87ec4a04dfa2a339a3f5,printable_template,Hazardous Waste Manifest / e-Manifest Tracking Log,,,2
leaseos_compliance_all_paperwork_templates,leaseos_compliance_all_paperwork_templates/09_Waste_Load_Inspection_Checklist.pdf,09_Waste_Load_Inspection_Checklist.pdf,pdf,2548,0a434b1419c17851569feb8b595576353eeae86d827593179e76fdf033bb85e9,printable_template,Waste Load & Container Inspection Checklist,,,1
leaseos_compliance_all_paperwork_templates,leaseos_compliance_all_paperwork_templates/10_NORM_Survey_Field_Sheet.pdf,10_NORM_Survey_Field_Sheet.pdf,pdf,3201,39bbabf60894e2a398eaf75903443f9af2c69145d97d716639e0b7618e3b1a34,printable_template,NORM Survey Field Sheet,,,2
leaseos_compliance_all_paperwork_templates,leaseos_compliance_all_paperwork_templates/11_NORM_Material_Classification_Record.pdf,11_NORM_Material_Classification_Record.pdf,pdf,3286,53e77c23f64f96135c4e504fd0e12243cb08c463032ed50ec1b1df33469b70b5,printable_template,NORM Material Classification & Disposition Record,,,2
leaseos_compliance_all_paperwork_templates,leaseos_compliance_all_paperwork_templates/12_NORM_Transfer_Chain_of_Custody.pdf,12_NORM_Transfer_Chain_of_Custody.pdf,pdf,3183,f93c6953024345ae34da713f5074d9fd7048161aaa6239df869a471898230791,printable_template,NORM Material Transfer / Chain of Custody,,,2
leaseos_compliance_all_paperwork_templates,leaseos_compliance_all_paperwork_templates/13_NORM_Equipment_Release_Record.pdf,13_NORM_Equipment_Release_Record.pdf,pdf,3193,ff1f61910ff9ca91a08185bd74d288582412a708bb522cb23335984354f7d033,printable_template,NORM Equipment Survey / Release Record,,,2
leaseos_compliance_all_paperwork_templates,leaseos_compliance_all_paperwork_templates/14_Environmental_Spill_Incident_Report.pdf,14_Environmental_Spill_Incident_Report.pdf,pdf,3428,74dc6b3b743749e93afb62314316051d58221701961299c2cd342242cea39137,printable_template,Environmental / Spill Incident Report,,,2
leaseos_compliance_all_paperwork_templates,leaseos_compliance_all_paperwork_templates/15_Environmental_Release_Notification_Log.pdf,15_Environmental_Release_Notification_Log.pdf,pdf,2435,8ba4286f0433b2c7ebb4a4ab26df550ff653a534ffa802f9ca8c726cb2a74645,printable_template,Environmental Release Notification Log,,,1
leaseos_compliance_all_paperwork_templates,leaseos_compliance_all_paperwork_templates/16_Spill_Response_Inspection_Checklist.pdf,16_Spill_Response_Inspection_Checklist.pdf,pdf,3357,3a520e7480fdde5ea3abd3b4ba708f218b74746effb2e824b1f6204cdf476ff5,printable_template,Spill Response & Site Inspection Checklist,,,2
leaseos_compliance_all_paperwork_templates,leaseos_compliance_all_paperwork_templates/17_Environmental_Corrective_Action_Record.pdf,17_Environmental_Corrective_Action_Record.pdf,pdf,2448,baeb493f5703b22d8dc0ec765bc5f832f2c1d2426c2355de83a05bb3deaa5988,printable_template,Environmental Corrective Action & Closeout Record,,,1
leaseos_compliance_all_paperwork_templates,leaseos_compliance_all_paperwork_templates/README.md,README.md,md,1254,2e394bd613aed399f8b583b97dee896e0eadb5a4cc267256c291de7638bc6c03,reference,,,,
leaseos_compliance_pdf_templates,leaseos_compliance_pdf_templates/01_DOT_FMCSA_Registration_Authority_Record.pdf,01_DOT_FMCSA_Registration_Authority_Record.pdf,pdf,4054,99f2f5baf60ab16d9e5730888c3941cbf0482ad866651c8ade325ee5870d4a08,printable_template,DOT / FMCSA Registration & Authority Record,FOR,,2
leaseos_compliance_pdf_templates,leaseos_compliance_pdf_templates/02_Oilfield_Waste_Tracking_Generator_Compliance.pdf,02_Oilfield_Waste_Tracking_Generator_Compliance.pdf,pdf,4036,61016f19d3960357195e6c24f5a4aba201c3678fcd76ec653dffeb2d020480f5,printable_template,Oilfield Waste Tracking / Generator Compliance Form,FOR,,2
leaseos_compliance_pdf_templates,leaseos_compliance_pdf_templates/03_NORM_Survey_Handling_Record.pdf,03_NORM_Survey_Handling_Record.pdf,pdf,4113,d21c76112c3688d97f45a542a207020424eb195beab810e8ec6bf1511603fecd,printable_template,NORM Survey & Handling Record,FOR,,2
leaseos_compliance_pdf_templates,leaseos_compliance_pdf_templates/04_Environmental_Compliance_Spill_Report.pdf,04_Environmental_Compliance_Spill_Report.pdf,pdf,4220,79ef4c85696473e0b0d089c489459952c27c15e39cdaa10bd3c99dafd5fc9266,printable_template,Environmental Compliance / Spill Reporting Form,,,2
leaseos_compliance_pdf_templates,leaseos_compliance_pdf_templates/README.md,README.md,md,1092,80de33eca803a9462f20b6d1c1fed70634e6572f3ee3323707a04ace623f1c2f,reference,,,,
leaseos_compliance_templates,leaseos_compliance_templates/leaseos_compliance_templates/README.md,README.md,md,2408,7fe0a8d3c6288be7014c7a6b48ba8c6bfb4c3585512de5eb53ffa7e1852f3e4f,reference,,,,
leaseos_compliance_templates,leaseos_compliance_templates/leaseos_compliance_templates/data/forms/compliance_forms.json,compliance_forms.json,json,23109,aaee14fa2497a5ce1f79d2f2e2eb74619ded84263ad7af96a747a1497440e9c2,engine_definition_or_reference,,,,
leaseos_compliance_templates,leaseos_compliance_templates/leaseos_compliance_templates/drop-in/server/_core/compliance_forms.ts,compliance_forms.ts,ts,18026,c9f6c5e5632281f7749e63fb54be7290d49737cc98c6c571e9d326657762af84,engine_definition_or_reference,,,1,
leaseos_compliance_templates,leaseos_compliance_templates/leaseos_compliance_templates/manifest.json,manifest.json,json,532,56b8e7a0246b1ed2cab06b9a9fe67e70d27150c05c6dd82891c27fd4fcd33bb3,engine_definition_or_reference,,,,
leaseos_compliance_templates,leaseos_compliance_templates/leaseos_compliance_templates/reference/integration_notes.md,integration_notes.md,md,1623,8265d1b908793981c8161a04e1c154441b153372c591bd4aeb3bb433b69462b5,reference,,,,
leaseos_compliance_templates,leaseos_compliance_templates/leaseos_compliance_templates/reference/regulatory_sources.json,regulatory_sources.json,json,5268,a45862c367bc4b739769f974dc0ed71dd22208a40caa775ecccbc3ff3805c4e4,engine_definition_or_reference,,,,
leaseos_compliance_templates,leaseos_compliance_templates/leaseos_compliance_templates/templates/dot_fmcsa_registration_authority.md,dot_fmcsa_registration_authority.md,md,1714,b7178980d9c25fb81730a4c01fa09915aaa49c92d86227f3f54670a42959f2cf,render_template_source,,,,
leaseos_compliance_templates,leaseos_compliance_templates/leaseos_compliance_templates/templates/environmental_spill_report.md,environmental_spill_report.md,md,2209,7d87b650e82299f21c5c81d0b8056468ca5f09c523bf80a54b85b5cae9aeee9b,render_template_source,,,,
leaseos_compliance_templates,leaseos_compliance_templates/leaseos_compliance_templates/templates/norm_survey_handling.md,norm_survey_handling.md,md,2519,c377cb89f531663b36435300eafa0cb0b8582cd56d3f9544eedfe84b1635fa03,render_template_source,,,,
leaseos_compliance_templates,leaseos_compliance_templates/leaseos_compliance_templates/templates/oilfield_waste_tracking_generator.md,oilfield_waste_tracking_generator.md,md,2363,2d367caafb965bcd6e0fe0214ee262ffc230145d16c13a31e744d8be8835104c,render_template_source,,,,
leaseos_oilfield_specific_forms,leaseos_oilfield_specific_forms/00_Oilfield_Specific_Forms_Master_Index.pdf,00_Oilfield_Specific_Forms_Master_Index.pdf,pdf,2568,d16e94f15550ed14cdc48de1c6d3dc5fe40d18d89a99db5d3eefa5fd9bb95921,reference,Oil Field Specific Forms Master Index,,,1
leaseos_oilfield_specific_forms,leaseos_oilfield_specific_forms/01_Waste_Manifest_Internal_Record.pdf,01_Waste_Manifest_Internal_Record.pdf,pdf,3712,b890bbf6a27e4bc030396ab655d711f09e6ccfa7cd12f6966bdbaf10ce429a88,printable_template,Waste Manifest / Hazardous Waste Manifest - Internal Record,,,2
leaseos_oilfield_specific_forms,leaseos_oilfield_specific_forms/02_Disposal_Ticket_Waste_Disposal_Receipt.pdf,02_Disposal_Ticket_Waste_Disposal_Receipt.pdf,pdf,3804,d696c9cb3e5f3cab4469342592911cb35be924892bad09fe21b3ea3137168167,printable_template,Disposal Ticket / Waste Disposal Receipt,,,2
leaseos_oilfield_specific_forms,leaseos_oilfield_specific_forms/03_Oilfield_Load_Ticket_Load_Record.pdf,03_Oilfield_Load_Ticket_Load_Record.pdf,pdf,3731,19271d587038e79735244b7dbf110f4c538f704d27d80250ee6db94b46cc1f05,printable_template,Oilfield Load Ticket / Load Record,,,2
leaseos_oilfield_specific_forms,leaseos_oilfield_specific_forms/README.md,README.md,md,804,40f6a07c998fdd88b9dc06ba146db41e56378bfe555c525958a463ec080bcf8d,reference,,,,
