document_definition_key,display_name,category,variant_count,template_required,scan_import_allowed,numbering_policy_candidate,structured_seed
equipment_rental_contract_and_inventory_log,Equipment Rental Contract and Inventory Log,assets_niche,1,no,yes,CONTROLLED_SEQUENCE_CANDIDATE,
hazard_communication_sds_acknowledgment,Hazard Communication / SDS Acknowledgment,assets_niche,1,no,yes,CONTROLLED_SEQUENCE_CANDIDATE,
lumber_hotshot_delivery_ticket,Lumber / Hotshot Delivery Ticket,assets_niche,1,no,yes,CONTROLLED_SEQUENCE_WITH_EXTERNAL_REFERENCES,
returnable_asset_tracking_rental_receipt,Returnable Asset Tracking / Rental Receipt,assets_niche,1,no,yes,CONTROLLED_SEQUENCE_CANDIDATE,
boc_3_process_agent_record,BOC-3 / Process Agent Record,carrier_compliance_permits,1,no,yes,ARCHIVAL_OR_EXTERNAL_REFERENCE_REVIEW_REQUIRED,
carrier_credential_and_permit_checklist,Carrier Credential & Permit Checklist,carrier_compliance_permits,1,no,yes,ARCHIVAL_OR_EXTERNAL_REFERENCE_REVIEW_REQUIRED,
carrier_insurance_evidence_record,Carrier Insurance Evidence Record,carrier_compliance_permits,1,no,yes,ARCHIVAL_OR_EXTERNAL_REFERENCE_REVIEW_REQUIRED,
dot_fmcsa_registration_and_authority_record,DOT / FMCSA Registration & Authority Record,carrier_compliance_permits,2,no,yes,ARCHIVAL_OR_EXTERNAL_REFERENCE_REVIEW_REQUIRED,
dot_roadside_inspection_compliance_record,DOT / Roadside Inspection Compliance Record,carrier_compliance_permits,1,no,yes,ARCHIVAL_OR_EXTERNAL_REFERENCE_REVIEW_REQUIRED,
environmental_spill_incident_report,Environmental / Spill Incident Report,environmental_compliance,1,no,yes,ARCHIVAL_OR_EXTERNAL_REFERENCE_REVIEW_REQUIRED,
environmental_compliance_spill_reporting_form,Environmental Compliance / Spill Reporting Form,environmental_compliance,1,no,yes,ARCHIVAL_OR_EXTERNAL_REFERENCE_REVIEW_REQUIRED,environmental_spill_report
environmental_corrective_action_and_closeout_record,Environmental Corrective Action & Closeout Record,environmental_compliance,1,no,yes,ARCHIVAL_OR_EXTERNAL_REFERENCE_REVIEW_REQUIRED,
environmental_release_notification_log,Environmental Release Notification Log,environmental_compliance,1,no,yes,ARCHIVAL_OR_EXTERNAL_REFERENCE_REVIEW_REQUIRED,
spill_response_and_site_inspection_checklist,Spill Response & Site Inspection Checklist,environmental_compliance,1,no,yes,ARCHIVAL_OR_EXTERNAL_REFERENCE_REVIEW_REQUIRED,
bill_of_lading,Bill Of Lading,freight_transportation,1,no,yes,CONTROLLED_SEQUENCE_WITH_EXTERNAL_REFERENCES,
commercial_invoice,Commercial Invoice,freight_transportation,1,no,yes,CONTROLLED_SEQUENCE_WITH_EXTERNAL_REFERENCES,
freight_and_oilfield_manifest,Freight And Oilfield Manifest,freight_transportation,1,no,yes,CONTROLLED_SEQUENCE_WITH_EXTERNAL_REFERENCES,
proof_of_delivery,Proof Of Delivery,freight_transportation,1,no,yes,CONTROLLED_SEQUENCE_WITH_EXTERNAL_REFERENCES,
rate_and_load_confirmation,Rate And Load Confirmation,freight_transportation,1,no,yes,CONTROLLED_SEQUENCE_WITH_EXTERNAL_REFERENCES,
weighing_and_inspection_report,Weighing And Inspection Report,freight_transportation,1,no,yes,CONTROLLED_SEQUENCE_CANDIDATE,
accident_investigation_report,Accident Investigation Report,incident_evidence,1,no,yes,CONTROLLED_SEQUENCE_CANDIDATE,
incident_report,Incident Report,incident_evidence,1,no,yes,CONTROLLED_SEQUENCE_CANDIDATE,
injury_report,Injury Report,incident_evidence,1,no,yes,CONTROLLED_SEQUENCE_CANDIDATE,
near_miss_report,Near Miss Report,incident_evidence,1,no,yes,CONTROLLED_SEQUENCE_CANDIDATE,
norm_equipment_survey_release_record,NORM Equipment Survey / Release Record,norm_radiological,1,no,yes,ARCHIVAL_OR_EXTERNAL_REFERENCE_REVIEW_REQUIRED,
norm_material_classification_and_disposition_record,NORM Material Classification & Disposition Record,norm_radiological,1,no,yes,ARCHIVAL_OR_EXTERNAL_REFERENCE_REVIEW_REQUIRED,
norm_material_transfer_chain_of_custody,NORM Material Transfer / Chain of Custody,norm_radiological,1,no,yes,ARCHIVAL_OR_EXTERNAL_REFERENCE_REVIEW_REQUIRED,
norm_survey_and_handling_record,NORM Survey & Handling Record,norm_radiological,1,no,yes,ARCHIVAL_OR_EXTERNAL_REFERENCE_REVIEW_REQUIRED,norm_survey_handling
norm_survey_field_sheet,NORM Survey Field Sheet,norm_radiological,1,no,yes,ARCHIVAL_OR_EXTERNAL_REFERENCE_REVIEW_REQUIRED,
disposal_ticket_waste_disposal_receipt,Disposal Ticket / Waste Disposal Receipt,oilfield_waste,1,no,yes,CONTROLLED_SEQUENCE_WITH_EXTERNAL_REFERENCES,
hazardous_waste_manifest_e_manifest_tracking_log,Hazardous Waste Manifest / e-Manifest Tracking Log,oilfield_waste,1,no,yes,CONTROLLED_SEQUENCE_WITH_EXTERNAL_REFERENCES,
oilfield_load_ticket_load_record,Oilfield Load Ticket / Load Record,oilfield_waste,1,no,yes,CONTROLLED_SEQUENCE_WITH_EXTERNAL_REFERENCES,
oilfield_waste_profile_and_characterization_record,Oilfield Waste Profile & Characterization Record,oilfield_waste,1,no,yes,CONTROLLED_SEQUENCE_CANDIDATE,
oilfield_waste_tracking_generator_compliance_form,Oilfield Waste Tracking / Generator Compliance Form,oilfield_waste,1,no,yes,CONTROLLED_SEQUENCE_CANDIDATE,oilfield_waste_tracking_generator
waste_load_and_container_inspection_checklist,Waste Load & Container Inspection Checklist,oilfield_waste,1,no,yes,CONTROLLED_SEQUENCE_CANDIDATE,
waste_manifest_hazardous_waste_manifest_internal_record,Waste Manifest / Hazardous Waste Manifest - Internal Record,oilfield_waste,1,no,yes,INTERNAL_CONTROL_NUMBER_PLUS_OFFICIAL_EXTERNAL_REFERENCE_WHEN_APPLICABLE,
waste_pickup_transfer_ticket,Waste Pickup / Transfer Ticket,oilfield_waste,1,no,yes,CONTROLLED_SEQUENCE_WITH_EXTERNAL_REFERENCES,
daily_safety_report,Daily Safety Report,safety_daily_operations,1,no,yes,CONTROLLED_SEQUENCE_CANDIDATE,
hazard_assessment,Hazard Assessment,safety_daily_operations,1,no,yes,CONTROLLED_SEQUENCE_CANDIDATE,
job_safety_analysis,Job Safety Analysis,safety_daily_operations,1,no,yes,CONTROLLED_SEQUENCE_CANDIDATE,
pre_job_safety_checklist,Pre Job Safety Checklist,safety_daily_operations,1,no,yes,CONTROLLED_SEQUENCE_CANDIDATE,
safety_meeting_minutes,Safety Meeting Minutes,safety_daily_operations,1,no,yes,CONTROLLED_SEQUENCE_CANDIDATE,
site_safety_checklist,Site Safety Checklist,safety_daily_operations,1,no,yes,CONTROLLED_SEQUENCE_CANDIDATE,
tailgate_meeting_log,Tailgate Meeting Log,safety_daily_operations,1,no,yes,CONTROLLED_SEQUENCE_CANDIDATE,
toolbox_talk,Toolbox Talk,safety_daily_operations,1,no,yes,CONTROLLED_SEQUENCE_CANDIDATE,
worksite_inspection_report,Worksite Inspection Report,safety_daily_operations,1,no,yes,CONTROLLED_SEQUENCE_CANDIDATE,
