severity,area,status,finding,recommended_branch,next_action
RESOLVED,Authorization,CLOSED_FIXED,The recovery branch inherits the fail-closed authorization repair and now reports 124 sensitive permissions. The seven previously omitted truth-changing actions are in SENSITIVE_PERMISSIONS; Academy high-risk issuance/admin actions are also fail-closed.,integration/project-recovery-2026-09-14,Keep the authorization inventory gate in full CI; no separate merge remains for the seven-action drift.
RESOLVED,CI reproducibility,CLOSED_FIXED,package.json and CI now agree on pnpm 10.4.1 through the inherited root-hardening stack.,integration/project-recovery-2026-09-14,Confirm with the next dependency-backed GitHub CI run; static source mismatch is closed.
RESOLVED,Release/version source of truth,CLOSED_FIXED,LEASEOS_RELEASE explicitly names v22.20 and scripts/current-state.sh uses it instead of inferring a release label from the latest checkpoint filename.,integration/project-recovery-2026-09-14,Keep the explicit release marker and prospective checkpoint discipline; do not fabricate the missing historical B22.20 document.
HIGH,Workflow operations,PARTIAL_REDUCED,"The durable drain worker is now started by the production web entrypoint and by a standalone worker entrypoint, with a single shared claimer, specialized enforcement dispatch and graceful shutdown. Remaining workflow debt is deployment observability/health plus schema-reserved workflowInstances, workflowTransitions and billingAuthorityBands that still lack production behavior.",integration/project-recovery-2026-09-14,"Run the worker under the real deployment supervisor and database, add health/telemetry, then implement or explicitly retire the reserved workflow tables."
HIGH,Mobile/offline runtime,PARTIAL_MISSING,"Offline-first contracts, browser fallback, sync/outbox, device safety latch, capture authorization and communications-package server support exist, but native Capacitor shell, encrypted SQLite, hardware keystore, native file vault, camera, GPS, biometric signing and local notifications remain explicitly unimplemented.",feature/native-field-runtime,"Implement device bindings and encrypted local persistence, then add device/offline E2E coverage."
HIGH,HOS / ELD compliance,PARTIAL_BLOCKED,"CAL05a adds versioned HOS profiles, rule figures, selectors, clocks and fail-closed determinations. All seeded HOS figures remain unverified; BC oil-well service and territorial schedules are deliberately empty, so conclusions remain UNKNOWN.",feature/hos-compliance-verification,"Verify each figure against authoritative clauses, complete jurisdiction/schedule coverage, add RODS/short-haul rules and keep UNKNOWN until verified."
HIGH,Multi-company isolation,PARTIAL,"Organizations and memberships now exist; request organization is resolved from active membership, and enforcement/release-policy/inbox paths have cross-tenant tests. The source explicitly says organization-wide isolation is not yet a system property and remaining tenant-scoped tables are still unscoped.",hardening/tenant-isolation-complete,Add organization ownership/scoping to every production-readable tenant table and negative cross-tenant tests at repository/query boundaries.
MEDIUM,Branch-scoped RBAC usability,PARTIAL,"Branch-confined grants fail closed when a resource branch is unresolved. CAL05a adds acting-scope/policy-scope work, but generic resource operations still require explicit scope resolution rather than inheriting a branch implicitly.",hardening/resource-scoped-procedures,Continue replacing generic gates with resource-aware scoped procedures where branch-scoped operational access is intended.
HIGH,Routing coverage,PARTIAL_BLOCKED,"A road graph can route over imported Alberta road data where loaded, but no province-wide routing source/service exists outside built areas; P0/P5 source is still missing and PostGIS/Valhalla/Martin/MapLibre are not deployed.",feature/provincial-routing-runtime,"Acquire/verify source rights, load province-wide coverage, deploy routing/map services and preserve UNKNOWN outside verified coverage."
HIGH,Jurisdiction boundary proof,BLOCKED_PARTIAL,"CAL05a deliberately downgrades source-wide province metadata to probable. No licence-cleared coordinate-level province/territory boundary layer is loaded, so province-limited communication/licence decisions can remain UNKNOWN.",data/province-boundary-layer,Review and ingest a permitted authoritative boundary source; produce confirmed/ambiguous results from geometry rather than source metadata.
MEDIUM,Database deployment,PARTIAL,"scripts/apply-migrations.sh still replays every SQL migration and keeps no applied-migration ledger. This is suitable for a disposable CI database, not repeat production upgrades.",hardening/production-migrations,"Use Drizzle/ledgered production migrations with backup, rollback/forward-fix and deployment runbooks."
MEDIUM,Browser/mobile QA,MISSING,The source still explicitly states browser/mobile end-to-end tests are not implemented.,test/e2e-browser-mobile,Add authenticated office/field/customer/vendor/facility flows plus offline/reconnect/native-device scenarios.
MEDIUM,Licensing/repository policy,DECISION_REQUIRED,package.json still declares MIT while no authoritative LICENSE file is present.,repo/licensing-decision,Keep private until a deliberate proprietary/open-source decision; add the correct LICENSE and third-party notices.
MEDIUM,Session cookies,REVIEW,Development SameSite/Secure cookie behavior from the earlier audit still requires browser verification; no new CAL05a evidence closes that review.,hardening/session-cookie-matrix,Add local HTTP and production HTTPS authentication/browser tests and define explicit development behavior.
LOW,Voice transcription security,DEFERRED_REVIEW,The server-side audio URL fetch helper remains a future SSRF concern if exposed; no evidence shows it became a production router surface.,hardening/voice-url-ingest,Use storage object IDs/signed URLs or strict scheme/host/size/time allowlists before exposure.
MEDIUM,Disposal facility intelligence,PARTIAL,"The disposal directory and facility records exist, but structured provenance/licensing, normalized facility metadata, verified restrictions and authoritative route handoff remain incomplete.",feature/disposal-facility-intelligence,Normalize facility type/jurisdiction/permit/source/provenance fields and connect verified facility access rules to routing.
HIGH,HOS short-haul / RODS UX,MISSING_PARTIAL,"No home-terminal geofence, air/road-mile radius engine, daily-return/release workflow or explicit short-haul/RODS decision surface was found, despite the new generic HOS engine.",feature/hos-short-haul,"Build only from verified rules; add home-terminal context, radius computation, daily-return checks, RODS escalation and tests."
MEDIUM,Automatic trip billing,PARTIAL,"Rate cards, pricing decisions, invoice lines and trip facts exist, but no authoritative deterministic flow was found that automatically proposes billable lines from verified distance/time/disposal facts.",feature/trip-to-billing-lines,Build measurement-to-charge proposals with evidence/provenance and human review; never silently post billing.
MEDIUM,Trip package automation,PARTIAL,"Audit manifests, covers and communications packages exist, but automatic post-trip operational package generation and downloadable archive bundles remain incomplete.",feature/trip-package-export,Create deterministic trip/audit ZIP/PDF bundles with manifest verification and chain-of-custody.
LOW,Operator document expiry,MOSTLY_PRESENT,"Credential/document validity, warning windows and readiness consequences are substantially implemented; remaining work is jurisdiction/document-class coverage rather than a missing core.",cleanup/credential-coverage,Audit required credential classes and expiry rules by jurisdiction; keep the core marked implemented.
MEDIUM,Digital safety binder,MISSING,No authoritative unit-level safety-binder completeness engine/task queue was found as a production feature.,feature/digital-safety-binder,Build requirements-derived completeness scoring with evidence links and office follow-up tasks.
RESOLVED,Critical defect dispatch/mechanic release,IMPLEMENTED,"Critical defects, work-order progression, mechanic release, enforcement and dispatch readiness are implemented with tests.",,Retain regression coverage.
LOW,Workflow version traceability,MOSTLY_PRESENT,Versioned workflow rules exist. Pilot/product-decision governance is still an operational process rather than a product workflow.,ops/pilot-governance,Keep source versioning; run pilot governance as an operational process.
MEDIUM,Site-duration baselines,MISSING,No production site-specific statistical baseline/alert engine for setup/load/unload duration anomalies was found.,feature/site-duration-baselines,"Add per-site/task baselines, minimum sample sizes and non-punitive anomaly review."
MEDIUM,External alerts,MISSING,Customer alerts remain queued in-app; the source explicitly states email/SMS delivery is not implemented.,feature/notification-delivery,"Add provider abstraction, consent/preferences, retries, delivery receipts and failure handling."
MEDIUM,Commercial contracts depth,MISSING_PARTIAL,"Contracts/MSAs as first-class records, WBS below cost code and earned-value schedules remain explicitly unimplemented.",feature/commercial-contracts-wbs,Add only where customer requirements justify it; preserve approved terms/rate-card authority.
MEDIUM,AI rate-sheet extraction,PARTIAL,"A proposal path exists, but automatic AI extraction from uploaded rate sheets is explicitly not implemented.",feature/rate-sheet-extraction,"Add typed extraction with evidence spans, confidence, approval and versioned commit."
MEDIUM,Machine inbound AP/facility tickets,MISSING,Inbound vendor bills/facility tickets by machine remain unimplemented; portal paths exist.,feature/inbound-commercial-integrations,Add scoped idempotent feeds with quarantine and human verification.
HIGH,GPS/route-derived field data,MISSING_PARTIAL,Native GPS remains unimplemented and the source still names GPS on the board/route-derived segments as P0.,feature/native-gps-routing,"Depends on native runtime and routing coverage; add provenance, buffering and offline replay."
MEDIUM,Video evidence storage,PARTIAL,Video records retain pointers/hashes; clips are not stored in the vault.,feature/video-vault,"Add encrypted object storage, retention/legal hold and access audit if custody is required."
HIGH,Verified speed limits,BLOCKED_PARTIAL,Posted speed limits from a verified source remain absent; feed-supplied values are explicitly unverified.,data/verified-speed-source,Obtain/licence an authoritative source and keep unverified feed values advisory only.
MEDIUM,Payroll offboarding,MISSING,Final-pay computation remains proposal-only.,feature/final-pay,Implement only after jurisdiction rules are verified; require payroll approval and auditable calculations.
LOW,Fluids inventory,MISSING,Fluids as measured inventory remain explicitly unimplemented; parts inventory exists.,feature/fluids-inventory,Add measured container/tank/UOM ledger if operationally required.
MEDIUM,Audit package export,PARTIAL,"Hashed manifests and rendered covers exist, but downloadable package archives remain explicitly unimplemented.",feature/audit-package-export,Build deterministic ZIP/PDF export with manifest verification.
HIGH,Communications offline client,PARTIAL_NATIVE_BLOCKED,"The current client fetches a sealed communication package, verifies it, writes it through the encrypted-vault abstraction, reads it back before acknowledgement and re-verifies on open. The native vault adapter is still a NotOnDeviceError stub, so actual no-network durability on a field tablet is not yet proven.",feature/native-field-runtime,Implement the native encrypted vault/SQLite/keystore adapter and run airplane-mode/restart/reconnect device tests.
MEDIUM,Communications rebuild/notification,MISSING,LeaseOS detects stale communication packages but does not rebuild them automatically or notify a driver who has already left.,feature/comms-staleness-notification,Add controlled rebuild scheduling and driver/dispatch notifications without auto-authorizing changed content.
HIGH,Communications data importers,BLOCKED_PARTIAL,"No importer exists for ISED spectrum, BC resource-road radio maps or CRTC coverage; channels are seeded/entered manually and coverage is recorded manually.",data/comms-importers,"Clear licensing first, then implement provenance-preserving importers and refresh schedules."
MEDIUM,Communications driver UX,IMPLEMENTED_PARTIAL,"Real application routes now exist for CommunicationsPackage, TransmitCheck and CommunicationsPackageStatus, with tests asserting they are production routes rather than showcase pages. The separate call-reminder/driver-confirmed/transmission-verified workflow and native offline ergonomics remain unfinished.",feature/comms-driver-confirmation,"Add promptDelivered, driverConfirmed and certified-interface transmissionVerified as distinct facts; validate on the native field shell."
MEDIUM,Communication policy activation,HUMAN_REQUIRED,No company communication policy is seeded. Dispatch therefore warns and does not block until two people approve a policy.,ops/comms-policy-approval,Have authorized company personnel configure and approve policy; do not ship a guessed default.
MEDIUM,Engine reachability debt,PARTIAL_REDUCED,"The recovery scanner now recognizes the web and standalone worker entrypoints. There are 162 _core modules: 129 production-reachable and 33 explicitly declared unwired, with zero undeclared surprises and zero stale declarations. LoadSense device-ingestion modules are intentionally among the declared unwired set.",cleanup/engine-reachability,Continue reducing the 33 declared items by wiring authoritative engines or retiring duplicates; keep the zero-surprise/zero-stale gate.
MEDIUM,Messaging attachment coverage,PARTIAL,"Message attachments are authorization-checked for job, defect and unit. Invoice/financial attachments are deliberately not supported because row-level financial authorization is not yet implemented for the message path.",feature/message-financial-attachments,Add explicit financial row-level attachment authorization only if needed; keep default deny.
MEDIUM,Reserved workflow schema,PARTIAL,"workflowInstances, workflowTransitions and billingAuthorityBands exist in schema but the current-state document says they have no reachable production behavior.",cleanup/workflow-reserved-schema,Implement their intended runtime behavior or mark/deprecate them explicitly before they become misleading schema surface.
BLOCKED,Regulatory rule verification,HUMAN_REQUIRED,"Regulatory, tax, rate and HOS seed rules remain unverified; determinations must stay UNKNOWN until an authorized person verifies the sources.",governance/regulatory-source-verification,Controller/management verification against authoritative clauses is required.
BLOCKED,External source permissions,HUMAN_REQUIRED,AER ST37/ST102 and Alberta 511 remain inspection-only pending written permission; ISED/BC/CRTC/StatsCan sources also require licence review before ingestion where applicable.,governance/data-licensing,Obtain and record written permission/licence terms before ingestion or commercial use.
RESOLVED,Original spatial branch/source,CLOSED_RECOVERED,"The actual historical sources were recovered from Project storage: v17 Spatial, v18 LoadSense, v21 reconciled Spatial+LoadSense and leaseos-integrated-ops.diff. Immutable reconstructed provenance refs preserve the exact recovered worktrees. Modern routing supersedes much of the old spatial implementation, so it was not blindly copied back.",archive/recovered-v21-reconciled,Keep the recovered refs read-only and use them only for semantic reconciliation/provenance. The historical source-not-supplied blocker is closed.
RESOLVED,v22.20 checkpoint traceability,CLOSED_PROSPECTIVE,"The historical B22.20 checkpoint was not recovered and is not fabricated. This Project Recovery checkpoint documents the actual current v22.20-derived source, recovered provenance, implementation commit and validation results prospectively.",integration/project-recovery-2026-09-14,Use the new recovery checkpoint going forward while retaining the historical gap as provenance rather than inventing a backdated checkpoint.
LOW,Pilot operations,NOT_CODE,"Driver/office pilot, usability review and recurring compliance/process audits are operational work rather than missing source code.",ops/six-month-pilot,Run after a release candidate and record outcomes as versioned change decisions.
HIGH,B28 widget production integration,CANDIDATE_NOT_MERGED,B23 through B28h are staged in candidate/b28h-widget-engine under an incoming package. The candidate changes no root client/server/drizzle/shared application paths and its own B28H release note says production widgets remain zero.,integration/b28h-widget-production,Reconcile the staged widget package into the real LeaseOS tree incrementally; do not merge the wrapper wholesale.
HIGH,B28 widget migration collision,BLOCKED,"The staged widget migrations still collide with historical 0089/0090. The recovery branch now consumes 0107/0108 for Academy and 0109 for LoadSense, so the next currently free pair is 0110/0111, subject to refreshing the target head at merge time.",integration/b28h-widget-migrations,"Renumber the widget pair from the then-current next free slots (currently 0110/0111), and update schema/parity/upgrade tests atomically."
HIGH,B28 widget source contracts,PARTIAL_BLOCKED,"The supplied real-branch inventory reports 7 confirmed source contracts, 3 conflicts, 1 missing procedure and 1 heuristic rename. records.documentExpiry is missing; jobs.active, trips.active and sync.status need semantic decisions; shop.unitReadiness must not be accepted as shop.unitCost from fuzzy name similarity.",integration/b28h-widget-contracts,Resolve each widget against authoritative procedures/composers and preserve UNKNOWN/unsupported states where the source has no truthful contract.
MEDIUM,B28 recovered-branch baseline tests,PREEXISTING_FAILURES,"The supplied B28 branch-delta report records 14 FieldRoute test failures before widget integration, all caused by TRPCError: User holds no domain role. These are baseline fixture/role-grant failures, not widget regressions.",fix/b28-baseline-role-fixtures,Repair the recovered branch role fixtures and rerun the untouched baseline before attributing any later failure to widget work.
MEDIUM,B28 dependency compatibility,BUILD_BLOCKER,The supplied branch-delta report records npm install ERESOLVE because @builder.io/vite-plugin-jsx-loc@0.1.1 declares Vite ^4 or ^5 while the recovered branch uses Vite 7.3.6; legacy-peer-deps was required only to continue inspection.,fix/b28-vite-peer-compatibility,Remove/upgrade/replace the incompatible plugin or align supported Vite versions; do not normalize production installs around --legacy-peer-deps.
MEDIUM,B28 production gate completeness,UNVERIFIED,"The B28H harness reports 604 Vitest cases and 48 Chromium cases passing, but repository suite, production build, CI, real-app smoke and migration-upgrade gates were explicitly unavailable in that branchless package.",gate/b28h-real-branch,Run the complete repository/typecheck/database/migration/build/CI/browser gate after the widget code is reconciled into the real LeaseOS branch.
LOW,B23-B28h historical traceability,CUMULATIVE_SNAPSHOT,"All B23 through B28h upgrade refs in the supplied reconstructed repository point to the same frozen B28h candidate commit. They are containment/traceability refs, not exact individual historical source snapshots.",docs/b28-history-boundary,Keep the branches for traceability but do not claim exact per-upgrade source history unless the original intermediate repositories are recovered.
RESOLVED,Driver Academy production integration,RECOVERED_INTEGRATED,"The exact 0087/0088 Academy implementation was recovered from earlier Project uploads and forward-ported into the modern root application: server router/core engines, client Training Academy route, compliance Secretary/securement/driver qualification, authorization, tests and central readiness integration.",integration/project-recovery-2026-09-14,Run the complete dependency/MySQL/browser/native gate before promotion to main; implementation-source loss is closed.
RESOLVED,Driver Academy database migrations,CLOSED_RECOVERED,The real historical Academy SQL was recovered from the 0088 Academy reconciliation package. It was ported forward as new modern migrations rather than fabricated from prose.,integration/project-recovery-2026-09-14,Preserve the recovered historical branch/tag and validate 0107/0108 on clean and upgrade databases in full CI.
RESOLVED,Driver Academy migration numbering,CLOSED_FIXED,Historical Academy migrations were deliberately renumbered into currently valid forward slots 0107_training_academy.sql and 0108_training_academy_hardening.sql. LoadSense then uses 0109.,integration/project-recovery-2026-09-14,Treat 0110 as the current next-free migration slot and recalculate at every future merge.
MEDIUM,Chat5 module paths / test import,FIX_READY,The supplied 0089 candidate had numbered-copy filenames sheetSerialAllocator-1.ts / .test-1.ts and sheetSerial.test.ts imported missing ./stub-vitest. fix/chat5-module-paths-and-vitest normalizes filenames and imports Vitest.,fix/chat5-module-paths-and-vitest,Review the prepared packaging fix before any real root port. Independent strict TypeScript checks pass for sheetSerial.ts and academyReadinessBridge.ts against canonical DispatchBlocker types.
RESOLVED,Academy migration runner / retention trigger,CLOSED_FIXED,0108 installs academyCertificates_retention_guard as a BEFORE DELETE trigger. scripts/apply-migrations.sh now verifies that exactly one retention guard exists after disposable migration replay instead of demanding a trigger whose migration is absent.,integration/project-recovery-2026-09-14,Execute the disposable-MySQL migration gate in the dependency/database environment before promotion.
HIGH,Academy dispatch-readiness wiring,MOSTLY_INTEGRATED,"readinessComposer now loads explicit Academy bindings for role, equipment, job type/mode, customer and site; resolves the operator-to-user qualification record; honors active physical direct-supervision attestations; emits canonical block/review/unknown findings; and includes Academy state in the eligibility fingerprint. Jurisdiction/cargo bindings remain explicit-context work and are intentionally not inferred from free text.",integration/project-recovery-2026-09-14,"Add authoritative cargo/jurisdiction context plumbing where those bindings are required, plus database-backed cross-tenant/readiness tests in the full gate."
HIGH,Academy assessor answer key,RESTRICTED,LEASEOS_ASSESSOR_KEY_CONFIDENTIAL.html is explicitly confidential/not for distribution. It is preserved only on restricted/chat5-assessor-key and is absent from canonical main/candidate academy branches.,restricted/chat5-assessor-key,Keep the repository private or exclude this ref from any public push/export. Never merge this branch to main.
MEDIUM,Academy validation gate,PARTIAL_UNVERIFIED,"Focused strict compilation and executable pure checks now pass for Academy regulatory terms, retention, source-tier gating, finalization, foreign TDG recognition and Class 1/2/3 + Q program presence. Whole-tree TS/TSX syntax transpilation and static schema parity pass. Full dependency-backed Vitest, clean/upgrade MySQL, production build, browser and native-device gates remain unavailable in this session.",gate/project-recovery,"Run pnpm install with the pinned lock/toolchain, disposable MySQL clean+upgrade migrations, full Vitest/typecheck/build/CI, Chromium/mobile and native-device smoke before promotion."
MEDIUM,B28H toolchain package duplicate script key,FIX_READY,"The staged B28H toolchain package.json contains duplicate scripts.b28:gate keys, so JSON parsing silently keeps only the latter value. fix/b28h-package-script-duplicate-key preserves both under unique script names.",fix/b28h-package-script-duplicate-key,Review the candidate-only fix before integrating B28H tooling; this is not a canonical root package.json defect.
HIGH,LoadSense production device integration,RECOVERED_PARTIAL,"Historical v18/v21 LoadSense engines and protocol were recovered and reconciled onto the modern measurement authority model. 0109 adds calibration models, gateway frames, weight snapshots/axles, certified-scale reconciliation and density profiles; pure calibration/stability/replay/billing checks pass. The authenticated machine/device edge and native BLE/gateway ingestion are not wired.",feature/loadsense-device-ingestion,"Build a scoped integrationProcedure/device-auth ingestion path, bind frames to measurementDevices/calibrationEvents, persist replay/sequence decisions, and validate against real or simulated hardware without allowing onboard weight to impersonate a certified trade scale."
HIGH,LeaseOS legal/privacy/license framework,MISSING_DECISION_REQUIRED,"Project-wide file search did not recover LeaseOS-specific Terms of Service, Privacy Policy, EULA/software licence, DPA/subprocessor terms or an authoritative repository LICENSE. A Terms file found in Library belongs to SecureGuard and is not LeaseOS evidence. package.json still requires a deliberate licensing decision.",legal/leaseos-product-terms,"Draft LeaseOS-specific Canadian/Alberta product terms, privacy/data-processing documents, acceptable-use/support terms and repository licence/third-party notices, then obtain qualified legal review before release."
MEDIUM,Remote camp / lease accommodation operations,MISSING,"The Project conversation includes requirements for living remotely on lease, camp and site accommodations, but no corresponding production module/schema/router was found in the recovered/current LeaseOS source.",feature/remote-camp-operations,"Define camp/site assignment, room/bed occupancy, check-in/out, fatigue/rest interaction, meals/amenities, emergency muster/contact, cost allocation and privacy boundaries before implementation."
MEDIUM,Company policy portfolio / governance,PARTIAL,"LeaseOS already contains individual enforceable company-policy mechanisms (communications policy, release policy, retention/governance controls, requirements and training), but the requested unified trucking/oilfield/construction/logging policy portfolio with versioning, acknowledgements, role applicability and evidence of training is not a complete product surface.",feature/company-policy-portfolio,"Create one versioned policy registry/content model with applicability, approval, employee acknowledgement, training linkage, supersession and audit export; reuse existing authorization/requirements instead of creating parallel policy engines."
HIGH,Internal/native authentication hardening,PARTIAL,"External portal invitation/TOTP/token rotation/lockout and server-side authorization exist, but the Project request for stronger user authentication is not fully satisfied for the internal/native field app: passkeys/WebAuthn, native biometric/device-bound unlock and production browser/session matrix are not comprehensively implemented/verified.",hardening/internal-auth-native,"Define internal identity provider/session architecture, add phishing-resistant MFA/passkeys where supported, device-bound refresh/attestation and native biometric unlock of local secrets, then test revocation/offline/re-enrolment flows."
