branch,origin,class,exact_source_state,commit,subject,recommended_use
baseline/v20.2,v22.16 prepared repository,source baseline,yes (reconstructed from supplied cumulative diff),937e2575d897836671aa2b6506d5589e15fc5f93,history: exact v20.2 baseline reconstructed from supplied cumulative patch,Read-only v20.2 comparison baseline
fix/ci-pnpm-alignment,current unified/v22.16 line,active fix,n/a,471504b1b8e60a4e1971c83f0f185fc893207052,ci: align pnpm action with packageManager 10.4.1,Review and merge to main through PR after gate
fix/current-state-release-autodetect,current unified/v22.16 line,active fix,n/a,9d083984c1832fbe7bc4715bd1f4012bbdb0431c,fix(repo): correctly autodetect release in current-state generator,Review and merge to main through PR after gate
fix/fail-closed-permission-drift,current unified/v22.16 line,active fix,n/a,b4a7c1387eeceb619164e0146b8f8ff77632ddb2,fix(auth): restore seven documented fail-closed permissions,Review and merge to main through PR after gate
integration/recommended-fixes,unified repository,review candidate,n/a,RESOLVE_AFTER_CLONE,audit: include final unified repository report,Stacks three known repository fixes plus regenerated current-state; full runtime gate still required before main
integration/unified-repository-audit,unified repository,integration/audit,n/a,RESOLVE_AFTER_CLONE,Unified history linkage and audit documents,History linkage and audit artifacts; not a release branch
legacy/v20/archive/original-v20,older v20 prepared repository,legacy ref,only archive/original-v20 is untouched source; others are old planning/fix refs,291a9d25f2241a3cdd79268b5089c3c976bfa053,archive: preserve untouched nested FieldRoute v20 source,Preserve old repo history and documents; do not overlay on v22.16 main
legacy/v20/fix/ci-pnpm-alignment,older v20 prepared repository,legacy ref,only archive/original-v20 is untouched source; others are old planning/fix refs,5f779b7abd5e06ca79dd249c64e712699064ec45,ci: align pnpm action with packageManager 10.4.1,Preserve old repo history and documents; do not overlay on v22.16 main
legacy/v20/fix/tenant-isolation-rbac,older v20 prepared repository,legacy ref,only archive/original-v20 is untouched source; others are old planning/fix refs,47179b0772052c257383812189930535be6c1f21,docs: expand merge lanes for build and research checkpoints,Preserve old repo history and documents; do not overlay on v22.16 main
legacy/v20/fix/workflow-runtime-wiring,older v20 prepared repository,legacy ref,only archive/original-v20 is untouched source; others are old planning/fix refs,47179b0772052c257383812189930535be6c1f21,docs: expand merge lanes for build and research checkpoints,Preserve old repo history and documents; do not overlay on v22.16 main
legacy/v20/main,older v20 prepared repository,legacy ref,only archive/original-v20 is untouched source; others are old planning/fix refs,47179b0772052c257383812189930535be6c1f21,docs: expand merge lanes for build and research checkpoints,Preserve old repo history and documents; do not overlay on v22.16 main
legacy/v20/merge/assistant-engine,older v20 prepared repository,legacy ref,only archive/original-v20 is untouched source; others are old planning/fix refs,47179b0772052c257383812189930535be6c1f21,docs: expand merge lanes for build and research checkpoints,Preserve old repo history and documents; do not overlay on v22.16 main
legacy/v20/merge/assistant-wiring,older v20 prepared repository,legacy ref,only archive/original-v20 is untouched source; others are old planning/fix refs,47179b0772052c257383812189930535be6c1f21,docs: expand merge lanes for build and research checkpoints,Preserve old repo history and documents; do not overlay on v22.16 main
legacy/v20/merge/b12-routing-evidence,older v20 prepared repository,legacy ref,only archive/original-v20 is untouched source; others are old planning/fix refs,47179b0772052c257383812189930535be6c1f21,docs: expand merge lanes for build and research checkpoints,Preserve old repo history and documents; do not overlay on v22.16 main
legacy/v20/merge/b13-data-governance,older v20 prepared repository,legacy ref,only archive/original-v20 is untouched source; others are old planning/fix refs,47179b0772052c257383812189930535be6c1f21,docs: expand merge lanes for build and research checkpoints,Preserve old repo history and documents; do not overlay on v22.16 main
legacy/v20/merge/b14-dispatch,older v20 prepared repository,legacy ref,only archive/original-v20 is untouched source; others are old planning/fix refs,47179b0772052c257383812189930535be6c1f21,docs: expand merge lanes for build and research checkpoints,Preserve old repo history and documents; do not overlay on v22.16 main
legacy/v20/merge/b15-transactional-dispatch,older v20 prepared repository,legacy ref,only archive/original-v20 is untouched source; others are old planning/fix refs,47179b0772052c257383812189930535be6c1f21,docs: expand merge lanes for build and research checkpoints,Preserve old repo history and documents; do not overlay on v22.16 main
legacy/v20/merge/b16-ci-database,older v20 prepared repository,legacy ref,only archive/original-v20 is untouched source; others are old planning/fix refs,47179b0772052c257383812189930535be6c1f21,docs: expand merge lanes for build and research checkpoints,Preserve old repo history and documents; do not overlay on v22.16 main
legacy/v20/merge/b17-1-production-wiring,older v20 prepared repository,legacy ref,only archive/original-v20 is untouched source; others are old planning/fix refs,47179b0772052c257383812189930535be6c1f21,docs: expand merge lanes for build and research checkpoints,Preserve old repo history and documents; do not overlay on v22.16 main
legacy/v20/merge/b17-workflow-core,older v20 prepared repository,legacy ref,only archive/original-v20 is untouched source; others are old planning/fix refs,47179b0772052c257383812189930535be6c1f21,docs: expand merge lanes for build and research checkpoints,Preserve old repo history and documents; do not overlay on v22.16 main
legacy/v20/merge/b18-billing-adjustments,older v20 prepared repository,legacy ref,only archive/original-v20 is untouched source; others are old planning/fix refs,47179b0772052c257383812189930535be6c1f21,docs: expand merge lanes for build and research checkpoints,Preserve old repo history and documents; do not overlay on v22.16 main
legacy/v20/merge/b19-end-to-end,older v20 prepared repository,legacy ref,only archive/original-v20 is untouched source; others are old planning/fix refs,47179b0772052c257383812189930535be6c1f21,docs: expand merge lanes for build and research checkpoints,Preserve old repo history and documents; do not overlay on v22.16 main
legacy/v20/merge/billing-records-chain,older v20 prepared repository,legacy ref,only archive/original-v20 is untouched source; others are old planning/fix refs,47179b0772052c257383812189930535be6c1f21,docs: expand merge lanes for build and research checkpoints,Preserve old repo history and documents; do not overlay on v22.16 main
legacy/v20/merge/branch-reconciliation,older v20 prepared repository,legacy ref,only archive/original-v20 is untouched source; others are old planning/fix refs,47179b0772052c257383812189930535be6c1f21,docs: expand merge lanes for build and research checkpoints,Preserve old repo history and documents; do not overlay on v22.16 main
legacy/v20/merge/build-plan,older v20 prepared repository,legacy ref,only archive/original-v20 is untouched source; others are old planning/fix refs,47179b0772052c257383812189930535be6c1f21,docs: expand merge lanes for build and research checkpoints,Preserve old repo history and documents; do not overlay on v22.16 main
legacy/v20/merge/build-spec,older v20 prepared repository,legacy ref,only archive/original-v20 is untouched source; others are old planning/fix refs,47179b0772052c257383812189930535be6c1f21,docs: expand merge lanes for build and research checkpoints,Preserve old repo history and documents; do not overlay on v22.16 main
legacy/v20/merge/design-system,older v20 prepared repository,legacy ref,only archive/original-v20 is untouched source; others are old planning/fix refs,47179b0772052c257383812189930535be6c1f21,docs: expand merge lanes for build and research checkpoints,Preserve old repo history and documents; do not overlay on v22.16 main
legacy/v20/merge/integrated-operations,older v20 prepared repository,legacy ref,only archive/original-v20 is untouched source; others are old planning/fix refs,47179b0772052c257383812189930535be6c1f21,docs: expand merge lanes for build and research checkpoints,Preserve old repo history and documents; do not overlay on v22.16 main
legacy/v20/merge/spatial-loadsense,older v20 prepared repository,legacy ref,only archive/original-v20 is untouched source; others are old planning/fix refs,47179b0772052c257383812189930535be6c1f21,docs: expand merge lanes for build and research checkpoints,Preserve old repo history and documents; do not overlay on v22.16 main
legacy/v20/merge/taxonomy-routing,older v20 prepared repository,legacy ref,only archive/original-v20 is untouched source; others are old planning/fix refs,47179b0772052c257383812189930535be6c1f21,docs: expand merge lanes for build and research checkpoints,Preserve old repo history and documents; do not overlay on v22.16 main
legacy/v20/research/licensing-landscape,older v20 prepared repository,legacy ref,only archive/original-v20 is untouched source; others are old planning/fix refs,47179b0772052c257383812189930535be6c1f21,docs: expand merge lanes for build and research checkpoints,Preserve old repo history and documents; do not overlay on v22.16 main
main,v22.16 prepared repository,canonical,yes (cleaned current baseline),888482953dd8aaaa0e9e745dbba3cb7f047e813b,repo: record generated branch and tag counts,Protected release baseline; merge reviewed fixes/features by PR
source/v22.16-original,v22.16 prepared repository,source archive,yes,cbb9d18ca871870cef949555a8d460bc59b09396,history: import exact supplied LeaseOS v22.16 source snapshot,Read-only exact supplied v22.16 source snapshot
upgrade/b12-routing-evidence,v22.16 prepared repository,traceability,no,c507d8208adefb15d2c2e3eed829e513d44f2556,trace: LeaseOS — B12: Routing Constraint Compiler + Evidence Ledger,Checkpoint/merge-planning trace only; do not treat as exact historical code
upgrade/b13-data-governance,v22.16 prepared repository,traceability,no,2a9c0cc559bfbdea2b4d51e8ee6fe9a8eef94265,trace: LeaseOS — B13: Data Governance & Road Graph,Checkpoint/merge-planning trace only; do not treat as exact historical code
upgrade/b14-dispatch,v22.16 prepared repository,traceability,no,d0284db1dff54e6b6d4a8bcaacf0b951b743ba87,trace: LeaseOS — B14: Dispatch Operations Centre,Checkpoint/merge-planning trace only; do not treat as exact historical code
upgrade/b15-transactional-dispatch,v22.16 prepared repository,traceability,no,bb0e5b40aef2bfe014762517acdffe4d4f0005da,trace: LeaseOS — B15: Transactional Dispatch Backend,Checkpoint/merge-planning trace only; do not treat as exact historical code
upgrade/b16-ci-database,v22.16 prepared repository,traceability,no,b7b9534d89081906b4b799514291a3e1248b8dea,"trace: LeaseOS — B16: Disposable database, and what it revealed",Checkpoint/merge-planning trace only; do not treat as exact historical code
upgrade/b17-1-production-wiring,v22.16 prepared repository,traceability,no,c923278d56d4fc0e905d344fa845a1b419a11c54,trace: LeaseOS — B17.1: Production Workflow Wiring,Checkpoint/merge-planning trace only; do not treat as exact historical code
upgrade/b17-workflow-core,v22.16 prepared repository,traceability,no,94af1060db4309557cf0ea83dfcfc9be43981baa,trace: LeaseOS — B17: Workflow Orchestration Core,Checkpoint/merge-planning trace only; do not treat as exact historical code
upgrade/b18-billing-adjustments,v22.16 prepared repository,traceability,no,75ebceb920b0ecaf44ef9644cef813f78f244806,"trace: LeaseOS — B18: Billing Adjustments, Disputes & Third-Party Work",Checkpoint/merge-planning trace only; do not treat as exact historical code
upgrade/b19-end-to-end,v22.16 prepared repository,traceability,no,53fa5986c970871f745a843d89b510cd65631b7d,"trace: LeaseOS — B19: The Chain, Joined",Checkpoint/merge-planning trace only; do not treat as exact historical code
upgrade/b20-1-workflow-wiring,v22.16 prepared repository,traceability,no,832c92b97ea73824026ee117957cc0e690c54e67,trace: LeaseOS — B20.1 Checkpoint: Records & Safety Wired Into the Workflow Engine,Checkpoint/merge-planning trace only; do not treat as exact historical code
upgrade/b20-10-verified-source-registry,v22.16 prepared repository,traceability,no,90a03441c480a440a20b9497808fd5a21a2fb9e3,trace: LeaseOS — v20.12.2 Checkpoint: Verified Source Registry,Checkpoint/merge-planning trace only; do not treat as exact historical code
upgrade/b20-11-p3-typed-commit,v22.16 prepared repository,traceability,no,35d1d353294014f37e6771b2301694eae23dee77,trace: LeaseOS — v20.13-dev1 Checkpoint: P3 Typed Assistant Commit Boundary,Checkpoint/merge-planning trace only; do not treat as exact historical code
upgrade/b20-12-v20-13-promotion,v22.16 prepared repository,traceability,no,c37a099dc5896aef01e24924d763ad1372fed331,trace: LeaseOS — v20.13 Checkpoint: P3 Typed Commit Boundary (candidate promoted),Checkpoint/merge-planning trace only; do not treat as exact historical code
upgrade/b20-13-portals-funding,v22.16 prepared repository,traceability,no,14dce420d80cdd38792f8dcb689c7801e5faf291,trace: LeaseOS — v20.14 Checkpoint: Portal Composition + Funding Knowledge Panel,Checkpoint/merge-planning trace only; do not treat as exact historical code
upgrade/b20-14-v20-15-extraction-queue,v22.16 prepared repository,traceability,no,e81f70b22baf8db8ba9538b0e937fe09ffaf1417,trace: LeaseOS — v20.15 Checkpoint: Document Extraction + Question Queue + Funding Persistence,Checkpoint/merge-planning trace only; do not treat as exact historical code
upgrade/b20-15-v20-16-fingerprint-disposal,v22.16 prepared repository,traceability,no,dfd161a2112248e44fec6dbd0bee3862545f4eaf,trace: LeaseOS — v20.16 Checkpoint: Fingerprinting + Disposal Tickets + Merchant Memory,Checkpoint/merge-planning trace only; do not treat as exact historical code
upgrade/b20-16-v20-17-integrity-closure,v22.16 prepared repository,traceability,no,5e1f0ed00da792f5025cd178d93cbd8f21fb5671,trace: LeaseOS — v20.17 Checkpoint: P3 Integrity Closure,Checkpoint/merge-planning trace only; do not treat as exact historical code
upgrade/b20-17-v20-18-fuel-ledger,v22.16 prepared repository,traceability,no,31e546497a7a02b35ebe48a50d0710f639af51e9,trace: LeaseOS — v20.18 Checkpoint: Fuel & Energy Ledger,Checkpoint/merge-planning trace only; do not treat as exact historical code
upgrade/b20-18-v20-19-roadside-ap,v22.16 prepared repository,traceability,no,30eac5d01d08967e116180495c76fe7f7e8b9001,trace: LeaseOS — v20.19 Checkpoint: Roadside Events + Purchasing + Accounts Payable Spine,Checkpoint/merge-planning trace only; do not treat as exact historical code
upgrade/b20-19-v20-20-secure-field-runtime,v22.16 prepared repository,traceability,no,23b6b8f5531ca480fa068a3b4f9e6e012e66572a,trace: LeaseOS — v20.20 Checkpoint: P4 Secure Field Runtime (server half),Checkpoint/merge-planning trace only; do not treat as exact historical code
upgrade/b20-2-authorization,v22.16 prepared repository,traceability,no,16ed85d8bd040d23851ef28fb728c53b69b5652b,trace: LeaseOS — B20.2 Checkpoint: Server-Enforced Domain Authorization,Checkpoint/merge-planning trace only; do not treat as exact historical code
upgrade/b20-20-v20-21-compliance-registry,v22.16 prepared repository,traceability,no,5aedd295d3a2196aad70a85ed98d0adc4ed367bd,trace: LeaseOS — v20.21 Checkpoint: Compliance Master Registry,Checkpoint/merge-planning trace only; do not treat as exact historical code
upgrade/b20-21-v20-22-requirement-engine,v22.16 prepared repository,traceability,no,025c1c6ee8acf43cd6757f730223301eb12daaf9,trace: LeaseOS — v20.22 Checkpoint: Generalized Requirement Engine + Packs + Calibration,Checkpoint/merge-planning trace only; do not treat as exact historical code
upgrade/b20-22-v20-23-insurance-risk,v22.16 prepared repository,traceability,no,bc287564959d4744d36adb3a503333d4b918fd1f,trace: LeaseOS — v20.23 Checkpoint: Insurance & Risk,Checkpoint/merge-planning trace only; do not treat as exact historical code
upgrade/b20-3-authorization-enforcement,v22.16 prepared repository,traceability,no,59706be19aa1cdc6d875808cd0619aeb4d54be50,trace: LeaseOS — B20.3 Checkpoint: Authorization Enforcement + Records API,Checkpoint/merge-planning trace only; do not treat as exact historical code
upgrade/b20-4-api-migration,v22.16 prepared repository,traceability,no,ed8691591d4e47d8c6a4a49b89c3d58b95031e5d,trace: LeaseOS — B20.4 Checkpoint: Operational API Migration (Tranche 1),Checkpoint/merge-planning trace only; do not treat as exact historical code
upgrade/b20-5-payroll-finance-tax,v22.16 prepared repository,traceability,no,20ec3fb5b22305ae91623b0cecb916d4a4d043c5,"trace: LeaseOS — B20.5 Checkpoint: Payroll, Finance & Tax Foundation",Checkpoint/merge-planning trace only; do not treat as exact historical code
upgrade/b20-6-authorization-complete,v22.16 prepared repository,traceability,no,700622577edc5a4335d2159acdb75a6b89d8efec,trace: LeaseOS — B20.6 Checkpoint: Authorization Migration Complete (P1),Checkpoint/merge-planning trace only; do not treat as exact historical code
upgrade/b20-7-payroll-finance-api,v22.16 prepared repository,traceability,no,a95c2e961624765def8e41e40d8d20d6b8387dcb,"trace: LeaseOS — B20.7 Checkpoint: Payroll, Finance & Tax API (P2)",Checkpoint/merge-planning trace only; do not treat as exact historical code
upgrade/b20-8-external-data-routing,v22.16 prepared repository,traceability,no,3ef4027e75f9aef63f40678913a6cc7ed7ba999d,trace: LeaseOS — B20.8 Checkpoint: External Data Foundation + Routing Adapter,Checkpoint/merge-planning trace only; do not treat as exact historical code
upgrade/b20-9-universal-permissions,v22.16 prepared repository,traceability,no,0fc28d5a417f424c043c5c3b016155f4a4d995b9,trace: LeaseOS — v20.12.1 Checkpoint: Universal Permissions,Checkpoint/merge-planning trace only; do not treat as exact historical code
upgrade/b20-measurement-ladder,v22.16 prepared repository,traceability,no,cd22f9078f23f375f865e8e0f25d5b03b25d7f80,trace: LeaseOS — B20 Checkpoint: Verified Baseline + Measurement Quality Ladder,Checkpoint/merge-planning trace only; do not treat as exact historical code
upgrade/b20-records-vault,v22.16 prepared repository,traceability,no,07b3d402d8aec56ab4bbfb85cbf9c3694955096c,"trace: LeaseOS — B20 Checkpoint: Records, Evidence & Compliance Vault",Checkpoint/merge-planning trace only; do not treat as exact historical code
upgrade/b21-0-universal-surfaces,v22.16 prepared repository,traceability,no,5f178f97f2ffbeaccf89199dce4c1163008b1716,"trace: LeaseOS — v21.0 Checkpoint: Universal Surfaces (Exception Centre, Inbox, My Day, Search, Timeline)",Checkpoint/merge-planning trace only; do not treat as exact historical code
upgrade/b21-1-dispatch-gate,v22.16 prepared repository,traceability,no,7c45cb49b62b2ad0881f589d57c98b8f4acf141c,"trace: LeaseOS — v21.1 Checkpoint: The Dispatch Gate, Reachable",Checkpoint/merge-planning trace only; do not treat as exact historical code
upgrade/b21-10-commercial-portals,v22.16 prepared repository,traceability,no,26cda2baf9393790ad48c76aa9e3e31d6d803223,"trace: LeaseOS — v21.10 Checkpoint: Commercial Core + External Portals (vendor, customer, facility)",Checkpoint/merge-planning trace only; do not treat as exact historical code
upgrade/b21-11-site-signoff-chain,v22.16 prepared repository,traceability,no,d4120139448f1255de1e39d345ea682150144c25,trace: LeaseOS — v21.11 Checkpoint: Site Sign-Off & Post-Site Billing Chain (promotion of an unauthored arr,Checkpoint/merge-planning trace only; do not treat as exact historical code
upgrade/b21-12-portal-hardening,v22.16 prepared repository,traceability,no,adaedcb90e9c567afc90842cc25fd3405b307a4b,trace: LeaseOS — v21.12 Checkpoint: Portal Identity Hardening + Billing Closeout Completion,Checkpoint/merge-planning trace only; do not treat as exact historical code
upgrade/b21-13-customer-live-view,v22.16 prepared repository,traceability,no,a042d893fbe955b245517dc0cc09a02373e175f4,trace: LeaseOS — v21.13 Checkpoint: Customer Live View + Portal Client Shell,Checkpoint/merge-planning trace only; do not treat as exact historical code
upgrade/b21-14-customer-transaction,v22.16 prepared repository,traceability,no,6bb424c894ab0fbc59df221500d8992232dc8ff1,trace: LeaseOS — v21.14 Checkpoint: Customer Transaction & Field Closeout Completion (with v21.13.1 Documen,Checkpoint/merge-planning trace only; do not treat as exact historical code
upgrade/b21-15-fleet-shop,v22.16 prepared repository,traceability,no,1f41b3d39de990512cc4d01076fe87acd43a348a,trace: LeaseOS — v21.15 Checkpoint: Fleet Shop OS,Checkpoint/merge-planning trace only; do not treat as exact historical code
upgrade/b21-16-capital-assets,v22.16 prepared repository,traceability,no,5c943441f74aedf25b5e61c92ef3aa27f45af505,trace: LeaseOS — v21.16 Checkpoint: Capital Assets + CCA + Asset Twin,Checkpoint/merge-planning trace only; do not treat as exact historical code
upgrade/b21-17-commercial-projects,v22.16 prepared repository,traceability,no,6617654c083c5c3f5dae12de66ce73998630d0e2,trace: LeaseOS — v21.17 Checkpoint: Commercial Project Management,Checkpoint/merge-planning trace only; do not treat as exact historical code
upgrade/b21-18-integration-gateway,v22.16 prepared repository,traceability,no,4c97605ceb907ade57bde1afb90ec6f7a40feee6,trace: LeaseOS — v21.18 Checkpoint: Integration Gateway,Checkpoint/merge-planning trace only; do not treat as exact historical code
upgrade/b21-19-telematics,v22.16 prepared repository,traceability,no,48aa3fda8193aeffe934573227ddfb710633e71d,trace: LeaseOS — v21.19 Checkpoint: Telematics & Video Safety,Checkpoint/merge-planning trace only; do not treat as exact historical code
upgrade/b21-2-dispatch-enforcement,v22.16 prepared repository,traceability,no,4169e3a1b7f047d4d1661e076372ad2a0e59069e,trace: LeaseOS — v21.2 Checkpoint: Dispatch Enforcement on the Legacy Path,Checkpoint/merge-planning trace only; do not treat as exact historical code
upgrade/b21-20-workforce,v22.16 prepared repository,traceability,no,2ebff64c425182d4e7bc6b5e15512abde40e1b23,trace: LeaseOS — v21.20 Checkpoint: Workforce Lifecycle,Checkpoint/merge-planning trace only; do not treat as exact historical code
upgrade/b21-21-audit-packages,v22.16 prepared repository,traceability,no,8950db96eab09f70f11c8818bd9d2e60bd237bc8,trace: LeaseOS — v21.21 Checkpoint: Audit Package Builder,Checkpoint/merge-planning trace only; do not treat as exact historical code
upgrade/b21-3-ifta,v22.16 prepared repository,traceability,no,77bde23cbdae15543dd276f3d6ceb4bb7d474baa,trace: LeaseOS — v21.3 Checkpoint: IFTA on the Fuel Ledger,Checkpoint/merge-planning trace only; do not treat as exact historical code
upgrade/b21-4-bulk-fuel-statements,v22.16 prepared repository,traceability,no,4b281ac912ead5dfd4c3997c36789361b86a4d89,"trace: LeaseOS — v21.4 Checkpoint: Bulk Fuel, Statement Import, Anomalies",Checkpoint/merge-planning trace only; do not treat as exact historical code
upgrade/b21-5-period-close,v22.16 prepared repository,traceability,no,f90c43da8ecfec553673e33d38246679e5f224a0,trace: LeaseOS — v21.5 Checkpoint: Period Close + Fuel-Line Exceptions,Checkpoint/merge-planning trace only; do not treat as exact historical code
upgrade/b21-6-field-runtime,v22.16 prepared repository,traceability,no,44cfe40b3a8e3a43c90277babb0ddf0ea94a9b2b,trace: LeaseOS — v21.6 Checkpoint: Secure Field Runtime — the client half that can be proven here,Checkpoint/merge-planning trace only; do not treat as exact historical code
upgrade/b21-7-portal-experience,v22.16 prepared repository,traceability,no,4d48772f1e2c4ef248736f0d2bb97b59ac8f218d,trace: LeaseOS — v21.7 Checkpoint: Portal Experience,Checkpoint/merge-planning trace only; do not treat as exact historical code
upgrade/b21-8-gst-hst,v22.16 prepared repository,traceability,no,f3e0e0d4f911af5507d1b6c1d88c4e45031a1f44,trace: LeaseOS — v21.8 Checkpoint: GST/HST Return Assembly + Close Expansion,Checkpoint/merge-planning trace only; do not treat as exact historical code
upgrade/b21-9-1-integrity-hotfix,v22.16 prepared repository,traceability,no,83b45967a7200d8445f49bc6bd1f9b29ec59b129,trace: LeaseOS — v21.9.1 Checkpoint: Authorization & Financial Integrity Hotfix,Checkpoint/merge-planning trace only; do not treat as exact historical code
upgrade/b21-9-bank-and-ar,v22.16 prepared repository,traceability,no,b5dacbd2ea25f8361faa039632b76d1be43cb91c,trace: LeaseOS — v21.9 Checkpoint: Bank Reconciliation + Accounts Receivable,Checkpoint/merge-planning trace only; do not treat as exact historical code
upgrade/b22-0-spatial-foundation,v22.16 prepared repository,traceability,no,43c5743dedf9516761a2e5d6973af6238af43ee5,trace: LeaseOS — v22.0 Checkpoint: Spatial Foundation (routing source not loaded),Checkpoint/merge-planning trace only; do not treat as exact historical code
upgrade/b22-1-contract-terms,v22.16 prepared repository,traceability,no,6381f67cdc57518d51dbf49fd1e13a59ceaddf90,trace: LeaseOS — v22.1 Checkpoint: Contract Terms Decide; the Worker Delivers,Checkpoint/merge-planning trace only; do not treat as exact historical code
upgrade/b22-10-invoice-to-customer,v22.16 prepared repository,traceability,no,29540d136f7fa4e2905547c849d05cb3c84a3867,trace: LeaseOS — v22.10 Checkpoint: An Approved Invoice Reaches the Customer,Checkpoint/merge-planning trace only; do not treat as exact historical code
upgrade/b22-11-credits-voids,v22.16 prepared repository,traceability,no,a15206a0648b786fea2d7fc0961a21c5c392d458,"trace: LeaseOS — v22.11 Checkpoint: Credits, Voids and Supplemental Drafts",Checkpoint/merge-planning trace only; do not treat as exact historical code
upgrade/b22-12-setup-wizard,v22.16 prepared repository,traceability,no,30980a486b46f52e9516cb29f29007b638fb93f3,trace: LeaseOS — v22.12 Checkpoint: The First-Run Setup Wizard,Checkpoint/merge-planning trace only; do not treat as exact historical code
upgrade/b22-13-mapping-foundation,v22.16 prepared repository,traceability,no,31da4106af08a24d537c269be576b6154019f9f5,"trace: LeaseOS — v22.13 Checkpoint: The Mapping Foundation, From Open Data",Checkpoint/merge-planning trace only; do not treat as exact historical code
upgrade/b22-14-legal-land,v22.16 prepared repository,traceability,no,fe10af76f2827c845ecf9de85c3662a1e7766338,"trace: LeaseOS — v22.14 Checkpoint: Legal Land Both Ways, Entrances as Records",Checkpoint/merge-planning trace only; do not treat as exact historical code
upgrade/b22-15-structures-staleness,v22.16 prepared repository,traceability,no,33f11d38992b624dd39822d9a5a6fc3cbe1006ae,"trace: LeaseOS — v22.15 Checkpoint: Structures, Effective Dates, and Route Staleness",Checkpoint/merge-planning trace only; do not treat as exact historical code
upgrade/b22-16-routing-graph,v22.16 prepared repository,traceability,no,bd4b3bff10f26dddb23987388518bf9be61cb56e,trace: LeaseOS — v22.16 Checkpoint: The First Routing Graph,Checkpoint/merge-planning trace only; do not treat as exact historical code
upgrade/b22-2-terms-complete,v22.16 prepared repository,traceability,no,f2c50601448406f51284ce7a1a1d659514c4c4ec,trace: LeaseOS — v22.2 Checkpoint: Terms Complete the Closeout; COR and Insurance Packages,Checkpoint/merge-planning trace only; do not treat as exact historical code
upgrade/b22-3-money-precision,v22.16 prepared repository,traceability,no,64bb683ff4a0bb33b73f91590633062afae3fcbf,trace: LeaseOS — v22.3 Checkpoint: Money Precision,Checkpoint/merge-planning trace only; do not treat as exact historical code
upgrade/b22-4-shadows-everywhere,v22.16 prepared repository,traceability,no,4c197f463156107b1c5dd338f3c852e3bef6d3f4,trace: LeaseOS — v22.4 Checkpoint: Integer Shadows Everywhere,Checkpoint/merge-planning trace only; do not treat as exact historical code
upgrade/b22-5-1-operational-truth,v22.16 prepared repository,traceability,no,6d1a9684712a09f800d798b4eca93a1e71fb5343,trace: LeaseOS — v22.5.1 Checkpoint: Operational Truth Boundary + Legacy Surface Closure,Checkpoint/merge-planning trace only; do not treat as exact historical code
upgrade/b22-5-first-ledger-retired,v22.16 prepared repository,traceability,no,d0fb42d6eb86925d8d16d5bddb00cd22bb2191d0,trace: LeaseOS — v22.5 Checkpoint: The First Ledger Retires Its Doubles,Checkpoint/merge-planning trace only; do not treat as exact historical code
upgrade/b22-6-fuel-retired,v22.16 prepared repository,traceability,no,6aed9ba0466858ec5b89789b27d4c21f35bce4f7,trace: LeaseOS — v22.6 Checkpoint: The Fuel Ledger Retires Its Doubles,Checkpoint/merge-planning trace only; do not treat as exact historical code
upgrade/b22-7-commercial-setup,v22.16 prepared repository,traceability,no,d9ebcfa8ee742766f9d8e69b0f665c30d05ca915,trace: LeaseOS — v22.7 Checkpoint: Commercial Setup & Rate Resolution,Checkpoint/merge-planning trace only; do not treat as exact historical code
upgrade/b22-8-lines-priced,v22.16 prepared repository,traceability,no,bdb97c60aa8d9d4c5c57d3d197d062a8bc4b10bb,trace: LeaseOS — v22.8 Checkpoint: The Paths That Bill Write the Decision,Checkpoint/merge-planning trace only; do not treat as exact historical code
upgrade/b22-9-invoice-path,v22.16 prepared repository,traceability,no,37c7e2406c69c9b24eadec780dc86ab27f7c3edc,trace: LeaseOS — v22.9 Checkpoint: The Invoice Path,Checkpoint/merge-planning trace only; do not treat as exact historical code
