branch,commit,category,subject,note
archive/chat5-raw-safe,bc5f036a0b415d236cf7988c1620338e5151f29f,archive,archive: preserve Chat5 raw files except restricted assessor key,
archive/pre-b28-unified-main,50a17103ea439fbb12a4f2bb9cbdef0f9b5f2118,archive,merge: reconcile CAL05a source with unified LeaseOS history,
archive/pre-chat1-5-main,c27b8acfb4e2da230cee6349c9fae6bb7098ffc3,archive,audit: preserve B28h reconciliation evidence and uploaded verification records,Previous B28H main before Chat1-5 reconciliation.
archive/unified-v22.16-main,888482953dd8aaaa0e9e745dbba3cb7f047e813b,archive,repo: record generated branch and tag counts,
baseline/v20.2,937e2575d897836671aa2b6506d5589e15fc5f93,baseline,history: exact v20.2 baseline reconstructed from supplied cumulative patch,
candidate/b28h-widget-engine,bc91356912eb0e24d655c451fe7c96b35da8aa9b,candidate,candidate: stage B28H widget engine for real-branch reconciliation,
candidate/chat5-academy,e24502141af5044b17619b1bd08fa8d8fc5470d6,candidate,upgrade(0089): stage Academy readiness and sheet-serial candidate code,Staged Driver Academy candidate; missing SQL/production wiring.
fix/b28h-ci-pnpm-alignment,c03030ee13051a4775eed0fd3d242896542b6a3d,fix,fix(ci): align CAL05a pnpm with packageManager 10.4.1,
fix/b28h-fail-closed-permission-drift,b8b3f12038a48c2f0f46f8934404ea3b8402f547,fix,fix(auth): restore seven fail-closed permissions on CAL05a,
fix/b28h-package-script-duplicate-key,b6a6092bf41993cd4f948dff923e25dcbc33304c,fix,fix(b28h): preserve both gate scripts with unique package keys,Candidate-only B28H duplicate script-key correction.
fix/b28h-release-source-of-truth,ca7209f2d60b415543b609c24942a869469268ca,fix,fix(repo): make CAL05a release version an explicit source of truth,
fix/cal05a-ci-pnpm-alignment,b06c5b8870a591dd0208c7c11ce86920faa58ef2,fix,fix(ci): align CAL05a pnpm with packageManager 10.4.1,
fix/cal05a-fail-closed-permission-drift,653288ccb67d496f1a47bb327b4cb2a373b9037e,fix,fix(auth): restore seven fail-closed permissions on CAL05a,
fix/cal05a-release-source-of-truth,002903595e3110c1d7c6a02beba2e2a98d056cdf,fix,fix(repo): make CAL05a release version an explicit source of truth,
fix/chat5-module-paths-and-vitest,54965eecf805ca10d7ae2e78231216bff48c1d0d,fix,fix(chat5): normalize module filenames and Vitest import,Corrected Chat5 module filenames and Vitest import.
fix/ci-pnpm-alignment,471504b1b8e60a4e1971c83f0f185fc893207052,fix,ci: align pnpm action with packageManager 10.4.1,
fix/current-state-release-autodetect,9d083984c1832fbe7bc4715bd1f4012bbdb0431c,fix,fix(repo): correctly autodetect release in current-state generator,
fix/fail-closed-permission-drift,b4a7c1387eeceb619164e0146b8f8ff77632ddb2,fix,fix(auth): restore seven documented fail-closed permissions,
incoming-b28/archive/deduped-artifacts,254f06dfa73145bfc68fb5c5b830fa37ef6e508f,incoming-b28,archive: add deduplicated top-level artifacts from all four archive sets,
incoming-b28/archive/raw-inputs,87c8aae60870dbb7cf9c63b425d8de218b1d3939,incoming-b28,archive: preserve four original LeaseOS input archives byte-for-byte,
incoming-b28/candidate/b28h-widget-engine,bc91356912eb0e24d655c451fe7c96b35da8aa9b,incoming-b28,candidate: stage B28H widget engine for real-branch reconciliation,
incoming-b28/candidate/unreleased-0079-cdef,845bd782fac58ffa16b5758833a610635ee8816f,incoming-b28,snapshot: reconstruct newest complete LeaseOS source from Chat3 CAL05a archive,
incoming-b28/main,f4acba4d5774d8d18a631c38e7183943aace2624,incoming-b28,docs: record complete reconstructed branch and history index,
incoming-b28/snapshot/cal05a-v22.20,845bd782fac58ffa16b5758833a610635ee8816f,incoming-b28,snapshot: reconstruct newest complete LeaseOS source from Chat3 CAL05a archive,
incoming-b28/snapshot/v20,4186617a6a4cb599e47258c8723415c78ac00fef,incoming-b28,snapshot: reconstruct LeaseOS v20 source from Chat1 archive,
incoming-b28/snapshot/v22.16,af9adf5ce52fce7c793075a38cce63ab58db4aa8,incoming-b28,snapshot: reconstruct LeaseOS v22.16 routing-graph source from Chat2 archive,
incoming-b28/upgrade/b12-routing-evidence,4186617a6a4cb599e47258c8723415c78ac00fef,incoming-b28,snapshot: reconstruct LeaseOS v20 source from Chat1 archive,
incoming-b28/upgrade/b13-data-governance,4186617a6a4cb599e47258c8723415c78ac00fef,incoming-b28,snapshot: reconstruct LeaseOS v20 source from Chat1 archive,
incoming-b28/upgrade/b14-dispatch,4186617a6a4cb599e47258c8723415c78ac00fef,incoming-b28,snapshot: reconstruct LeaseOS v20 source from Chat1 archive,
incoming-b28/upgrade/b15-transactional-dispatch,4186617a6a4cb599e47258c8723415c78ac00fef,incoming-b28,snapshot: reconstruct LeaseOS v20 source from Chat1 archive,
incoming-b28/upgrade/b16-ci-database,4186617a6a4cb599e47258c8723415c78ac00fef,incoming-b28,snapshot: reconstruct LeaseOS v20 source from Chat1 archive,
incoming-b28/upgrade/b17-1-production-wiring,4186617a6a4cb599e47258c8723415c78ac00fef,incoming-b28,snapshot: reconstruct LeaseOS v20 source from Chat1 archive,
incoming-b28/upgrade/b17-workflow-core,4186617a6a4cb599e47258c8723415c78ac00fef,incoming-b28,snapshot: reconstruct LeaseOS v20 source from Chat1 archive,
incoming-b28/upgrade/b18-billing-adjustments,4186617a6a4cb599e47258c8723415c78ac00fef,incoming-b28,snapshot: reconstruct LeaseOS v20 source from Chat1 archive,
incoming-b28/upgrade/b19-end-to-end,4186617a6a4cb599e47258c8723415c78ac00fef,incoming-b28,snapshot: reconstruct LeaseOS v20 source from Chat1 archive,
incoming-b28/upgrade/b20-1-workflow-wiring,af9adf5ce52fce7c793075a38cce63ab58db4aa8,incoming-b28,snapshot: reconstruct LeaseOS v22.16 routing-graph source from Chat2 archive,
incoming-b28/upgrade/b20-10-verified-source-registry,af9adf5ce52fce7c793075a38cce63ab58db4aa8,incoming-b28,snapshot: reconstruct LeaseOS v22.16 routing-graph source from Chat2 archive,
incoming-b28/upgrade/b20-11-p3-typed-commit,af9adf5ce52fce7c793075a38cce63ab58db4aa8,incoming-b28,snapshot: reconstruct LeaseOS v22.16 routing-graph source from Chat2 archive,
incoming-b28/upgrade/b20-12-v20-13-promotion,af9adf5ce52fce7c793075a38cce63ab58db4aa8,incoming-b28,snapshot: reconstruct LeaseOS v22.16 routing-graph source from Chat2 archive,
incoming-b28/upgrade/b20-13-portals-funding,af9adf5ce52fce7c793075a38cce63ab58db4aa8,incoming-b28,snapshot: reconstruct LeaseOS v22.16 routing-graph source from Chat2 archive,
incoming-b28/upgrade/b20-14-v20-15-extraction-queue,af9adf5ce52fce7c793075a38cce63ab58db4aa8,incoming-b28,snapshot: reconstruct LeaseOS v22.16 routing-graph source from Chat2 archive,
incoming-b28/upgrade/b20-15-v20-16-fingerprint-disposal,af9adf5ce52fce7c793075a38cce63ab58db4aa8,incoming-b28,snapshot: reconstruct LeaseOS v22.16 routing-graph source from Chat2 archive,
incoming-b28/upgrade/b20-16-v20-17-integrity-closure,af9adf5ce52fce7c793075a38cce63ab58db4aa8,incoming-b28,snapshot: reconstruct LeaseOS v22.16 routing-graph source from Chat2 archive,
incoming-b28/upgrade/b20-17-v20-18-fuel-ledger,af9adf5ce52fce7c793075a38cce63ab58db4aa8,incoming-b28,snapshot: reconstruct LeaseOS v22.16 routing-graph source from Chat2 archive,
incoming-b28/upgrade/b20-18-v20-19-roadside-ap,af9adf5ce52fce7c793075a38cce63ab58db4aa8,incoming-b28,snapshot: reconstruct LeaseOS v22.16 routing-graph source from Chat2 archive,
incoming-b28/upgrade/b20-19-v20-20-secure-field-runtime,af9adf5ce52fce7c793075a38cce63ab58db4aa8,incoming-b28,snapshot: reconstruct LeaseOS v22.16 routing-graph source from Chat2 archive,
incoming-b28/upgrade/b20-2-authorization,af9adf5ce52fce7c793075a38cce63ab58db4aa8,incoming-b28,snapshot: reconstruct LeaseOS v22.16 routing-graph source from Chat2 archive,
incoming-b28/upgrade/b20-20-v20-21-compliance-registry,af9adf5ce52fce7c793075a38cce63ab58db4aa8,incoming-b28,snapshot: reconstruct LeaseOS v22.16 routing-graph source from Chat2 archive,
incoming-b28/upgrade/b20-21-v20-22-requirement-engine,af9adf5ce52fce7c793075a38cce63ab58db4aa8,incoming-b28,snapshot: reconstruct LeaseOS v22.16 routing-graph source from Chat2 archive,
incoming-b28/upgrade/b20-22-v20-23-insurance-risk,af9adf5ce52fce7c793075a38cce63ab58db4aa8,incoming-b28,snapshot: reconstruct LeaseOS v22.16 routing-graph source from Chat2 archive,
incoming-b28/upgrade/b20-3-authorization-enforcement,af9adf5ce52fce7c793075a38cce63ab58db4aa8,incoming-b28,snapshot: reconstruct LeaseOS v22.16 routing-graph source from Chat2 archive,
incoming-b28/upgrade/b20-4-api-migration,af9adf5ce52fce7c793075a38cce63ab58db4aa8,incoming-b28,snapshot: reconstruct LeaseOS v22.16 routing-graph source from Chat2 archive,
incoming-b28/upgrade/b20-5-payroll-finance-tax,af9adf5ce52fce7c793075a38cce63ab58db4aa8,incoming-b28,snapshot: reconstruct LeaseOS v22.16 routing-graph source from Chat2 archive,
incoming-b28/upgrade/b20-6-authorization-complete,af9adf5ce52fce7c793075a38cce63ab58db4aa8,incoming-b28,snapshot: reconstruct LeaseOS v22.16 routing-graph source from Chat2 archive,
incoming-b28/upgrade/b20-7-payroll-finance-api,af9adf5ce52fce7c793075a38cce63ab58db4aa8,incoming-b28,snapshot: reconstruct LeaseOS v22.16 routing-graph source from Chat2 archive,
incoming-b28/upgrade/b20-8-external-data-routing,af9adf5ce52fce7c793075a38cce63ab58db4aa8,incoming-b28,snapshot: reconstruct LeaseOS v22.16 routing-graph source from Chat2 archive,
incoming-b28/upgrade/b20-9-universal-permissions,af9adf5ce52fce7c793075a38cce63ab58db4aa8,incoming-b28,snapshot: reconstruct LeaseOS v22.16 routing-graph source from Chat2 archive,
incoming-b28/upgrade/b20-measurement-ladder,af9adf5ce52fce7c793075a38cce63ab58db4aa8,incoming-b28,snapshot: reconstruct LeaseOS v22.16 routing-graph source from Chat2 archive,
incoming-b28/upgrade/b20-records-vault,af9adf5ce52fce7c793075a38cce63ab58db4aa8,incoming-b28,snapshot: reconstruct LeaseOS v22.16 routing-graph source from Chat2 archive,
incoming-b28/upgrade/b21-0-universal-surfaces,af9adf5ce52fce7c793075a38cce63ab58db4aa8,incoming-b28,snapshot: reconstruct LeaseOS v22.16 routing-graph source from Chat2 archive,
incoming-b28/upgrade/b21-1-dispatch-gate,af9adf5ce52fce7c793075a38cce63ab58db4aa8,incoming-b28,snapshot: reconstruct LeaseOS v22.16 routing-graph source from Chat2 archive,
incoming-b28/upgrade/b21-10-commercial-portals,af9adf5ce52fce7c793075a38cce63ab58db4aa8,incoming-b28,snapshot: reconstruct LeaseOS v22.16 routing-graph source from Chat2 archive,
incoming-b28/upgrade/b21-11-site-signoff-chain,af9adf5ce52fce7c793075a38cce63ab58db4aa8,incoming-b28,snapshot: reconstruct LeaseOS v22.16 routing-graph source from Chat2 archive,
incoming-b28/upgrade/b21-12-portal-hardening,af9adf5ce52fce7c793075a38cce63ab58db4aa8,incoming-b28,snapshot: reconstruct LeaseOS v22.16 routing-graph source from Chat2 archive,
incoming-b28/upgrade/b21-13-customer-live-view,af9adf5ce52fce7c793075a38cce63ab58db4aa8,incoming-b28,snapshot: reconstruct LeaseOS v22.16 routing-graph source from Chat2 archive,
incoming-b28/upgrade/b21-14-customer-transaction,af9adf5ce52fce7c793075a38cce63ab58db4aa8,incoming-b28,snapshot: reconstruct LeaseOS v22.16 routing-graph source from Chat2 archive,
incoming-b28/upgrade/b21-15-fleet-shop,af9adf5ce52fce7c793075a38cce63ab58db4aa8,incoming-b28,snapshot: reconstruct LeaseOS v22.16 routing-graph source from Chat2 archive,
incoming-b28/upgrade/b21-16-capital-assets,af9adf5ce52fce7c793075a38cce63ab58db4aa8,incoming-b28,snapshot: reconstruct LeaseOS v22.16 routing-graph source from Chat2 archive,
incoming-b28/upgrade/b21-17-commercial-projects,af9adf5ce52fce7c793075a38cce63ab58db4aa8,incoming-b28,snapshot: reconstruct LeaseOS v22.16 routing-graph source from Chat2 archive,
incoming-b28/upgrade/b21-18-integration-gateway,af9adf5ce52fce7c793075a38cce63ab58db4aa8,incoming-b28,snapshot: reconstruct LeaseOS v22.16 routing-graph source from Chat2 archive,
incoming-b28/upgrade/b21-19-telematics,af9adf5ce52fce7c793075a38cce63ab58db4aa8,incoming-b28,snapshot: reconstruct LeaseOS v22.16 routing-graph source from Chat2 archive,
incoming-b28/upgrade/b21-2-dispatch-enforcement,af9adf5ce52fce7c793075a38cce63ab58db4aa8,incoming-b28,snapshot: reconstruct LeaseOS v22.16 routing-graph source from Chat2 archive,
incoming-b28/upgrade/b21-20-workforce,af9adf5ce52fce7c793075a38cce63ab58db4aa8,incoming-b28,snapshot: reconstruct LeaseOS v22.16 routing-graph source from Chat2 archive,
incoming-b28/upgrade/b21-21-audit-packages,af9adf5ce52fce7c793075a38cce63ab58db4aa8,incoming-b28,snapshot: reconstruct LeaseOS v22.16 routing-graph source from Chat2 archive,
incoming-b28/upgrade/b21-3-ifta,af9adf5ce52fce7c793075a38cce63ab58db4aa8,incoming-b28,snapshot: reconstruct LeaseOS v22.16 routing-graph source from Chat2 archive,
incoming-b28/upgrade/b21-4-bulk-fuel-statements,af9adf5ce52fce7c793075a38cce63ab58db4aa8,incoming-b28,snapshot: reconstruct LeaseOS v22.16 routing-graph source from Chat2 archive,
incoming-b28/upgrade/b21-5-period-close,af9adf5ce52fce7c793075a38cce63ab58db4aa8,incoming-b28,snapshot: reconstruct LeaseOS v22.16 routing-graph source from Chat2 archive,
incoming-b28/upgrade/b21-6-field-runtime,af9adf5ce52fce7c793075a38cce63ab58db4aa8,incoming-b28,snapshot: reconstruct LeaseOS v22.16 routing-graph source from Chat2 archive,
incoming-b28/upgrade/b21-7-portal-experience,af9adf5ce52fce7c793075a38cce63ab58db4aa8,incoming-b28,snapshot: reconstruct LeaseOS v22.16 routing-graph source from Chat2 archive,
incoming-b28/upgrade/b21-8-gst-hst,af9adf5ce52fce7c793075a38cce63ab58db4aa8,incoming-b28,snapshot: reconstruct LeaseOS v22.16 routing-graph source from Chat2 archive,
incoming-b28/upgrade/b21-9-1-integrity-hotfix,af9adf5ce52fce7c793075a38cce63ab58db4aa8,incoming-b28,snapshot: reconstruct LeaseOS v22.16 routing-graph source from Chat2 archive,
incoming-b28/upgrade/b21-9-bank-and-ar,af9adf5ce52fce7c793075a38cce63ab58db4aa8,incoming-b28,snapshot: reconstruct LeaseOS v22.16 routing-graph source from Chat2 archive,
incoming-b28/upgrade/b22-0-spatial-foundation,af9adf5ce52fce7c793075a38cce63ab58db4aa8,incoming-b28,snapshot: reconstruct LeaseOS v22.16 routing-graph source from Chat2 archive,
incoming-b28/upgrade/b22-1-contract-terms,af9adf5ce52fce7c793075a38cce63ab58db4aa8,incoming-b28,snapshot: reconstruct LeaseOS v22.16 routing-graph source from Chat2 archive,
incoming-b28/upgrade/b22-10-invoice-to-customer,af9adf5ce52fce7c793075a38cce63ab58db4aa8,incoming-b28,snapshot: reconstruct LeaseOS v22.16 routing-graph source from Chat2 archive,
incoming-b28/upgrade/b22-11-credits-voids,af9adf5ce52fce7c793075a38cce63ab58db4aa8,incoming-b28,snapshot: reconstruct LeaseOS v22.16 routing-graph source from Chat2 archive,
incoming-b28/upgrade/b22-12-setup-wizard,af9adf5ce52fce7c793075a38cce63ab58db4aa8,incoming-b28,snapshot: reconstruct LeaseOS v22.16 routing-graph source from Chat2 archive,
incoming-b28/upgrade/b22-13-mapping-foundation,af9adf5ce52fce7c793075a38cce63ab58db4aa8,incoming-b28,snapshot: reconstruct LeaseOS v22.16 routing-graph source from Chat2 archive,
incoming-b28/upgrade/b22-14-legal-land,af9adf5ce52fce7c793075a38cce63ab58db4aa8,incoming-b28,snapshot: reconstruct LeaseOS v22.16 routing-graph source from Chat2 archive,
incoming-b28/upgrade/b22-15-structures-staleness,af9adf5ce52fce7c793075a38cce63ab58db4aa8,incoming-b28,snapshot: reconstruct LeaseOS v22.16 routing-graph source from Chat2 archive,
incoming-b28/upgrade/b22-16-routing-graph,af9adf5ce52fce7c793075a38cce63ab58db4aa8,incoming-b28,snapshot: reconstruct LeaseOS v22.16 routing-graph source from Chat2 archive,
incoming-b28/upgrade/b22-17-communications,845bd782fac58ffa16b5758833a610635ee8816f,incoming-b28,snapshot: reconstruct newest complete LeaseOS source from Chat3 CAL05a archive,
incoming-b28/upgrade/b22-18-comms-dispatch,845bd782fac58ffa16b5758833a610635ee8816f,incoming-b28,snapshot: reconstruct newest complete LeaseOS source from Chat3 CAL05a archive,
incoming-b28/upgrade/b22-19-offline-package,845bd782fac58ffa16b5758833a610635ee8816f,incoming-b28,snapshot: reconstruct newest complete LeaseOS source from Chat3 CAL05a archive,
incoming-b28/upgrade/b22-2-terms-complete,af9adf5ce52fce7c793075a38cce63ab58db4aa8,incoming-b28,snapshot: reconstruct LeaseOS v22.16 routing-graph source from Chat2 archive,
incoming-b28/upgrade/b22-3-money-precision,af9adf5ce52fce7c793075a38cce63ab58db4aa8,incoming-b28,snapshot: reconstruct LeaseOS v22.16 routing-graph source from Chat2 archive,
incoming-b28/upgrade/b22-4-shadows-everywhere,af9adf5ce52fce7c793075a38cce63ab58db4aa8,incoming-b28,snapshot: reconstruct LeaseOS v22.16 routing-graph source from Chat2 archive,
incoming-b28/upgrade/b22-5-1-operational-truth,af9adf5ce52fce7c793075a38cce63ab58db4aa8,incoming-b28,snapshot: reconstruct LeaseOS v22.16 routing-graph source from Chat2 archive,
incoming-b28/upgrade/b22-5-first-ledger-retired,af9adf5ce52fce7c793075a38cce63ab58db4aa8,incoming-b28,snapshot: reconstruct LeaseOS v22.16 routing-graph source from Chat2 archive,
incoming-b28/upgrade/b22-6-fuel-retired,af9adf5ce52fce7c793075a38cce63ab58db4aa8,incoming-b28,snapshot: reconstruct LeaseOS v22.16 routing-graph source from Chat2 archive,
incoming-b28/upgrade/b22-7-commercial-setup,af9adf5ce52fce7c793075a38cce63ab58db4aa8,incoming-b28,snapshot: reconstruct LeaseOS v22.16 routing-graph source from Chat2 archive,
incoming-b28/upgrade/b22-8-lines-priced,af9adf5ce52fce7c793075a38cce63ab58db4aa8,incoming-b28,snapshot: reconstruct LeaseOS v22.16 routing-graph source from Chat2 archive,
incoming-b28/upgrade/b22-9-invoice-path,af9adf5ce52fce7c793075a38cce63ab58db4aa8,incoming-b28,snapshot: reconstruct LeaseOS v22.16 routing-graph source from Chat2 archive,
incoming-b28/upgrade/b23-widget-engine,bc91356912eb0e24d655c451fe7c96b35da8aa9b,incoming-b28,candidate: stage B28H widget engine for real-branch reconciliation,
incoming-b28/upgrade/b24-widget-runtime-integration,bc91356912eb0e24d655c451fe7c96b35da8aa9b,incoming-b28,candidate: stage B28H widget engine for real-branch reconciliation,
incoming-b28/upgrade/b25-widget-client-runtime,bc91356912eb0e24d655c451fe7c96b35da8aa9b,incoming-b28,candidate: stage B28H widget engine for real-branch reconciliation,
incoming-b28/upgrade/b26-widget-board-ux,bc91356912eb0e24d655c451fe7c96b35da8aa9b,incoming-b28,candidate: stage B28H widget engine for real-branch reconciliation,
incoming-b28/upgrade/b27-production-widget-catalogue,bc91356912eb0e24d655c451fe7c96b35da8aa9b,incoming-b28,candidate: stage B28H widget engine for real-branch reconciliation,
incoming-b28/upgrade/b28-real-branch-widget-integration,bc91356912eb0e24d655c451fe7c96b35da8aa9b,incoming-b28,candidate: stage B28H widget engine for real-branch reconciliation,
incoming-b28/upgrade/b28a-branchless-reconciliation,bc91356912eb0e24d655c451fe7c96b35da8aa9b,incoming-b28,candidate: stage B28H widget engine for real-branch reconciliation,
incoming-b28/upgrade/b28b-source-contracts,bc91356912eb0e24d655c451fe7c96b35da8aa9b,incoming-b28,candidate: stage B28H widget engine for real-branch reconciliation,
incoming-b28/upgrade/b28c-composition-semantics,bc91356912eb0e24d655c451fe7c96b35da8aa9b,incoming-b28,candidate: stage B28H widget engine for real-branch reconciliation,
incoming-b28/upgrade/b28d-semantic-contracts,bc91356912eb0e24d655c451fe7c96b35da8aa9b,incoming-b28,candidate: stage B28H widget engine for real-branch reconciliation,
incoming-b28/upgrade/b28e-registry-v2-migration,bc91356912eb0e24d655c451fe7c96b35da8aa9b,incoming-b28,candidate: stage B28H widget engine for real-branch reconciliation,
incoming-b28/upgrade/b28f-guard-integrity,bc91356912eb0e24d655c451fe7c96b35da8aa9b,incoming-b28,candidate: stage B28H widget engine for real-branch reconciliation,
incoming-b28/upgrade/b28g-guard-hardening,bc91356912eb0e24d655c451fe7c96b35da8aa9b,incoming-b28,candidate: stage B28H widget engine for real-branch reconciliation,
incoming-b28/upgrade/b28h-branch-arrival-rc,bc91356912eb0e24d655c451fe7c96b35da8aa9b,incoming-b28,candidate: stage B28H widget engine for real-branch reconciliation,
integration/b28h-recommended-fixes,b230947fddb152abb5badacab5e6213f10053d11,integration,audit: regenerate current state after CAL05a fix stack,
integration/cal05a-recommended-fixes,f3186a54bdc6a9bd7e7b66e0cdb54d20ba225618,integration,audit: regenerate current state after CAL05a fix stack,
integration/chat1-5-recommended-fixes,762eaa57a0c5c694944e0426c804386b901afe9b,integration,Merge branch 'integration/b28h-recommended-fixes' into integration/chat1-5-recommended-fixes,Prepared canonical root fixes; excludes Academy/B28H feature integration.
integration/chat5-academy-port-plan,cd9b2bdad279efc6a90798acf3d955bc1be774a3,integration,integration(chat5): document safe Academy port and migration allocation,
integration/recommended-fixes,5bcfdc26c40f8b92121ffd7e6c81f4c2c0b12c3d,integration,audit: synchronize final unified audit documents,
integration/unified-b28h-audit,ff71a1dc5894e6fbd2e41705346808fe5cd57493,integration,audit: record unified B28h merge findings and gap matrix,
integration/unified-cal05a-audit,ae3c0ae1d3eae73da2014d140d2434466563a913,integration,docs: add CAL05a unified GitHub import guide,
integration/unified-chat1-5-audit,eb1739e03189a4f51514ef363cfd692ac6432f69,integration,audit: record final Chat1-5 branch and tag counts,Full Chat1-5 merge/audit checkpoint.
integration/unified-repository-audit,9856c1f85791e05f5768248ceabe2ced8a546a36,integration,audit: keep live integration refs symbolic,
legacy/v20/archive/original-v20,291a9d25f2241a3cdd79268b5089c3c976bfa053,legacy,archive: preserve untouched nested FieldRoute v20 source,
legacy/v20/fix/ci-pnpm-alignment,5f779b7abd5e06ca79dd249c64e712699064ec45,legacy,ci: align pnpm action with packageManager 10.4.1,
legacy/v20/fix/tenant-isolation-rbac,47179b0772052c257383812189930535be6c1f21,legacy,docs: expand merge lanes for build and research checkpoints,
legacy/v20/fix/workflow-runtime-wiring,47179b0772052c257383812189930535be6c1f21,legacy,docs: expand merge lanes for build and research checkpoints,
legacy/v20/main,47179b0772052c257383812189930535be6c1f21,legacy,docs: expand merge lanes for build and research checkpoints,
legacy/v20/merge/assistant-engine,47179b0772052c257383812189930535be6c1f21,legacy,docs: expand merge lanes for build and research checkpoints,
legacy/v20/merge/assistant-wiring,47179b0772052c257383812189930535be6c1f21,legacy,docs: expand merge lanes for build and research checkpoints,
legacy/v20/merge/b12-routing-evidence,47179b0772052c257383812189930535be6c1f21,legacy,docs: expand merge lanes for build and research checkpoints,
legacy/v20/merge/b13-data-governance,47179b0772052c257383812189930535be6c1f21,legacy,docs: expand merge lanes for build and research checkpoints,
legacy/v20/merge/b14-dispatch,47179b0772052c257383812189930535be6c1f21,legacy,docs: expand merge lanes for build and research checkpoints,
legacy/v20/merge/b15-transactional-dispatch,47179b0772052c257383812189930535be6c1f21,legacy,docs: expand merge lanes for build and research checkpoints,
legacy/v20/merge/b16-ci-database,47179b0772052c257383812189930535be6c1f21,legacy,docs: expand merge lanes for build and research checkpoints,
legacy/v20/merge/b17-1-production-wiring,47179b0772052c257383812189930535be6c1f21,legacy,docs: expand merge lanes for build and research checkpoints,
legacy/v20/merge/b17-workflow-core,47179b0772052c257383812189930535be6c1f21,legacy,docs: expand merge lanes for build and research checkpoints,
legacy/v20/merge/b18-billing-adjustments,47179b0772052c257383812189930535be6c1f21,legacy,docs: expand merge lanes for build and research checkpoints,
legacy/v20/merge/b19-end-to-end,47179b0772052c257383812189930535be6c1f21,legacy,docs: expand merge lanes for build and research checkpoints,
legacy/v20/merge/billing-records-chain,47179b0772052c257383812189930535be6c1f21,legacy,docs: expand merge lanes for build and research checkpoints,
legacy/v20/merge/branch-reconciliation,47179b0772052c257383812189930535be6c1f21,legacy,docs: expand merge lanes for build and research checkpoints,
legacy/v20/merge/build-plan,47179b0772052c257383812189930535be6c1f21,legacy,docs: expand merge lanes for build and research checkpoints,
legacy/v20/merge/build-spec,47179b0772052c257383812189930535be6c1f21,legacy,docs: expand merge lanes for build and research checkpoints,
legacy/v20/merge/design-system,47179b0772052c257383812189930535be6c1f21,legacy,docs: expand merge lanes for build and research checkpoints,
legacy/v20/merge/integrated-operations,47179b0772052c257383812189930535be6c1f21,legacy,docs: expand merge lanes for build and research checkpoints,
legacy/v20/merge/spatial-loadsense,47179b0772052c257383812189930535be6c1f21,legacy,docs: expand merge lanes for build and research checkpoints,
legacy/v20/merge/taxonomy-routing,47179b0772052c257383812189930535be6c1f21,legacy,docs: expand merge lanes for build and research checkpoints,
legacy/v20/research/licensing-landscape,47179b0772052c257383812189930535be6c1f21,legacy,docs: expand merge lanes for build and research checkpoints,
main,74d99de54387894f42daa54c802e4a536eab9313,canonical,repo: audit and reconcile Chat1 through Chat5 inputs,Canonical merged application source plus Chat1-5 reconciliation metadata.
reconciled/candidate/v20-to-v22.16,f1b9e283c04f99ae55032a881b1668d661d56033,reconciled,Import exact LeaseOS v22.16 routing-graph snapshot,
reconciled/candidate/v22.16-to-cal05a,bcfe993d54c08e7c45da254312d5e0643e2e08c6,reconciled,Import exact LeaseOS CAL05a gate-verified snapshot,
reconciled/main,80b995fabfe149e6f17178a63bfce71eb0d1f715,reconciled,"Add reconciliation audit, branch map, and unique recovered artifacts",
reconciled/milestone/cal05a,bcfe993d54c08e7c45da254312d5e0643e2e08c6,reconciled,Import exact LeaseOS CAL05a gate-verified snapshot,
reconciled/milestone/v20,015bfb49aa6a69f7ca23944eeb6295107e8bf1fd,reconciled,Import exact LeaseOS v20 source snapshot,
reconciled/milestone/v22.16,f1b9e283c04f99ae55032a881b1668d661d56033,reconciled,Import exact LeaseOS v22.16 routing-graph snapshot,
reconciled/release/reconciled-2026-09-14,80b995fabfe149e6f17178a63bfce71eb0d1f715,reconciled,"Add reconciliation audit, branch map, and unique recovered artifacts",
reconciled/upgrade/b12-routing-evidence,015bfb49aa6a69f7ca23944eeb6295107e8bf1fd,reconciled,Import exact LeaseOS v20 source snapshot,
reconciled/upgrade/b13-data-governance,015bfb49aa6a69f7ca23944eeb6295107e8bf1fd,reconciled,Import exact LeaseOS v20 source snapshot,
reconciled/upgrade/b14-dispatch,015bfb49aa6a69f7ca23944eeb6295107e8bf1fd,reconciled,Import exact LeaseOS v20 source snapshot,
reconciled/upgrade/b15-transactional-dispatch,015bfb49aa6a69f7ca23944eeb6295107e8bf1fd,reconciled,Import exact LeaseOS v20 source snapshot,
reconciled/upgrade/b16-ci-database,015bfb49aa6a69f7ca23944eeb6295107e8bf1fd,reconciled,Import exact LeaseOS v20 source snapshot,
reconciled/upgrade/b17-workflow-core,015bfb49aa6a69f7ca23944eeb6295107e8bf1fd,reconciled,Import exact LeaseOS v20 source snapshot,
reconciled/upgrade/b17.1-production-wiring,015bfb49aa6a69f7ca23944eeb6295107e8bf1fd,reconciled,Import exact LeaseOS v20 source snapshot,
reconciled/upgrade/b18-billing-adjustments,015bfb49aa6a69f7ca23944eeb6295107e8bf1fd,reconciled,Import exact LeaseOS v20 source snapshot,
reconciled/upgrade/b19-end-to-end,015bfb49aa6a69f7ca23944eeb6295107e8bf1fd,reconciled,Import exact LeaseOS v20 source snapshot,
reconciled/upgrade/b20-measurement-ladder,f1b9e283c04f99ae55032a881b1668d661d56033,reconciled,Import exact LeaseOS v22.16 routing-graph snapshot,
reconciled/upgrade/b20-records-vault,f1b9e283c04f99ae55032a881b1668d661d56033,reconciled,Import exact LeaseOS v22.16 routing-graph snapshot,
reconciled/upgrade/b20.1-workflow-wiring,f1b9e283c04f99ae55032a881b1668d661d56033,reconciled,Import exact LeaseOS v22.16 routing-graph snapshot,
reconciled/upgrade/b20.10-verified-source-registry,f1b9e283c04f99ae55032a881b1668d661d56033,reconciled,Import exact LeaseOS v22.16 routing-graph snapshot,
reconciled/upgrade/b20.11-p3-typed-commit,f1b9e283c04f99ae55032a881b1668d661d56033,reconciled,Import exact LeaseOS v22.16 routing-graph snapshot,
reconciled/upgrade/b20.12-v20-13-promotion,f1b9e283c04f99ae55032a881b1668d661d56033,reconciled,Import exact LeaseOS v22.16 routing-graph snapshot,
reconciled/upgrade/b20.13-portals-funding,f1b9e283c04f99ae55032a881b1668d661d56033,reconciled,Import exact LeaseOS v22.16 routing-graph snapshot,
reconciled/upgrade/b20.14-v20-15-extraction-queue,f1b9e283c04f99ae55032a881b1668d661d56033,reconciled,Import exact LeaseOS v22.16 routing-graph snapshot,
reconciled/upgrade/b20.15-v20-16-fingerprint-disposal,f1b9e283c04f99ae55032a881b1668d661d56033,reconciled,Import exact LeaseOS v22.16 routing-graph snapshot,
reconciled/upgrade/b20.16-v20-17-integrity-closure,f1b9e283c04f99ae55032a881b1668d661d56033,reconciled,Import exact LeaseOS v22.16 routing-graph snapshot,
reconciled/upgrade/b20.17-v20-18-fuel-ledger,f1b9e283c04f99ae55032a881b1668d661d56033,reconciled,Import exact LeaseOS v22.16 routing-graph snapshot,
reconciled/upgrade/b20.18-v20-19-roadside-ap,f1b9e283c04f99ae55032a881b1668d661d56033,reconciled,Import exact LeaseOS v22.16 routing-graph snapshot,
reconciled/upgrade/b20.19-v20-20-secure-field-runtime,f1b9e283c04f99ae55032a881b1668d661d56033,reconciled,Import exact LeaseOS v22.16 routing-graph snapshot,
reconciled/upgrade/b20.2-authorization,f1b9e283c04f99ae55032a881b1668d661d56033,reconciled,Import exact LeaseOS v22.16 routing-graph snapshot,
reconciled/upgrade/b20.20-v20-21-compliance-registry,f1b9e283c04f99ae55032a881b1668d661d56033,reconciled,Import exact LeaseOS v22.16 routing-graph snapshot,
reconciled/upgrade/b20.21-v20-22-requirement-engine,f1b9e283c04f99ae55032a881b1668d661d56033,reconciled,Import exact LeaseOS v22.16 routing-graph snapshot,
reconciled/upgrade/b20.22-v20-23-insurance-risk,f1b9e283c04f99ae55032a881b1668d661d56033,reconciled,Import exact LeaseOS v22.16 routing-graph snapshot,
reconciled/upgrade/b20.3-authorization-enforcement,f1b9e283c04f99ae55032a881b1668d661d56033,reconciled,Import exact LeaseOS v22.16 routing-graph snapshot,
reconciled/upgrade/b20.4-api-migration,f1b9e283c04f99ae55032a881b1668d661d56033,reconciled,Import exact LeaseOS v22.16 routing-graph snapshot,
reconciled/upgrade/b20.5-payroll-finance-tax,f1b9e283c04f99ae55032a881b1668d661d56033,reconciled,Import exact LeaseOS v22.16 routing-graph snapshot,
reconciled/upgrade/b20.6-authorization-complete,f1b9e283c04f99ae55032a881b1668d661d56033,reconciled,Import exact LeaseOS v22.16 routing-graph snapshot,
reconciled/upgrade/b20.7-payroll-finance-api,f1b9e283c04f99ae55032a881b1668d661d56033,reconciled,Import exact LeaseOS v22.16 routing-graph snapshot,
reconciled/upgrade/b20.8-external-data-routing,f1b9e283c04f99ae55032a881b1668d661d56033,reconciled,Import exact LeaseOS v22.16 routing-graph snapshot,
reconciled/upgrade/b20.9-universal-permissions,f1b9e283c04f99ae55032a881b1668d661d56033,reconciled,Import exact LeaseOS v22.16 routing-graph snapshot,
reconciled/upgrade/b21.0-universal-surfaces,f1b9e283c04f99ae55032a881b1668d661d56033,reconciled,Import exact LeaseOS v22.16 routing-graph snapshot,
reconciled/upgrade/b21.1-dispatch-gate,f1b9e283c04f99ae55032a881b1668d661d56033,reconciled,Import exact LeaseOS v22.16 routing-graph snapshot,
reconciled/upgrade/b21.10-commercial-portals,f1b9e283c04f99ae55032a881b1668d661d56033,reconciled,Import exact LeaseOS v22.16 routing-graph snapshot,
reconciled/upgrade/b21.11-site-signoff-chain,f1b9e283c04f99ae55032a881b1668d661d56033,reconciled,Import exact LeaseOS v22.16 routing-graph snapshot,
reconciled/upgrade/b21.12-portal-hardening,f1b9e283c04f99ae55032a881b1668d661d56033,reconciled,Import exact LeaseOS v22.16 routing-graph snapshot,
reconciled/upgrade/b21.13-customer-live-view,f1b9e283c04f99ae55032a881b1668d661d56033,reconciled,Import exact LeaseOS v22.16 routing-graph snapshot,
reconciled/upgrade/b21.14-customer-transaction,f1b9e283c04f99ae55032a881b1668d661d56033,reconciled,Import exact LeaseOS v22.16 routing-graph snapshot,
reconciled/upgrade/b21.15-fleet-shop,f1b9e283c04f99ae55032a881b1668d661d56033,reconciled,Import exact LeaseOS v22.16 routing-graph snapshot,
reconciled/upgrade/b21.16-capital-assets,f1b9e283c04f99ae55032a881b1668d661d56033,reconciled,Import exact LeaseOS v22.16 routing-graph snapshot,
reconciled/upgrade/b21.17-commercial-projects,f1b9e283c04f99ae55032a881b1668d661d56033,reconciled,Import exact LeaseOS v22.16 routing-graph snapshot,
reconciled/upgrade/b21.18-integration-gateway,f1b9e283c04f99ae55032a881b1668d661d56033,reconciled,Import exact LeaseOS v22.16 routing-graph snapshot,
reconciled/upgrade/b21.19-telematics,f1b9e283c04f99ae55032a881b1668d661d56033,reconciled,Import exact LeaseOS v22.16 routing-graph snapshot,
reconciled/upgrade/b21.2-dispatch-enforcement,f1b9e283c04f99ae55032a881b1668d661d56033,reconciled,Import exact LeaseOS v22.16 routing-graph snapshot,
reconciled/upgrade/b21.20-workforce,f1b9e283c04f99ae55032a881b1668d661d56033,reconciled,Import exact LeaseOS v22.16 routing-graph snapshot,
reconciled/upgrade/b21.21-audit-packages,f1b9e283c04f99ae55032a881b1668d661d56033,reconciled,Import exact LeaseOS v22.16 routing-graph snapshot,
reconciled/upgrade/b21.3-ifta,f1b9e283c04f99ae55032a881b1668d661d56033,reconciled,Import exact LeaseOS v22.16 routing-graph snapshot,
reconciled/upgrade/b21.4-bulk-fuel-statements,f1b9e283c04f99ae55032a881b1668d661d56033,reconciled,Import exact LeaseOS v22.16 routing-graph snapshot,
reconciled/upgrade/b21.5-period-close,f1b9e283c04f99ae55032a881b1668d661d56033,reconciled,Import exact LeaseOS v22.16 routing-graph snapshot,
reconciled/upgrade/b21.6-field-runtime,f1b9e283c04f99ae55032a881b1668d661d56033,reconciled,Import exact LeaseOS v22.16 routing-graph snapshot,
reconciled/upgrade/b21.7-portal-experience,f1b9e283c04f99ae55032a881b1668d661d56033,reconciled,Import exact LeaseOS v22.16 routing-graph snapshot,
reconciled/upgrade/b21.8-gst-hst,f1b9e283c04f99ae55032a881b1668d661d56033,reconciled,Import exact LeaseOS v22.16 routing-graph snapshot,
reconciled/upgrade/b21.9-bank-and-ar,f1b9e283c04f99ae55032a881b1668d661d56033,reconciled,Import exact LeaseOS v22.16 routing-graph snapshot,
reconciled/upgrade/b21.9.1-integrity-hotfix,f1b9e283c04f99ae55032a881b1668d661d56033,reconciled,Import exact LeaseOS v22.16 routing-graph snapshot,
reconciled/upgrade/b22.0-spatial-foundation,f1b9e283c04f99ae55032a881b1668d661d56033,reconciled,Import exact LeaseOS v22.16 routing-graph snapshot,
reconciled/upgrade/b22.1-contract-terms,f1b9e283c04f99ae55032a881b1668d661d56033,reconciled,Import exact LeaseOS v22.16 routing-graph snapshot,
reconciled/upgrade/b22.10-invoice-to-customer,f1b9e283c04f99ae55032a881b1668d661d56033,reconciled,Import exact LeaseOS v22.16 routing-graph snapshot,
reconciled/upgrade/b22.11-credits-voids,f1b9e283c04f99ae55032a881b1668d661d56033,reconciled,Import exact LeaseOS v22.16 routing-graph snapshot,
reconciled/upgrade/b22.12-setup-wizard,f1b9e283c04f99ae55032a881b1668d661d56033,reconciled,Import exact LeaseOS v22.16 routing-graph snapshot,
reconciled/upgrade/b22.13-mapping-foundation,f1b9e283c04f99ae55032a881b1668d661d56033,reconciled,Import exact LeaseOS v22.16 routing-graph snapshot,
reconciled/upgrade/b22.14-legal-land,f1b9e283c04f99ae55032a881b1668d661d56033,reconciled,Import exact LeaseOS v22.16 routing-graph snapshot,
reconciled/upgrade/b22.15-structures-staleness,f1b9e283c04f99ae55032a881b1668d661d56033,reconciled,Import exact LeaseOS v22.16 routing-graph snapshot,
reconciled/upgrade/b22.16-routing-graph,f1b9e283c04f99ae55032a881b1668d661d56033,reconciled,Import exact LeaseOS v22.16 routing-graph snapshot,
reconciled/upgrade/b22.17-communications,bcfe993d54c08e7c45da254312d5e0643e2e08c6,reconciled,Import exact LeaseOS CAL05a gate-verified snapshot,
reconciled/upgrade/b22.18-comms-dispatch,bcfe993d54c08e7c45da254312d5e0643e2e08c6,reconciled,Import exact LeaseOS CAL05a gate-verified snapshot,
reconciled/upgrade/b22.19-offline-package,bcfe993d54c08e7c45da254312d5e0643e2e08c6,reconciled,Import exact LeaseOS CAL05a gate-verified snapshot,
reconciled/upgrade/b22.2-terms-complete,f1b9e283c04f99ae55032a881b1668d661d56033,reconciled,Import exact LeaseOS v22.16 routing-graph snapshot,
reconciled/upgrade/b22.3-money-precision,f1b9e283c04f99ae55032a881b1668d661d56033,reconciled,Import exact LeaseOS v22.16 routing-graph snapshot,
reconciled/upgrade/b22.4-shadows-everywhere,f1b9e283c04f99ae55032a881b1668d661d56033,reconciled,Import exact LeaseOS v22.16 routing-graph snapshot,
reconciled/upgrade/b22.5-first-ledger-retired,f1b9e283c04f99ae55032a881b1668d661d56033,reconciled,Import exact LeaseOS v22.16 routing-graph snapshot,
reconciled/upgrade/b22.5.1-operational-truth,f1b9e283c04f99ae55032a881b1668d661d56033,reconciled,Import exact LeaseOS v22.16 routing-graph snapshot,
reconciled/upgrade/b22.6-fuel-retired,f1b9e283c04f99ae55032a881b1668d661d56033,reconciled,Import exact LeaseOS v22.16 routing-graph snapshot,
reconciled/upgrade/b22.7-commercial-setup,f1b9e283c04f99ae55032a881b1668d661d56033,reconciled,Import exact LeaseOS v22.16 routing-graph snapshot,
reconciled/upgrade/b22.8-lines-priced,f1b9e283c04f99ae55032a881b1668d661d56033,reconciled,Import exact LeaseOS v22.16 routing-graph snapshot,
reconciled/upgrade/b22.9-invoice-path,f1b9e283c04f99ae55032a881b1668d661d56033,reconciled,Import exact LeaseOS v22.16 routing-graph snapshot,
restricted/chat5-assessor-key,cc33ee3ad29a36fee8b0276b8f09919ebc9539a5,restricted,restricted: preserve confidential Academy assessor answer key,CONFIDENTIAL: private-only ref; never merge to main.
source/cal05a-original,bcfe993d54c08e7c45da254312d5e0643e2e08c6,source,Import exact LeaseOS CAL05a gate-verified snapshot,
source/chat1-5-reconciled-main,74d99de54387894f42daa54c802e4a536eab9313,source,repo: audit and reconcile Chat1 through Chat5 inputs,Exact supplied Chat1-5 reconciled main.
source/reconciled-b28-main,f4acba4d5774d8d18a631c38e7183943aace2624,source,docs: record complete reconstructed branch and history index,
source/v20-reconciled,015bfb49aa6a69f7ca23944eeb6295107e8bf1fd,source,Import exact LeaseOS v20 source snapshot,
source/v22.16-original,cbb9d18ca871870cef949555a8d460bc59b09396,source,history: import exact supplied LeaseOS v22.16 source snapshot,
source/v22.16-reconciled,f1b9e283c04f99ae55032a881b1668d661d56033,source,Import exact LeaseOS v22.16 routing-graph snapshot,
upgrade/0087-driver-academy,d2d458cab6272de05a64254b6e71b1d6d0ee1494,upgrade,upgrade(0087): stage Driver Academy and crew-readiness material,Chat5 Academy progression / traceability candidate.
upgrade/0088-academy-hardening,d0ad2f129d9a3e065a0fcf44b05131f07bd3d388,upgrade,upgrade(0088): stage Academy hardening review and migration-runner candidate,Chat5 Academy progression / traceability candidate.
upgrade/0089-academy-readiness,e24502141af5044b17619b1bd08fa8d8fc5470d6,upgrade,upgrade(0089): stage Academy readiness and sheet-serial candidate code,Chat5 Academy progression / traceability candidate.
upgrade/b12-routing-evidence,c507d8208adefb15d2c2e3eed829e513d44f2556,upgrade,trace: LeaseOS — B12: Routing Constraint Compiler + Evidence Ledger,
upgrade/b13-data-governance,2a9c0cc559bfbdea2b4d51e8ee6fe9a8eef94265,upgrade,trace: LeaseOS — B13: Data Governance & Road Graph,
upgrade/b14-dispatch,d0284db1dff54e6b6d4a8bcaacf0b951b743ba87,upgrade,trace: LeaseOS — B14: Dispatch Operations Centre,
upgrade/b15-transactional-dispatch,bb0e5b40aef2bfe014762517acdffe4d4f0005da,upgrade,trace: LeaseOS — B15: Transactional Dispatch Backend,
upgrade/b16-ci-database,b7b9534d89081906b4b799514291a3e1248b8dea,upgrade,"trace: LeaseOS — B16: Disposable database, and what it revealed",
upgrade/b17-1-production-wiring,c923278d56d4fc0e905d344fa845a1b419a11c54,upgrade,trace: LeaseOS — B17.1: Production Workflow Wiring,
upgrade/b17-workflow-core,94af1060db4309557cf0ea83dfcfc9be43981baa,upgrade,trace: LeaseOS — B17: Workflow Orchestration Core,
upgrade/b18-billing-adjustments,75ebceb920b0ecaf44ef9644cef813f78f244806,upgrade,"trace: LeaseOS — B18: Billing Adjustments, Disputes & Third-Party Work",
upgrade/b19-end-to-end,53fa5986c970871f745a843d89b510cd65631b7d,upgrade,"trace: LeaseOS — B19: The Chain, Joined",
upgrade/b20-1-workflow-wiring,832c92b97ea73824026ee117957cc0e690c54e67,upgrade,trace: LeaseOS — B20.1 Checkpoint: Records & Safety Wired Into the Workflow Engine,
upgrade/b20-10-verified-source-registry,90a03441c480a440a20b9497808fd5a21a2fb9e3,upgrade,trace: LeaseOS — v20.12.2 Checkpoint: Verified Source Registry,
upgrade/b20-11-p3-typed-commit,35d1d353294014f37e6771b2301694eae23dee77,upgrade,trace: LeaseOS — v20.13-dev1 Checkpoint: P3 Typed Assistant Commit Boundary,
upgrade/b20-12-v20-13-promotion,c37a099dc5896aef01e24924d763ad1372fed331,upgrade,trace: LeaseOS — v20.13 Checkpoint: P3 Typed Commit Boundary (candidate promoted),
upgrade/b20-13-portals-funding,14dce420d80cdd38792f8dcb689c7801e5faf291,upgrade,trace: LeaseOS — v20.14 Checkpoint: Portal Composition + Funding Knowledge Panel,
upgrade/b20-14-v20-15-extraction-queue,e81f70b22baf8db8ba9538b0e937fe09ffaf1417,upgrade,trace: LeaseOS — v20.15 Checkpoint: Document Extraction + Question Queue + Funding Persistence,
upgrade/b20-15-v20-16-fingerprint-disposal,dfd161a2112248e44fec6dbd0bee3862545f4eaf,upgrade,trace: LeaseOS — v20.16 Checkpoint: Fingerprinting + Disposal Tickets + Merchant Memory,
upgrade/b20-16-v20-17-integrity-closure,5e1f0ed00da792f5025cd178d93cbd8f21fb5671,upgrade,trace: LeaseOS — v20.17 Checkpoint: P3 Integrity Closure,
upgrade/b20-17-v20-18-fuel-ledger,31e546497a7a02b35ebe48a50d0710f639af51e9,upgrade,trace: LeaseOS — v20.18 Checkpoint: Fuel & Energy Ledger,
upgrade/b20-18-v20-19-roadside-ap,30eac5d01d08967e116180495c76fe7f7e8b9001,upgrade,trace: LeaseOS — v20.19 Checkpoint: Roadside Events + Purchasing + Accounts Payable Spine,
upgrade/b20-19-v20-20-secure-field-runtime,23b6b8f5531ca480fa068a3b4f9e6e012e66572a,upgrade,trace: LeaseOS — v20.20 Checkpoint: P4 Secure Field Runtime (server half),
upgrade/b20-2-authorization,16ed85d8bd040d23851ef28fb728c53b69b5652b,upgrade,trace: LeaseOS — B20.2 Checkpoint: Server-Enforced Domain Authorization,
upgrade/b20-20-v20-21-compliance-registry,5aedd295d3a2196aad70a85ed98d0adc4ed367bd,upgrade,trace: LeaseOS — v20.21 Checkpoint: Compliance Master Registry,
upgrade/b20-21-v20-22-requirement-engine,025c1c6ee8acf43cd6757f730223301eb12daaf9,upgrade,trace: LeaseOS — v20.22 Checkpoint: Generalized Requirement Engine + Packs + Calibration,
upgrade/b20-22-v20-23-insurance-risk,bc287564959d4744d36adb3a503333d4b918fd1f,upgrade,trace: LeaseOS — v20.23 Checkpoint: Insurance & Risk,
upgrade/b20-3-authorization-enforcement,59706be19aa1cdc6d875808cd0619aeb4d54be50,upgrade,trace: LeaseOS — B20.3 Checkpoint: Authorization Enforcement + Records API,
upgrade/b20-4-api-migration,ed8691591d4e47d8c6a4a49b89c3d58b95031e5d,upgrade,trace: LeaseOS — B20.4 Checkpoint: Operational API Migration (Tranche 1),
upgrade/b20-5-payroll-finance-tax,20ec3fb5b22305ae91623b0cecb916d4a4d043c5,upgrade,"trace: LeaseOS — B20.5 Checkpoint: Payroll, Finance & Tax Foundation",
upgrade/b20-6-authorization-complete,700622577edc5a4335d2159acdb75a6b89d8efec,upgrade,trace: LeaseOS — B20.6 Checkpoint: Authorization Migration Complete (P1),
upgrade/b20-7-payroll-finance-api,a95c2e961624765def8e41e40d8d20d6b8387dcb,upgrade,"trace: LeaseOS — B20.7 Checkpoint: Payroll, Finance & Tax API (P2)",
upgrade/b20-8-external-data-routing,3ef4027e75f9aef63f40678913a6cc7ed7ba999d,upgrade,trace: LeaseOS — B20.8 Checkpoint: External Data Foundation + Routing Adapter,
upgrade/b20-9-universal-permissions,0fc28d5a417f424c043c5c3b016155f4a4d995b9,upgrade,trace: LeaseOS — v20.12.1 Checkpoint: Universal Permissions,
upgrade/b20-measurement-ladder,cd22f9078f23f375f865e8e0f25d5b03b25d7f80,upgrade,trace: LeaseOS — B20 Checkpoint: Verified Baseline + Measurement Quality Ladder,
upgrade/b20-records-vault,07b3d402d8aec56ab4bbfb85cbf9c3694955096c,upgrade,"trace: LeaseOS — B20 Checkpoint: Records, Evidence & Compliance Vault",
upgrade/b21-0-universal-surfaces,5f178f97f2ffbeaccf89199dce4c1163008b1716,upgrade,"trace: LeaseOS — v21.0 Checkpoint: Universal Surfaces (Exception Centre, Inbox, My Day, Search, Timeline)",
upgrade/b21-1-dispatch-gate,7c45cb49b62b2ad0881f589d57c98b8f4acf141c,upgrade,"trace: LeaseOS — v21.1 Checkpoint: The Dispatch Gate, Reachable",
upgrade/b21-10-commercial-portals,26cda2baf9393790ad48c76aa9e3e31d6d803223,upgrade,"trace: LeaseOS — v21.10 Checkpoint: Commercial Core + External Portals (vendor, customer, facility)",
upgrade/b21-11-site-signoff-chain,d4120139448f1255de1e39d345ea682150144c25,upgrade,trace: LeaseOS — v21.11 Checkpoint: Site Sign-Off & Post-Site Billing Chain (promotion of an unauthored arr,
upgrade/b21-12-portal-hardening,adaedcb90e9c567afc90842cc25fd3405b307a4b,upgrade,trace: LeaseOS — v21.12 Checkpoint: Portal Identity Hardening + Billing Closeout Completion,
upgrade/b21-13-customer-live-view,a042d893fbe955b245517dc0cc09a02373e175f4,upgrade,trace: LeaseOS — v21.13 Checkpoint: Customer Live View + Portal Client Shell,
upgrade/b21-14-customer-transaction,6bb424c894ab0fbc59df221500d8992232dc8ff1,upgrade,trace: LeaseOS — v21.14 Checkpoint: Customer Transaction & Field Closeout Completion (with v21.13.1 Documen,
upgrade/b21-15-fleet-shop,1f41b3d39de990512cc4d01076fe87acd43a348a,upgrade,trace: LeaseOS — v21.15 Checkpoint: Fleet Shop OS,
upgrade/b21-16-capital-assets,5c943441f74aedf25b5e61c92ef3aa27f45af505,upgrade,trace: LeaseOS — v21.16 Checkpoint: Capital Assets + CCA + Asset Twin,
upgrade/b21-17-commercial-projects,6617654c083c5c3f5dae12de66ce73998630d0e2,upgrade,trace: LeaseOS — v21.17 Checkpoint: Commercial Project Management,
upgrade/b21-18-integration-gateway,4c97605ceb907ade57bde1afb90ec6f7a40feee6,upgrade,trace: LeaseOS — v21.18 Checkpoint: Integration Gateway,
upgrade/b21-19-telematics,48aa3fda8193aeffe934573227ddfb710633e71d,upgrade,trace: LeaseOS — v21.19 Checkpoint: Telematics & Video Safety,
upgrade/b21-2-dispatch-enforcement,4169e3a1b7f047d4d1661e076372ad2a0e59069e,upgrade,trace: LeaseOS — v21.2 Checkpoint: Dispatch Enforcement on the Legacy Path,
upgrade/b21-20-workforce,2ebff64c425182d4e7bc6b5e15512abde40e1b23,upgrade,trace: LeaseOS — v21.20 Checkpoint: Workforce Lifecycle,
upgrade/b21-21-audit-packages,8950db96eab09f70f11c8818bd9d2e60bd237bc8,upgrade,trace: LeaseOS — v21.21 Checkpoint: Audit Package Builder,
upgrade/b21-3-ifta,77bde23cbdae15543dd276f3d6ceb4bb7d474baa,upgrade,trace: LeaseOS — v21.3 Checkpoint: IFTA on the Fuel Ledger,
upgrade/b21-4-bulk-fuel-statements,4b281ac912ead5dfd4c3997c36789361b86a4d89,upgrade,"trace: LeaseOS — v21.4 Checkpoint: Bulk Fuel, Statement Import, Anomalies",
upgrade/b21-5-period-close,f90c43da8ecfec553673e33d38246679e5f224a0,upgrade,trace: LeaseOS — v21.5 Checkpoint: Period Close + Fuel-Line Exceptions,
upgrade/b21-6-field-runtime,44cfe40b3a8e3a43c90277babb0ddf0ea94a9b2b,upgrade,trace: LeaseOS — v21.6 Checkpoint: Secure Field Runtime — the client half that can be proven here,
upgrade/b21-7-portal-experience,4d48772f1e2c4ef248736f0d2bb97b59ac8f218d,upgrade,trace: LeaseOS — v21.7 Checkpoint: Portal Experience,
upgrade/b21-8-gst-hst,f3e0e0d4f911af5507d1b6c1d88c4e45031a1f44,upgrade,trace: LeaseOS — v21.8 Checkpoint: GST/HST Return Assembly + Close Expansion,
upgrade/b21-9-1-integrity-hotfix,83b45967a7200d8445f49bc6bd1f9b29ec59b129,upgrade,trace: LeaseOS — v21.9.1 Checkpoint: Authorization & Financial Integrity Hotfix,
upgrade/b21-9-bank-and-ar,b5dacbd2ea25f8361faa039632b76d1be43cb91c,upgrade,trace: LeaseOS — v21.9 Checkpoint: Bank Reconciliation + Accounts Receivable,
upgrade/b22-0-spatial-foundation,43c5743dedf9516761a2e5d6973af6238af43ee5,upgrade,trace: LeaseOS — v22.0 Checkpoint: Spatial Foundation (routing source not loaded),
upgrade/b22-1-contract-terms,6381f67cdc57518d51dbf49fd1e13a59ceaddf90,upgrade,trace: LeaseOS — v22.1 Checkpoint: Contract Terms Decide; the Worker Delivers,
upgrade/b22-10-invoice-to-customer,29540d136f7fa4e2905547c849d05cb3c84a3867,upgrade,trace: LeaseOS — v22.10 Checkpoint: An Approved Invoice Reaches the Customer,
upgrade/b22-11-credits-voids,a15206a0648b786fea2d7fc0961a21c5c392d458,upgrade,"trace: LeaseOS — v22.11 Checkpoint: Credits, Voids and Supplemental Drafts",
upgrade/b22-12-setup-wizard,30980a486b46f52e9516cb29f29007b638fb93f3,upgrade,trace: LeaseOS — v22.12 Checkpoint: The First-Run Setup Wizard,
upgrade/b22-13-mapping-foundation,31da4106af08a24d537c269be576b6154019f9f5,upgrade,"trace: LeaseOS — v22.13 Checkpoint: The Mapping Foundation, From Open Data",
upgrade/b22-14-legal-land,fe10af76f2827c845ecf9de85c3662a1e7766338,upgrade,"trace: LeaseOS — v22.14 Checkpoint: Legal Land Both Ways, Entrances as Records",
upgrade/b22-15-structures-staleness,33f11d38992b624dd39822d9a5a6fc3cbe1006ae,upgrade,"trace: LeaseOS — v22.15 Checkpoint: Structures, Effective Dates, and Route Staleness",
upgrade/b22-16-routing-graph,bd4b3bff10f26dddb23987388518bf9be61cb56e,upgrade,trace: LeaseOS — v22.16 Checkpoint: The First Routing Graph,
upgrade/b22-17-communications,bcfe993d54c08e7c45da254312d5e0643e2e08c6,upgrade,Import exact LeaseOS CAL05a gate-verified snapshot,
upgrade/b22-18-comms-dispatch,bcfe993d54c08e7c45da254312d5e0643e2e08c6,upgrade,Import exact LeaseOS CAL05a gate-verified snapshot,
upgrade/b22-19-offline-package,bcfe993d54c08e7c45da254312d5e0643e2e08c6,upgrade,Import exact LeaseOS CAL05a gate-verified snapshot,
upgrade/b22-2-terms-complete,f2c50601448406f51284ce7a1a1d659514c4c4ec,upgrade,trace: LeaseOS — v22.2 Checkpoint: Terms Complete the Closeout; COR and Insurance Packages,
upgrade/b22-3-money-precision,64bb683ff4a0bb33b73f91590633062afae3fcbf,upgrade,trace: LeaseOS — v22.3 Checkpoint: Money Precision,
upgrade/b22-4-shadows-everywhere,4c197f463156107b1c5dd338f3c852e3bef6d3f4,upgrade,trace: LeaseOS — v22.4 Checkpoint: Integer Shadows Everywhere,
upgrade/b22-5-1-operational-truth,6d1a9684712a09f800d798b4eca93a1e71fb5343,upgrade,trace: LeaseOS — v22.5.1 Checkpoint: Operational Truth Boundary + Legacy Surface Closure,
upgrade/b22-5-first-ledger-retired,d0fb42d6eb86925d8d16d5bddb00cd22bb2191d0,upgrade,trace: LeaseOS — v22.5 Checkpoint: The First Ledger Retires Its Doubles,
upgrade/b22-6-fuel-retired,6aed9ba0466858ec5b89789b27d4c21f35bce4f7,upgrade,trace: LeaseOS — v22.6 Checkpoint: The Fuel Ledger Retires Its Doubles,
upgrade/b22-7-commercial-setup,d9ebcfa8ee742766f9d8e69b0f665c30d05ca915,upgrade,trace: LeaseOS — v22.7 Checkpoint: Commercial Setup & Rate Resolution,
upgrade/b22-8-lines-priced,bdb97c60aa8d9d4c5c57d3d197d062a8bc4b10bb,upgrade,trace: LeaseOS — v22.8 Checkpoint: The Paths That Bill Write the Decision,
upgrade/b22-9-invoice-path,37c7e2406c69c9b24eadec780dc86ab27f7c3edc,upgrade,trace: LeaseOS — v22.9 Checkpoint: The Invoice Path,
upgrade/b23-widget-engine,bc91356912eb0e24d655c451fe7c96b35da8aa9b,upgrade,candidate: stage B28H widget engine for real-branch reconciliation,
upgrade/b24-widget-runtime-integration,bc91356912eb0e24d655c451fe7c96b35da8aa9b,upgrade,candidate: stage B28H widget engine for real-branch reconciliation,
upgrade/b25-widget-client-runtime,bc91356912eb0e24d655c451fe7c96b35da8aa9b,upgrade,candidate: stage B28H widget engine for real-branch reconciliation,
upgrade/b26-widget-board-ux,bc91356912eb0e24d655c451fe7c96b35da8aa9b,upgrade,candidate: stage B28H widget engine for real-branch reconciliation,
upgrade/b27-production-widget-catalogue,bc91356912eb0e24d655c451fe7c96b35da8aa9b,upgrade,candidate: stage B28H widget engine for real-branch reconciliation,
upgrade/b28-real-branch-widget-integration,bc91356912eb0e24d655c451fe7c96b35da8aa9b,upgrade,candidate: stage B28H widget engine for real-branch reconciliation,
upgrade/b28a-branchless-reconciliation,bc91356912eb0e24d655c451fe7c96b35da8aa9b,upgrade,candidate: stage B28H widget engine for real-branch reconciliation,
upgrade/b28b-source-contracts,bc91356912eb0e24d655c451fe7c96b35da8aa9b,upgrade,candidate: stage B28H widget engine for real-branch reconciliation,
upgrade/b28c-composition-semantics,bc91356912eb0e24d655c451fe7c96b35da8aa9b,upgrade,candidate: stage B28H widget engine for real-branch reconciliation,
upgrade/b28d-semantic-contracts,bc91356912eb0e24d655c451fe7c96b35da8aa9b,upgrade,candidate: stage B28H widget engine for real-branch reconciliation,
upgrade/b28e-registry-v2-migration,bc91356912eb0e24d655c451fe7c96b35da8aa9b,upgrade,candidate: stage B28H widget engine for real-branch reconciliation,
upgrade/b28f-guard-integrity,bc91356912eb0e24d655c451fe7c96b35da8aa9b,upgrade,candidate: stage B28H widget engine for real-branch reconciliation,
upgrade/b28g-guard-hardening,bc91356912eb0e24d655c451fe7c96b35da8aa9b,upgrade,candidate: stage B28H widget engine for real-branch reconciliation,
upgrade/b28h-branch-arrival-rc,bc91356912eb0e24d655c451fe7c96b35da8aa9b,upgrade,candidate: stage B28H widget engine for real-branch reconciliation,
