severity,area,status,finding,recommended_branch,next_action
HIGH,Authorization,FIX_READY,"CAL05a contains 112 fail-closed permissions, but the same seven truth-changing actions identified in the v22.16 audit remain outside SENSITIVE_PERMISSIONS: invoicing.void, invoicing.dispute.resolve, geo.import, geo.locationVerifyFromGrid, geo.access.decide, spatial.structure.verify, spatial.route.approve. The actions remain in the Permission union/routers/grants.",fix/cal05a-fail-closed-permission-drift,Review and merge the prepared CAL05a fix; rerun authorization tests and the current-state gate. Expected sensitive count after fix: 119.
MEDIUM,CI reproducibility,FIX_READY,package.json pins pnpm 10.4.1 while .github/workflows/ci.yml still installs pnpm 9.,fix/cal05a-ci-pnpm-alignment,Merge the prepared fix and rerun the full CI gate from an empty database.
MEDIUM,Release/version source of truth,FIX_READY,"Committed LEASEOS_CURRENT_STATE.md says v22.20, but the latest supplied checkpoint document is B22.19. The default current-state generator emits LEASEOS.B22.19.OFFLINE.PACKAGE.md instead of a version. CAL05a includes v22.20-labelled code without a supplied B22.20 checkpoint document.",fix/cal05a-release-source-of-truth,Use the prepared explicit LEASEOS_RELEASE marker; do not fabricate a B22.20 historical checkpoint.
HIGH,Workflow operations,PARTIAL,"The workflow engine, runtime and durable drain worker exist and are DB-tested, but the project itself states that nothing in the production server lifecycle starts the worker; workflowInstances, workflowTransitions and billingAuthorityBands remain schema-reserved without reachable production behavior.",feature/workflow-worker-runtime,"Add a supervised production worker entrypoint, health/readiness, graceful shutdown, deployment wiring and telemetry; either implement or explicitly retire reserved workflow tables."
HIGH,Mobile/offline runtime,PARTIAL_MISSING,"Offline-first contracts, browser fallback, sync/outbox, device safety latch, capture authorization and communications-package server support exist, but native Capacitor shell, encrypted SQLite, hardware keystore, native file vault, camera, GPS, biometric signing and local notifications remain explicitly unimplemented.",feature/native-field-runtime,"Implement device bindings and encrypted local persistence, then add device/offline E2E coverage."
HIGH,HOS / ELD compliance,PARTIAL_BLOCKED,"CAL05a adds versioned HOS profiles, rule figures, selectors, clocks and fail-closed determinations. All seeded HOS figures remain unverified; BC oil-well service and territorial schedules are deliberately empty, so conclusions remain UNKNOWN.",feature/hos-compliance-verification,"Verify each figure against authoritative clauses, complete jurisdiction/schedule coverage, add RODS/short-haul rules and keep UNKNOWN until verified."
HIGH,Multi-company isolation,PARTIAL,"Organizations and memberships now exist; request organization is resolved from active membership, and enforcement/release-policy/inbox paths have cross-tenant tests. The source explicitly says organization-wide isolation is not yet a system property and remaining tenant-scoped tables are still unscoped.",hardening/tenant-isolation-complete,Add organization ownership/scoping to every production-readable tenant table and negative cross-tenant tests at repository/query boundaries.
MEDIUM,Branch-scoped RBAC usability,PARTIAL,"Branch-confined grants fail closed when a resource branch is unresolved. CAL05a adds acting-scope/policy-scope work, but generic resource operations still require explicit scope resolution rather than inheriting a branch implicitly.",hardening/resource-scoped-procedures,Continue replacing generic gates with resource-aware scoped procedures where branch-scoped operational access is intended.
HIGH,Routing coverage,PARTIAL_BLOCKED,"A road graph can route over imported Alberta road data where loaded, but no province-wide routing source/service exists outside built areas; P0/P5 source is still missing and PostGIS/Valhalla/Martin/MapLibre are not deployed.",feature/provincial-routing-runtime,"Acquire/verify source rights, load province-wide coverage, deploy routing/map services and preserve UNKNOWN outside verified coverage."
HIGH,Jurisdiction boundary proof,BLOCKED_PARTIAL,"CAL05a deliberately downgrades source-wide province metadata to probable. No licence-cleared coordinate-level province/territory boundary layer is loaded, so province-limited communication/licence decisions can remain UNKNOWN.",data/province-boundary-layer,Review and ingest a permitted authoritative boundary source; produce confirmed/ambiguous results from geometry rather than source metadata.
MEDIUM,Database deployment,PARTIAL,"scripts/apply-migrations.sh still replays every SQL migration and keeps no applied-migration ledger. This is suitable for a disposable CI database, not repeat production upgrades.",hardening/production-migrations,"Use Drizzle/ledgered production migrations with backup, rollback/forward-fix and deployment runbooks."
MEDIUM,Browser/mobile QA,MISSING,The source still explicitly states browser/mobile end-to-end tests are not implemented.,test/e2e-browser-mobile,Add authenticated office/field/customer/vendor/facility flows plus offline/reconnect/native-device scenarios.
MEDIUM,Licensing/repository policy,DECISION_REQUIRED,package.json still declares MIT while no authoritative LICENSE file is present.,repo/licensing-decision,Keep private until a deliberate proprietary/open-source decision; add the correct LICENSE and third-party notices.
MEDIUM,Session cookies,REVIEW,Development SameSite/Secure cookie behavior from the earlier audit still requires browser verification; no new CAL05a evidence closes that review.,hardening/session-cookie-matrix,Add local HTTP and production HTTPS authentication/browser tests and define explicit development behavior.
LOW,Voice transcription security,DEFERRED_REVIEW,The server-side audio URL fetch helper remains a future SSRF concern if exposed; no evidence shows it became a production router surface.,hardening/voice-url-ingest,Use storage object IDs/signed URLs or strict scheme/host/size/time allowlists before exposure.
MEDIUM,Disposal facility intelligence,PARTIAL,"The disposal directory and facility records exist, but structured provenance/licensing, normalized facility metadata, verified restrictions and authoritative route handoff remain incomplete.",feature/disposal-facility-intelligence,Normalize facility type/jurisdiction/permit/source/provenance fields and connect verified facility access rules to routing.
HIGH,HOS short-haul / RODS UX,MISSING_PARTIAL,"No home-terminal geofence, air/road-mile radius engine, daily-return/release workflow or explicit short-haul/RODS decision surface was found, despite the new generic HOS engine.",feature/hos-short-haul,"Build only from verified rules; add home-terminal context, radius computation, daily-return checks, RODS escalation and tests."
MEDIUM,Automatic trip billing,PARTIAL,"Rate cards, pricing decisions, invoice lines and trip facts exist, but no authoritative deterministic flow was found that automatically proposes billable lines from verified distance/time/disposal facts.",feature/trip-to-billing-lines,Build measurement-to-charge proposals with evidence/provenance and human review; never silently post billing.
MEDIUM,Trip package automation,PARTIAL,"Audit manifests, covers and communications packages exist, but automatic post-trip operational package generation and downloadable archive bundles remain incomplete.",feature/trip-package-export,Create deterministic trip/audit ZIP/PDF bundles with manifest verification and chain-of-custody.
LOW,Operator document expiry,MOSTLY_PRESENT,"Credential/document validity, warning windows and readiness consequences are substantially implemented; remaining work is jurisdiction/document-class coverage rather than a missing core.",cleanup/credential-coverage,Audit required credential classes and expiry rules by jurisdiction; keep the core marked implemented.
MEDIUM,Digital safety binder,MISSING,No authoritative unit-level safety-binder completeness engine/task queue was found as a production feature.,feature/digital-safety-binder,Build requirements-derived completeness scoring with evidence links and office follow-up tasks.
RESOLVED,Critical defect dispatch/mechanic release,IMPLEMENTED,"Critical defects, work-order progression, mechanic release, enforcement and dispatch readiness are implemented with tests.",,Retain regression coverage.
LOW,Workflow version traceability,MOSTLY_PRESENT,Versioned workflow rules exist. Pilot/product-decision governance is still an operational process rather than a product workflow.,ops/pilot-governance,Keep source versioning; run pilot governance as an operational process.
MEDIUM,Site-duration baselines,MISSING,No production site-specific statistical baseline/alert engine for setup/load/unload duration anomalies was found.,feature/site-duration-baselines,"Add per-site/task baselines, minimum sample sizes and non-punitive anomaly review."
MEDIUM,External alerts,MISSING,Customer alerts remain queued in-app; the source explicitly states email/SMS delivery is not implemented.,feature/notification-delivery,"Add provider abstraction, consent/preferences, retries, delivery receipts and failure handling."
MEDIUM,Commercial contracts depth,MISSING_PARTIAL,"Contracts/MSAs as first-class records, WBS below cost code and earned-value schedules remain explicitly unimplemented.",feature/commercial-contracts-wbs,Add only where customer requirements justify it; preserve approved terms/rate-card authority.
MEDIUM,AI rate-sheet extraction,PARTIAL,"A proposal path exists, but automatic AI extraction from uploaded rate sheets is explicitly not implemented.",feature/rate-sheet-extraction,"Add typed extraction with evidence spans, confidence, approval and versioned commit."
MEDIUM,Machine inbound AP/facility tickets,MISSING,Inbound vendor bills/facility tickets by machine remain unimplemented; portal paths exist.,feature/inbound-commercial-integrations,Add scoped idempotent feeds with quarantine and human verification.
HIGH,GPS/route-derived field data,MISSING_PARTIAL,Native GPS remains unimplemented and the source still names GPS on the board/route-derived segments as P0.,feature/native-gps-routing,"Depends on native runtime and routing coverage; add provenance, buffering and offline replay."
MEDIUM,Video evidence storage,PARTIAL,Video records retain pointers/hashes; clips are not stored in the vault.,feature/video-vault,"Add encrypted object storage, retention/legal hold and access audit if custody is required."
HIGH,Verified speed limits,BLOCKED_PARTIAL,Posted speed limits from a verified source remain absent; feed-supplied values are explicitly unverified.,data/verified-speed-source,Obtain/licence an authoritative source and keep unverified feed values advisory only.
MEDIUM,Payroll offboarding,MISSING,Final-pay computation remains proposal-only.,feature/final-pay,Implement only after jurisdiction rules are verified; require payroll approval and auditable calculations.
LOW,Fluids inventory,MISSING,Fluids as measured inventory remain explicitly unimplemented; parts inventory exists.,feature/fluids-inventory,Add measured container/tank/UOM ledger if operationally required.
MEDIUM,Audit package export,PARTIAL,"Hashed manifests and rendered covers exist, but downloadable package archives remain explicitly unimplemented.",feature/audit-package-export,Build deterministic ZIP/PDF export with manifest verification.
HIGH,Communications offline client,MISSING_PARTIAL,"B22.19 seals, hashes, serves and acknowledges communications packages, but the package is not persisted into the native encrypted field vault and cannot yet be read with no network.",feature/offline-comms-vault,"Persist accepted packages to the encrypted native vault, verify hash/version on read and expose a true offline driver view."
MEDIUM,Communications rebuild/notification,MISSING,LeaseOS detects stale communication packages but does not rebuild them automatically or notify a driver who has already left.,feature/comms-staleness-notification,Add controlled rebuild scheduling and driver/dispatch notifications without auto-authorizing changed content.
HIGH,Communications data importers,BLOCKED_PARTIAL,"No importer exists for ISED spectrum, BC resource-road radio maps or CRTC coverage; channels are seeded/entered manually and coverage is recorded manually.",data/comms-importers,"Clear licensing first, then implement provenance-preserving importers and refresh schedules."
MEDIUM,Communications driver UX,MISSING,The B22.19 checkpoint explicitly says the dedicated driver screen/call-reminder workflow does not exist.,feature/comms-driver-screen,"Build offline-first route communications screen; keep prompt delivered, driver confirmed and transmission verified as separate facts."
MEDIUM,Communication policy activation,HUMAN_REQUIRED,No company communication policy is seeded. Dispatch therefore warns and does not block until two people approve a policy.,ops/comms-policy-approval,Have authorized company personnel configure and approve policy; do not ship a guessed default.
MEDIUM,Engine reachability debt,PARTIAL,The source gate tracks 40 engines that are not reachable from an application path and requires each to have a declared reason. This prevents silent drift but leaves deliberate implementation/deprecation debt.,cleanup/engine-reachability,Review the declared unreachable list; wire engines that are authoritative and remove/retire redundant or reserved engines.
MEDIUM,Messaging attachment coverage,PARTIAL,"Message attachments are authorization-checked for job, defect and unit. Invoice/financial attachments are deliberately not supported because row-level financial authorization is not yet implemented for the message path.",feature/message-financial-attachments,Add explicit financial row-level attachment authorization only if needed; keep default deny.
MEDIUM,Reserved workflow schema,PARTIAL,"workflowInstances, workflowTransitions and billingAuthorityBands exist in schema but the current-state document says they have no reachable production behavior.",cleanup/workflow-reserved-schema,Implement their intended runtime behavior or mark/deprecate them explicitly before they become misleading schema surface.
BLOCKED,Regulatory rule verification,HUMAN_REQUIRED,"Regulatory, tax, rate and HOS seed rules remain unverified; determinations must stay UNKNOWN until an authorized person verifies the sources.",governance/regulatory-source-verification,Controller/management verification against authoritative clauses is required.
BLOCKED,External source permissions,HUMAN_REQUIRED,AER ST37/ST102 and Alberta 511 remain inspection-only pending written permission; ISED/BC/CRTC/StatsCan sources also require licence review before ingestion where applicable.,governance/data-licensing,Obtain and record written permission/licence terms before ingestion or commercial use.
BLOCKED,Original spatial branch/source,SOURCE_NOT_SUPPLIED,The original P0/P5 spatial/routing source branch was never supplied. CAL05a adds newer routing work but does not reconstruct the missing historical source.,recovery/spatial-source,Recover the actual source/ZIP or deliberately replace it; do not fabricate history from prose.
MEDIUM,v22.20 checkpoint traceability,DOCUMENTATION_GAP,"The source and current-state file identify v22.20 work, while the supplied release checkpoint series stops at B22.19 and includes an UNRELEASED 0079 candidate. There is no supplied authoritative B22.20 checkpoint document.",docs/v22.20-checkpoint,Create a new checkpoint prospectively from the actual current source and gate results; do not backdate or invent missing history.
LOW,Pilot operations,NOT_CODE,"Driver/office pilot, usability review and recurring compliance/process audits are operational work rather than missing source code.",ops/six-month-pilot,Run after a release candidate and record outcomes as versioned change decisions.
