"facilityKey","name","operatorKey","parentCompany","province","municipality","legalLocation","physicalAddress","latitude","longitude","coordinatePrecision","lifecycle","commercialAccess","phone","dispatchPhone","afterHoursPhone","email","websiteUrl"
"secure-fox-creek-lead","SECURE Fox Creek facility lead","secure","","AB","Fox Creek","","","54.395","-116.802","community_only","","","1-877-518-4321","","","","https://secure.ca/facilities-and-landfills"
"secure-edson-lead","SECURE Edson facility lead","secure","","AB","Edson","","","53.5817","-116.4356","community_only","","","1-877-518-4321","","","","https://secure.ca/facilities-and-landfills"
"secure-whitecourt-lead","SECURE Whitecourt facility lead","secure","","AB","Whitecourt","","","54.142","-115.685","community_only","","","1-877-518-4321","","","","https://secure.ca/facilities-and-landfills"
"secure-grande-prairie-lead","SECURE Grande Prairie facility lead","secure","","AB","Grande Prairie","","","55.17","-118.795","community_only","","","1-877-518-4321","","","","https://secure.ca/facilities-and-landfills"
"secure-fort-st-john-lead","SECURE Fort St. John facility lead","secure","","BC","Fort St. John","","","56.246","-120.847","community_only","","","1-877-518-4321","","","","https://secure.ca/facilities-and-landfills"
"secure-rycroft-lead","SECURE Rycroft facility lead","secure","","AB","Rycroft","","","55.759","-118.711","community_only","","","1-877-518-4321","","","","https://secure.ca/facilities-and-landfills"
"secure-willingdon-lead","SECURE Willingdon facility lead","secure","","AB","Willingdon","","","53.828","-112.119","community_only","","","1-877-518-4321","","","","https://secure.ca/facilities-and-landfills"
"secure-kindersley-lead","SECURE Kindersley facility lead","secure","","SK","Kindersley","","","51.467","-109.157","community_only","","","1-877-518-4321","","","","https://secure.ca/facilities-and-landfills"
"r360-atmore-lead","R360 Atmore cavern/SWD lead","waste-connections-r360","","AB","Atmore","","","54.8","-112.54","community_only","","","","","","","https://www.wasteconnectionscanada.com/"
"r360-brazeau-lead","R360 Brazeau TRD lead","waste-connections-r360","","AB","Brazeau County","","","53.22","-115.13","community_only","","","","","","","https://www.wasteconnectionscanada.com/"
"r360-buck-creek-lead","R360 Buck Creek TRD lead","waste-connections-r360","","AB","Buck Creek","","","53.23","-115.59","community_only","","","","","","","https://www.wasteconnectionscanada.com/"
"r360-west-edson-lead","R360 West Edson TRD lead","waste-connections-r360","","AB","Edson","","","53.5817","-116.4356","community_only","","","","","","","https://www.wasteconnectionscanada.com/"
"r360-elk-point-lead","R360 Elk Point landfill lead","waste-connections-r360","","AB","Elk Point","","","53.9","-110.9","community_only","","","","","","","https://www.wasteconnectionscanada.com/"
"r360-willesden-green-lead","R360 Willesden Green landfill lead","waste-connections-r360","","AB","Willesden Green","","","52.34","-114.47","community_only","","","","","","","https://www.wasteconnectionscanada.com/"
"r360-unity-lead","R360 Unity cavern lead","waste-connections-r360","","SK","Unity","","","52.445","-109.168","community_only","","","","","","","https://www.wasteconnectionscanada.com/"
"clean-harbors-ryley-lead","Clean Harbors Ryley Technical Services lead","clean-harbors","","AB","Ryley","","","53.288","-112.428","community_only","","","","","","","https://www.cleanharbors.com/"
"aquatera-gp-septage-lead","Aquatera Grande Prairie septage receiving lead","aquatera","","AB","Grande Prairie","","","55.17","-118.795","community_only","","","","","","","https://www.aquatera.ca/"
"edson-septage-lead","Edson wastewater/septage receiving lead","town-edson","","AB","Edson","","","53.5817","-116.4356","community_only","","","","","","","https://www.edson.ca/"
"west-yellowhead-landfill-lead","West Yellowhead Regional Landfill lead","yellowhead-region","","AB","Hinton","","","53.4001","-117.5857","community_only","","","","","","","https://yhcounty.ca/"
"peers-transfer-lead","Peers Transfer Station lead","yellowhead-county","","AB","Peers","","","53.658","-116.005","community_only","","","","","","","https://yhcounty.ca/"
"clairmont-crwm-lead","Clairmont Centre for Recycling and Waste Management lead","county-grande-prairie","","AB","Clairmont","","","55.261","-118.793","community_only","","","","","","","https://www.countygp.ab.ca/"
"gfl-edson-service","GFL Edson service location","gfl","","AB","Edson","","","53.5817","-116.4356","community_only","","","","","","","https://gflenv.com/"
"prairie-disposal-service","Prairie Disposal service location lead","prairie-disposal","","AB","Grande Prairie","","","55.17","-118.795","community_only","","","","","","",""
"gfl-nisku-lead","GFL Environmental Nisku industrial hub lead","gfl","","AB","Nisku","","","53.33","-113.55","community_only","","","","","","","https://gflenv.com/"
"gfl-calgary-lead","GFL Environmental Calgary industrial hub lead","gfl","","AB","Calgary","","","51.05","-114.07","community_only","","","","","","","https://gflenv.com/"
"clean-harbors-nisku-lead","Clean Harbors Nisku lead","clean_harbors","","AB","Nisku","","","53.33","-113.55","community_only","","","","","","","https://www.cleanharbors.com/"
"clean-harbors-fort-mcmurray-lead","Clean Harbors Fort McMurray lead","clean_harbors","","AB","Fort McMurray","","","56.73","-111.38","community_only","","","","","","","https://www.cleanharbors.com/"
"wm-thorhild-landfill-lead","WM Thorhild Landfill lead","waste_management","","AB","Thorhild","","","54.16","-113.12","community_only","","","","","","","https://www.wm.com/"
"wm-pembina-landfill-lead","WM Pembina Landfill lead","waste_management","","AB","Drayton Valley","","","53.22","-114.98","community_only","","","","","","","https://www.wm.com/"
"aquatera-grande-prairie-landfill-lead","Aquatera Utilities landfill lead","aquatera","","AB","Grande Prairie","","","55.17","-118.8","community_only","","","","","","","https://www.aquatera.ca/"
"county-gp-regional-landfill-ambiguous","Regional Landfill (County of Grande Prairie No. 1) — ambiguous","county_of_grande_prairie","","AB","Grande Prairie","","","","","unknown","","","","","","","https://www.countygp.ab.ca/"
"secure-nosehill-ambiguous","SECURE Nosehill — ambiguous location","secure","","AB","","","","","","unknown","","","","","","","https://secure.ca/facilities-and-landfills"
"recycle-west-service","Recycle West (service — bulk liquid industrial waste)","recycle_west","","AB","","","","","","unknown","","","","","","",""
"heartland-disposal-edson-service","Heartland Disposal & Recycling (service — Edson & Central AB)","heartland_disposal","","AB","Edson","","","53.58","-116.44","community_only","","","","","","",""
"elite-vac-steam-grande-prairie-service","Elite Vac & Steam (hauler — Grande Prairie & Peace Region)","elite_vac_steam","","AB","Grande Prairie","","","55.17","-118.8","community_only","","","","","","",""
"norm-survey-canada-service","NORM Survey of Canada (service — NORM disposal)","norm_survey","","AB","","","","","","unknown","","","","","","",""
"r360-atmore-east-swd","R360 Atmore East SWD","r360","Waste Connections","AB","","11-21-067-17 W4M","","54.794","-112.4982","approximate_site","operating","commercial_preapproval_required","780-404-4209","1-855-591-5360","","AtmoreSWD@r360canada.com","https://www.r360canada.com/"
"r360-atmore-west-cavern","R360 Atmore West Cavern","r360","Waste Connections","AB","","11-23-067-18 W4M","","54.794","-112.5985","approximate_site","operating","commercial_preapproval_required","780-404-6799","1-855-591-5360","","AtmoreCavern@r360canada.com","https://www.r360canada.com/"
"r360-berland-swd","R360 Berland SWD","r360","Waste Connections","AB","","09-19-059-23 W5M","","54.0981","-117.3806","approximate_site","operating","commercial_preapproval_required","825-606-9838","1-855-591-5360","","info@r360canada.com","https://www.r360canada.com/"
"r360-brazeau-trd","R360 Brazeau TRD","r360","Waste Connections","AB","","11-03-047-11 W5M","","53.0107","-115.5048","approximate_site","operating","commercial_preapproval_required","780-894-2291","1-855-591-5360","","info@r360canada.com","https://www.r360canada.com/"
"r360-buck-creek-trd","R360 Buck Creek TRD","r360","Waste Connections","AB","","12-05-047-06 W5M","","53.0107","-114.838","approximate_site","operating","commercial_preapproval_required","780-542-6738","1-855-591-5360","","info@r360canada.com","https://www.r360canada.com/"
"r360-conklin-trd","R360 Conklin TRD","r360","Waste Connections","AB","","15-12-077-09 W4M","","55.6385","-111.2391","approximate_site","operating","commercial_preapproval_required","780-404-6499","1-855-591-5360","","Conklin@r360canada.com","https://www.r360canada.com/"
"r360-elk-point-landfill","R360 Elk Point Landfill","r360","Waste Connections","AB","","06-15-055-06 W4M","","53.732","-110.7973","approximate_site","operating","commercial_preapproval_required","780-724-4333","1-855-591-5360","","info@r360canada.com","https://www.r360canada.com/"
"r360-fort-mcmurray-trd","R360 Fort McMurray TRD","r360","Waste Connections","AB","","02-05-084-06 W4M","","56.2221","-110.8938","approximate_site","operating","commercial_preapproval_required","780-405-3607","1-855-591-5360","","info@r360canada.com","https://www.r360canada.com/"
"r360-fox-creek-swd","R360 Fox Creek SWD","r360","Waste Connections","AB","","07-07-062-18 W5M","","54.3264","-116.6619","approximate_site","operating","commercial_preapproval_required","825-606-9840","1-855-591-5360","","info@r360canada.com","https://www.r360canada.com/"
"r360-fox-creek-terminal","R360 Fox Creek Terminal","r360","Waste Connections","AB","","13-36-062-20 W5M","","54.3917","-116.8523","approximate_site","operating","commercial_preapproval_required","780-622-3355","1-855-591-5360","","info@r360canada.com","https://www.r360canada.com/"
"r360-gordondale-trd","R360 Gordondale TRD","r360","Waste Connections","AB","","09-10-079-10 W6M","","55.8089","-119.4439","approximate_site","operating","commercial_preapproval_required","780-353-3770","1-855-591-5360","","info@r360canada.com","https://www.r360canada.com/"
"r360-kakwa-swd","R360 Kakwa SWD","r360","Waste Connections","AB","","01-29-061-04 W6M","","54.2793","-118.5479","approximate_site","operating","commercial_preapproval_required","780-783-3020","1-855-591-5360","","AdminKakwaSWD@r360canada.com","https://www.r360canada.com/"
"r360-la-glace-trd","R360 La Glace TRD","r360","Waste Connections","AB","","12-08-073-08 W6M","","55.287","-119.19","approximate_site","operating","commercial_preapproval_required","780-766-3111","1-855-591-5360","","info@r360canada.com","https://www.r360canada.com/"
"r360-la-glace-landfill","R360 La Glace Landfill","r360","Waste Connections","AB","","16-15-073-09 W6M","","55.3051","-119.2731","approximate_site","operating","commercial_preapproval_required","780-356-0007","1-855-591-5360","","info@r360canada.com","https://www.r360canada.com/"
"r360-lindbergh-cavern","R360 Lindbergh Cavern","r360","Waste Connections","AB","","05-26-056-05 W4M","","53.848","-110.6341","approximate_site","operating","commercial_preapproval_required","780-724-3002","1-855-591-5360","","info@r360canada.com","https://www.r360canada.com/"
"r360-moose-creek-swd","R360 Moose Creek SWD","r360","Waste Connections","AB","","15-08-053-16 W5M","","53.5508","-116.2965","approximate_site","operating","commercial_preapproval_required","587-792-1211","1-855-591-5360","","info@r360canada.com","https://www.r360canada.com/"
"r360-south-wapiti-trd","R360 South Wapiti TRD","r360","Waste Connections","AB","","15-13-069-06 W6M","","54.9571","-118.7648","approximate_site","operating","commercial_preapproval_required","780-539-6917","1-855-591-5360","","info@r360canada.com","https://www.r360canada.com/"
"r360-south-wapiti-landfill","R360 South Wapiti Landfill","r360","Waste Connections","AB","","16-24-069-06 W6M","","54.9716","-118.7588","approximate_site","operating","commercial_preapproval_required","780-539-7677","1-855-591-5360","","info@r360canada.com","https://www.r360canada.com/"
"r360-spirit-river-trd","R360 Spirit River TRD","r360","Waste Connections","AB","","12-31-077-05 W6M","","55.6929","-118.7663","approximate_site","operating","commercial_preapproval_required","780-765-2395","1-855-591-5360","","info@r360canada.com","https://www.r360canada.com/"
"r360-spirit-river-landfill","R360 Spirit River Landfill","r360","Waste Connections","AB","","04-31-077-05 W6M","","55.6857","-118.7661","approximate_site","operating","commercial_preapproval_required","780-765-3745","1-855-591-5360","","info@r360canada.com","https://www.r360canada.com/"
"r360-west-edson-trd","R360 West Edson TRD","r360","Waste Connections","AB","","07-18-053-18 W5M","","53.558","-116.6133","approximate_site","operating","commercial_preapproval_required","780-723-1912","1-855-591-5360","","info@r360canada.com","https://www.r360canada.com/"
"r360-willesden-green-terminal","R360 Willesden Green Terminal","r360","Waste Connections","AB","","14-07-043-06 W5M","","52.6808","-114.8495","approximate_site","operating","commercial_preapproval_required","403-844-8641","1-855-591-5360","","info@r360canada.com","https://www.r360canada.com/"
"r360-willesden-green-landfill","R360 Willesden Green Landfill","r360","Waste Connections","AB","","SW-12-043-07 W5M","","52.6736","-114.8732","approximate_site","operating","commercial_preapproval_required","403-845-2336","1-855-591-5360","","AdminWillesdenGreenLF@r360canada.com","https://www.r360canada.com/"
"r360-kindersley-trd","R360 Kindersley TRD","r360","Waste Connections","SK","","16-16-030-23 W3M","","51.5644","-109.1425","approximate_site","operating","commercial_preapproval_required","306-463-6220","1-855-591-5360","","info@r360canada.com","https://www.r360canada.com/"
"r360-unity-cavern","R360 Unity Cavern","r360","Waste Connections","SK","","15-04-040-22 W3M","","52.4054","-109.0658","approximate_site","operating","commercial_preapproval_required","306-228-3001","1-855-591-5360","","info@r360canada.com","https://www.r360canada.com/"
"r360-silverberry-trd","R360 Silverberry TRD","r360","Waste Connections","BC","","16-07-088-20 W6M","","56.5955","-121.1281","approximate_site","operating","commercial_preapproval_required","250-827-6852","1-855-591-5360","","AdminSilverberryTRD@r360canada.com","https://www.r360canada.com/"
"r360-silverberry-landfill","R360 Silverberry Landfill","r360","Waste Connections","BC","","A-08-088-20 W6M","","","","unknown","operating","commercial_preapproval_required","250-827-6834","1-855-591-5360","","SilverberryLF@r360canada.com","https://www.r360canada.com/"
"r360-south-taylor-trd","R360 South Taylor TRD","r360","Waste Connections","BC","","08-31-081-17 W6M","","56.0373","-120.6169","approximate_site","operating","commercial_preapproval_required","250-789-3603","1-855-591-5360","","info@r360canada.com","https://www.r360canada.com/"
"r360-tower-lake-swd","R360 Tower Lake SWD","r360","Waste Connections","BC","","09-28-081-17 W6M","","56.0264","-120.5644","approximate_site","operating","commercial_preapproval_required","250-262-6771","1-855-591-5360","","AdminTowerSWD@r360canada.com","https://www.r360canada.com/"
"r360-mile-103-swd","R360 Mile 103 SWD","r360","Waste Connections","BC","","D-096-K/094-A-12","","","","unknown","operating","commercial_preapproval_required","250-772-3075","1-855-591-5360","","info@r360canada.com","https://www.r360canada.com/"
"secure-fox-creek-east-landfill","SECURE Fox Creek East Landfill","secure","","AB","Fox Creek","02-06-062-18 W5M","","54.3083","-116.6607","approximate_site","operating","commercial_preapproval_required","780-622-2981","1-866-391-0444","1-877-518-4321","foxcreeklf@secure.ca","https://secure.ca/facilities-and-landfills"
"secure-janvier-landfill","SECURE Janvier Landfill","secure","","AB","Janvier","04-03-081-06 W4M","","55.9611","-110.8491","approximate_site","operating","commercial_preapproval_required","780-808-4239","1-866-391-0444","1-877-518-4321","","https://secure.ca/facilities-and-landfills"
"secure-pembina-landfill","SECURE Pembina Landfill","secure","","AB","Drayton Valley","01-18-050-11 W5M","","53.2934","-115.5752","approximate_site","operating","commercial_preapproval_required","780-542-4733","1-866-391-0444","1-877-518-4321","pembinalf@secure.ca","https://secure.ca/facilities-and-landfills"
"secure-saddle-hills-landfill","SECURE Saddle Hills Landfill","secure","","AB","Bonanza","16-31-078-11 W6M","","55.7835","-119.6743","approximate_site","operating","commercial_preapproval_required","855-306-3486","1-866-391-0444","1-877-518-4321","saddlehillslf@secure.ca","https://secure.ca/facilities-and-landfills"
"secure-south-grande-prairie-wpf","SECURE South Grande Prairie WPF","secure","","AB","Grovedale","06-36-068-06 W6M","","54.9064","-118.7701","approximate_site","operating","commercial_preapproval_required","866-206-5395","1-866-391-0444","1-877-518-4321","southgplandfill@secure.ca","https://secure.ca/facilities-and-landfills"
"secure-tulliby-lake","SECURE Tulliby Lake","secure","","AB","Marwayne","07-36-055-03 W4M","","53.7755","-110.3027","approximate_site","operating","commercial_preapproval_required","855-306-1442","1-866-391-0444","1-877-518-4321","tullibylf@secure.ca","https://secure.ca/facilities-and-landfills"
"secure-judy-creek-wpf","SECURE Judy Creek WPF","secure","","AB","Whitecourt","01-03-064-10 W5M","","54.4823","-115.3967","approximate_site","operating","commercial_preapproval_required","855-391-9739 ext. 6180","1-866-391-0444","780-225-2000","","https://secure.ca/facilities-and-landfills"
"secure-obed-wpf","SECURE Obed WPF","secure","","AB","Hinton","16-26-052-23 W5M","","53.5073","-117.2361","approximate_site","operating","commercial_preapproval_required","866-765-0798","1-866-391-0444","780-225-2000","","https://secure.ca/facilities-and-landfills"
"secure-deerhill-edson-wpf","SECURE Deerhill / Edson WPF","secure","","AB","Edson","08-01-055-18 W5M","","53.703","-116.4941","approximate_site","operating","commercial_preapproval_required","587-466-9831","1-866-391-0444","1-877-518-4321","","https://secure.ca/facilities-and-landfills"
"secure-nosehill-swd","SECURE Nosehill SWD","secure","","AB","Edson","11-21-055-20 W5M","","53.7501","-116.8758","approximate_site","operating","commercial_preapproval_required","587-466-9831","1-866-391-0444","1-877-518-4321","","https://secure.ca/facilities-and-landfills"
"secure-marshall-landfill","SECURE Marshall Landfill","secure","","SK","","02-21-048-26 W3M","","53.1339","-109.6959","approximate_site","operating","commercial_preapproval_required","306-387-6507","1-866-391-0444","1-877-518-4321","marshall@secure.ca","https://secure.ca/facilities-and-landfills"
"secure-northern-rockies-landfill","SECURE Northern Rockies Landfill","secure","","BC","Fort Nelson","A-77-G/94-J-10","","","","unknown","operating","commercial_preapproval_required","250-774-3027","1-866-391-0444","1-877-518-4321","norocklf@secure.ca","https://secure.ca/facilities-and-landfills"
"virden-facility-conflicting","Virden waste facility — status conflicting (SECURE: no longer in operation; Town of Virden: managed by LOCAL Industrial Partners)","unknown","","MB","Virden","","","49.85","-100.93","community_only","conflicting","unknown","","","","","https://secure.ca/facilities-and-landfills"
"clean-harbors-ryley","Clean Harbors Ryley","clean_harbors","","AB","Ryley","","50114 Range Road 173, Ryley, AB T0B 4A0","","","unknown","operating","commercial_preapproval_required","780-663-3828","","","","https://www.cleanharbors.com/"
"pure-environmental-fort-kent","Pure Environmental Fort Kent (WM 212)","pure_environmental","","AB","Fort Kent","09-14-063-04 W4M","","54.4315","-110.4753","approximate_site","operating","commercial_preapproval_required","587-792-0855","","","","https://www.alberta.ca/system/files/epa-facilities-list-hydrovac-waste.pdf"
"voda-grande-cache","Voda Grande Cache (WM 074)","voda_midstream","","AB","Grande Cache","01-19-057-05 W6M","","53.9168","-118.7149","approximate_site","operating","commercial_preapproval_required","403-827-4801 (Dan Humphries, dhumphries@vodamidstream.com)","","","","https://www.alberta.ca/system/files/epa-facilities-list-hydrovac-waste.pdf"
"voda-paddle-river","Voda Paddle River (WM 060)","voda_midstream","","AB","Paddle River","16-31-056-08 W5M","","53.8697","-115.1554","approximate_site","operating","commercial_preapproval_required","780-674-0654 (Bill Hughes, bhughes@vodamidstream.com)","","","","https://www.alberta.ca/system/files/epa-facilities-list-hydrovac-waste.pdf"
"recover-lodgepole","Recover Inc. Lodgepole (WM 189)","recover","","AB","Brazeau County","15-28-047-09 W5M","9309 Township Road 475, Brazeau County","53.0723","-115.2362","approximate_site","operating","commercial_preapproval_required","780-514-5698","","1-844-732-6864","","https://www.alberta.ca/system/files/epa-facilities-list-hydrovac-waste.pdf"
"gfl-edmonton-84-ave","GFL Liquid Waste Processing — Edmonton 84 Ave","gfl","","AB","Edmonton","","4208 84 Ave NW, Edmonton","","","unknown","operating","commercial_preapproval_required","780-485-5000","","","","https://www.alberta.ca/system/files/epa-facilities-list-hydrovac-waste.pdf"
"gfl-edmonton-27-st","GFL Environmental Services — Edmonton 27 St","gfl","","AB","Edmonton","","6110 27 St, Edmonton","","","unknown","operating","commercial_preapproval_required","780-233-4499 (Ryan Lambie)","","","","https://www.alberta.ca/system/files/epa-facilities-list-hydrovac-waste.pdf"
"kbl-hydrovac-edmonton","KBL Hydrovac Edmonton","kbl","","AB","Edmonton","","4810 68 Ave, Edmonton","","","unknown","operating","commercial_preapproval_required","780-452-7779","","","","https://www.alberta.ca/system/files/epa-facilities-list-hydrovac-waste.pdf"
"one-environmental-east","One Environmental East","one_environmental","","AB","Edmonton","","13145 24 St NE, Edmonton","","","unknown","operating","commercial_preapproval_required","780-271-8166","","","","https://www.alberta.ca/system/files/epa-facilities-list-hydrovac-waste.pdf"
"one-environmental-west","One Environmental West","one_environmental","","AB","Edmonton","","22132 113 Ave NW, Edmonton","","","unknown","operating","commercial_preapproval_required","780-271-8166","","","","https://www.alberta.ca/system/files/epa-facilities-list-hydrovac-waste.pdf"
"one-environmental-rocky-view","One Environmental Rocky View (TDG 4.1 / 8 / 9)","one_environmental","","AB","Rocky View County","","261131 Wagon Wheel Way, Rocky View County","","","unknown","operating","commercial_preapproval_required","587-777-8604","","","","https://www.alberta.ca/system/files/epa-facilities-list-hydrovac-waste.pdf"
"harbour-environmental-edmonton","Harbour Environmental Edmonton","harbour_environmental","","AB","Edmonton","","4011 84 Ave NW, Edmonton","","","unknown","operating","commercial_preapproval_required","587-855-1444","","","","https://www.alberta.ca/system/files/epa-facilities-list-hydrovac-waste.pdf"
"dispovac-edmonton","DispoVac Edmonton","dispovac","","AB","Edmonton","","8336 1 St, Edmonton","","","unknown","operating","commercial_preapproval_required","587-876-5866","","403-854-1184","","https://www.alberta.ca/system/files/epa-facilities-list-hydrovac-waste.pdf"
"mdx-recycling-edmonton","MDX Recycling","mdx_recycling","","AB","Edmonton","","12125 Mt Lawn Rd NW, Edmonton","","","unknown","operating","commercial_preapproval_required","780-235-1098","","","","https://www.alberta.ca/system/files/epa-facilities-list-hydrovac-waste.pdf"
"reearth-leduc-county","ReEarth","reearth","","AB","Leduc County","","49432 Range Road 244, Leduc County","","","unknown","operating","commercial_preapproval_required","780-982-0055","","","","https://www.alberta.ca/system/files/epa-facilities-list-hydrovac-waste.pdf"
"envirosort-red-deer-county","EnviroSORT (Clean Harbors) Red Deer County","clean_harbors","","AB","Red Deer County","","4229 Hewlett Drive, Red Deer County","","","unknown","operating","commercial_preapproval_required","403-342-7823; facility GM 403-350-1411","","","","https://www.alberta.ca/system/files/epa-facilities-list-hydrovac-waste.pdf"
"calgary-aggregate-recycling","Calgary Aggregate Recycling","calgary_aggregate_recycling","","AB","Calgary","","6020 94 Ave SE, Calgary","","","unknown","operating","commercial_preapproval_required","403-279-8330","","","","https://www.alberta.ca/system/files/epa-facilities-list-hydrovac-waste.pdf"
"harbour-environmental-calgary","Harbour Environmental Calgary","harbour_environmental","","AB","Calgary","","9595 Enterprise Way SE, Calgary","","","unknown","operating","commercial_preapproval_required","587-324-2768 (cgy.admin@harbourenvgroup.ca)","","","","https://www.alberta.ca/system/files/epa-facilities-list-hydrovac-waste.pdf"
"gfl-calgary-44-st","GFL Calgary","gfl","","AB","Calgary","22-23-29-W4M","9611 44 St SE, Calgary","50.9628","-113.9108","approximate_site","operating","commercial_preapproval_required","403-215-6916 (Tom Kereluk)","","","","https://www.alberta.ca/system/files/epa-facilities-list-hydrovac-waste.pdf"
"enerstar-tide-lake","Enerstar Petroleum Tide Lake","enerstar","","AB","Tide Lake","08-27-016-11 W4M","","50.3683","-111.4081","approximate_site","operating","commercial_preapproval_required","403-875-2721 (Lee Materi) / 403-317-3978 (Kyle James)","","","","https://www.alberta.ca/system/files/epa-facilities-list-hydrovac-waste.pdf"
"taber-water-disposal","Taber Water Disposal","taber_water_disposal","","AB","Taber","","6002 58 St, Taber, AB T1G 2B8","","","unknown","operating","commercial_preapproval_required","403-223-2658","","","","https://www.alberta.ca/system/files/epa-facilities-list-hydrovac-waste.pdf"
"alberta-village-environmental-edmonton","Alberta Village Environmental Services","alberta_village_environmental","","AB","Edmonton","","Building E, 6415 75 St, Edmonton","","","unknown","operating","commercial_preapproval_required","780-446-8444","","","","https://www.alberta.ca/system/files/epa-facilities-list-hydrovac-waste.pdf"
"clay-tech-services-edmonton","Clay Tech Services","clay_tech","","AB","Edmonton","","21815 115 Ave, Edmonton","","","unknown","operating","commercial_preapproval_required","780-395-1188","","","","https://www.alberta.ca/system/files/epa-facilities-list-hydrovac-waste.pdf"
"fort-mcmurray-hydrovac-receiving","Fort McMurray Hydrovac Waste Receiving Facility","unknown","","AB","Fort McMurray","","820 Memorial Dr, Fort McMurray","","","unknown","operating","commercial_preapproval_required","780-791-0326","","","","https://www.alberta.ca/system/files/epa-facilities-list-hydrovac-waste.pdf"
"hydrovac-waste-solutions-edmonton","Hydrovac Waste Solutions","hydrovac_waste_solutions","","AB","Edmonton","","5920 98 St, Edmonton","","","unknown","operating","commercial_preapproval_required","780-872-1245","","","","https://www.alberta.ca/system/files/epa-facilities-list-hydrovac-waste.pdf"
"hydrovac-waste-solutions-west","Hydrovac Waste Solutions West","hydrovac_waste_solutions","","AB","Edmonton","","12240 170 St NW, Edmonton","","","unknown","operating","commercial_preapproval_required","780-872-1245","","","","https://www.alberta.ca/system/files/epa-facilities-list-hydrovac-waste.pdf"
"seven-t-bar-ranch-edmonton","Seven T Bar Ranch","seven_t_bar_ranch","","AB","Edmonton","","24249 18 St NW, Edmonton","","","unknown","operating","commercial_preapproval_required","780-499-8814","","","","https://www.alberta.ca/system/files/epa-facilities-list-hydrovac-waste.pdf"
"solid-energy-edmonton","Solid Energy","solid_energy","","AB","Edmonton","","11023 201 St, Edmonton","","","unknown","operating","commercial_preapproval_required","780-915-3755","","","","https://www.alberta.ca/system/files/epa-facilities-list-hydrovac-waste.pdf"
"summit-disposal-acheson","Summit Disposal Solutions","summit_disposal","","AB","Acheson","","27113 87 Ave, Acheson","","","unknown","operating","commercial_preapproval_required","587-596-2224","","","","https://www.alberta.ca/system/files/epa-facilities-list-hydrovac-waste.pdf"
"westlock-regional-waste","Westlock Regional Waste Management Commission","westlock_regional","","AB","Westlock County","","59424 Range Road 262, Westlock County","","","unknown","operating","commercial_preapproval_required","780-307-2456","","","","https://www.alberta.ca/system/files/epa-facilities-list-hydrovac-waste.pdf"
"aqua-terra-fort-st-john","Aqua Terra Fort St. John (produced water incl. sour and frac flowback; non-hazardous waste)","aqua_terra","Canadian Aqua Terra","BC","Fort St. John","11-12-084-19 W6M","approx. 3.6 km north of Hwy 97 on 116 Street / West Bypass Road","56.2439","-120.8262","approximate_site","operating","commercial_preapproval_required","250-261-4311","1-888-538-3967","","","https://www.canadianaquaterra.com/"
"miller-vaughn-bullough-environmental-centre","Miller Environmental — Vaughn Bullough Environmental Centre","miller_environmental","","MB","Saint Jean Baptiste","","Hwy 14 & Hwy 75, Saint Jean Baptiste, MB R0G 2B0","49.26","-97.33","community_only","operating","commercial_preapproval_required","204-737-2045","204-925-9600","204-957-6327","inquiries@millerenvironmental.mb.ca","https://www.millerenvironmental.mb.ca/"
"clean-harbors-lambton","Clean Harbors Lambton / Sarnia (incineration, secure landfill, treatment)","clean_harbors","","ON","Corunna","","4090 Telfer Road, RR #1, Corunna, ON N0N 1G0","42.88","-82.43","community_only","operating","commercial_preapproval_required","519-864-3970; 519-864-1021","","1-800-645-8265","","https://www.cleanharbors.com/"
"stablex-blainville","Stablex Canada Blainville (hazardous treatment / stabilization / secure placement)","stablex","","QC","Blainville","","760 Boulevard Industriel, Blainville, QC J7C 3V4","45.67","-73.88","community_only","operating","commercial_preapproval_required","450-430-9230","","","info@stablex.com","https://www.stablex.com/"
