"facilityKey","name","municipality","province","facilityType","latitude","longitude","coordinatePrecision","disposition","coordinateSourceUrl"
"secure-fox-creek-lead","SECURE Fox Creek facility lead","Fox Creek","AB","industrial_waste","54.395","-116.802","community_only","approximate_facility","https://secure.ca/facilities-and-landfills"
"secure-edson-lead","SECURE Edson facility lead","Edson","AB","industrial_waste","53.5817","-116.4356","community_only","approximate_facility","https://secure.ca/facilities-and-landfills"
"secure-whitecourt-lead","SECURE Whitecourt facility lead","Whitecourt","AB","industrial_waste","54.142","-115.685","community_only","approximate_facility","https://secure.ca/facilities-and-landfills"
"secure-grande-prairie-lead","SECURE Grande Prairie facility lead","Grande Prairie","AB","industrial_waste","55.17","-118.795","community_only","approximate_facility","https://secure.ca/facilities-and-landfills"
"secure-fort-st-john-lead","SECURE Fort St. John facility lead","Fort St. John","BC","industrial_waste","56.246","-120.847","community_only","approximate_facility","https://secure.ca/facilities-and-landfills"
"secure-rycroft-lead","SECURE Rycroft facility lead","Rycroft","AB","industrial_waste","55.759","-118.711","community_only","approximate_facility","https://secure.ca/facilities-and-landfills"
"secure-willingdon-lead","SECURE Willingdon facility lead","Willingdon","AB","industrial_waste","53.828","-112.119","community_only","approximate_facility","https://secure.ca/facilities-and-landfills"
"secure-kindersley-lead","SECURE Kindersley facility lead","Kindersley","SK","industrial_waste","51.467","-109.157","community_only","approximate_facility","https://secure.ca/facilities-and-landfills"
"r360-atmore-lead","R360 Atmore cavern/SWD lead","Atmore","AB","cavern_swd","54.8","-112.54","community_only","approximate_facility","https://www.wasteconnectionscanada.com/"
"r360-brazeau-lead","R360 Brazeau TRD lead","Brazeau County","AB","trd","53.22","-115.13","community_only","approximate_facility","https://www.wasteconnectionscanada.com/"
"r360-buck-creek-lead","R360 Buck Creek TRD lead","Buck Creek","AB","trd","53.23","-115.59","community_only","approximate_facility","https://www.wasteconnectionscanada.com/"
"r360-west-edson-lead","R360 West Edson TRD lead","Edson","AB","trd","53.5817","-116.4356","community_only","approximate_facility","https://www.wasteconnectionscanada.com/"
"r360-elk-point-lead","R360 Elk Point landfill lead","Elk Point","AB","landfill","53.9","-110.9","community_only","approximate_facility","https://www.wasteconnectionscanada.com/"
"r360-willesden-green-lead","R360 Willesden Green landfill lead","Willesden Green","AB","landfill","52.34","-114.47","community_only","approximate_facility","https://www.wasteconnectionscanada.com/"
"r360-unity-lead","R360 Unity cavern lead","Unity","SK","salt_cavern","52.445","-109.168","community_only","approximate_facility","https://www.wasteconnectionscanada.com/"
"clean-harbors-ryley-lead","Clean Harbors Ryley Technical Services lead","Ryley","AB","class_i_landfill","53.288","-112.428","community_only","approximate_facility","https://www.cleanharbors.com/location/ryley"
"aquatera-gp-septage-lead","Aquatera Grande Prairie septage receiving lead","Grande Prairie","AB","septage_receiving","55.17","-118.795","community_only","approximate_facility","https://www.aquatera.ca/"
"edson-septage-lead","Edson wastewater/septage receiving lead","Edson","AB","septage_receiving","53.5817","-116.4356","community_only","approximate_facility","https://www.edson.ca/"
"west-yellowhead-landfill-lead","West Yellowhead Regional Landfill lead","Hinton","AB","class_ii_landfill","53.4001","-117.5857","community_only","approximate_facility","https://yhcounty.ca/"
"peers-transfer-lead","Peers Transfer Station lead","Peers","AB","transfer_station","53.658","-116.005","community_only","approximate_facility","https://yhcounty.ca/"
"clairmont-crwm-lead","Clairmont Centre for Recycling and Waste Management lead","Clairmont","AB","class_ii_landfill","55.261","-118.793","community_only","approximate_facility","https://www.countygp.ab.ca/"
"gfl-edson-service","GFL Edson service location","Edson","AB","service_location","53.5817","-116.4356","community_only","service_location","https://gflenv.com/"
"prairie-disposal-service","Prairie Disposal service location lead","Grande Prairie","AB","service_location","55.17","-118.795","community_only","service_location","https://www.google.com/maps/search/?api=1&query=Prairie+Disposal+Grande+Prairie"
"gfl-nisku-lead","GFL Environmental Nisku industrial hub lead","Nisku","AB","hazardous_liquid_waste","53.33","-113.55","community_only","approximate_facility","https://gflenv.com/"
"gfl-calgary-lead","GFL Environmental Calgary industrial hub lead","Calgary","AB","hazardous_liquid_waste","51.05","-114.07","community_only","approximate_facility","https://gflenv.com/"
"clean-harbors-nisku-lead","Clean Harbors Nisku lead","Nisku","AB","hazardous_waste","53.33","-113.55","community_only","approximate_facility","https://www.cleanharbors.com/"
"clean-harbors-fort-mcmurray-lead","Clean Harbors Fort McMurray lead","Fort McMurray","AB","hazardous_waste","56.73","-111.38","community_only","approximate_facility","https://www.cleanharbors.com/"
"wm-thorhild-landfill-lead","WM Thorhild Landfill lead","Thorhild","AB","class_ii_landfill","54.16","-113.12","community_only","approximate_facility","https://www.wm.com/"
"wm-pembina-landfill-lead","WM Pembina Landfill lead","Drayton Valley","AB","class_ii_landfill","53.22","-114.98","community_only","approximate_facility","https://www.wm.com/"
"aquatera-grande-prairie-landfill-lead","Aquatera Utilities landfill lead","Grande Prairie","AB","class_ii_landfill","55.17","-118.8","community_only","approximate_facility","https://www.aquatera.ca/"
"county-gp-regional-landfill-ambiguous","Regional Landfill (County of Grande Prairie No. 1) — ambiguous","Grande Prairie","AB","class_ii_landfill","","","unknown","ambiguous",""
"secure-nosehill-ambiguous","SECURE Nosehill — ambiguous location","","AB","trd","","","unknown","ambiguous",""
"recycle-west-service","Recycle West (service — bulk liquid industrial waste)","","AB","service","","","unknown","service_location",""
"heartland-disposal-edson-service","Heartland Disposal & Recycling (service — Edson & Central AB)","Edson","AB","service","53.58","-116.44","community_only","service_location","https://www.edson.ca/"
"elite-vac-steam-grande-prairie-service","Elite Vac & Steam (hauler — Grande Prairie & Peace Region)","Grande Prairie","AB","hauler","55.17","-118.8","community_only","service_location","https://www.cityofgp.com/"
"norm-survey-canada-service","NORM Survey of Canada (service — NORM disposal)","","AB","service","","","unknown","service_location",""
